cycle,day,currentState'N_f',currentState'N_s',currentState'N_L',currentState'W_f',currentState'W_s',currentState'W_L',currentState'A_L',prevState'N_f',prevState'N_s',prevState'N_L',prevState'W_f',prevState'W_s',prevState'W_L',prevState'A_L',d_Int'N_f',d_Int'N_s',d_Int'N_L',d_Int'W_f',d_Int'W_s',d_Int'W_L',d_Int'A_L',LAI
0,0,0.0,1.0,3.953634411343346,0.05,1.5,0.05,0.5,0.0,0.0,0.0,0.0,0.0,0.0,0.0,0.0,0.0,0.0,0.0,0.0,0.0,0.0,0.02886153120280643
24,1,0.0,1.0,3.953634411343346,0.05,1.5,0.05,0.5,0.0,1.0,3.953634411343346,0.05,1.5,0.05,0.5,-0.025,0.126,-0.02,0.0,0.0,0.0,0.0,0.02886153120280643
48,2,0.025,0.874,3.973634411343346,0.05,1.5,0.05,0.5,0.0,1.0,3.953634411343346,0.05,1.5,0.05,0.5,-0.03015,0.12285,-0.02251999999999997,0.0,0.0,0.0,0.0,0.02900753120280643
72,3,0.05515,0.75115,3.9961544113433463,0.05,1.5,0.05,0.5,0.025,0.874,3.973634411343346,0.05,1.5,0.05,0.5,-0.0312109,0.10317509999999999,-0.02283752000000004,0.0,0.0,0.0,0.0,0.02917192720280643
96,4,0.0863609,0.6479749,4.018991931343346,0.05,1.5,0.05,0.5,0.05515,0.75115,3.9961544113433463,0.05,1.5,0.05,0.5,-0.0314294454,0.0837634266,-0.02287752752000003,0.0,0.0,0.0,0.0,0.02933864109880643
120,5,0.1177903454,0.5642114734,4.041869458863347,0.05,1.5,0.05,0.5,0.0863609,0.6479749,4.018991931343346,0.05,1.5,0.05,0.5,-0.0314744657524,0.06680325387960001,-0.02288256846752,0.0,0.0,0.0,0.0,0.02950564704970243
144,6,0.14926481115239998,0.4974082195204,4.064752027330867,0.05,1.5,0.05,0.5,0.1177903454,0.5642114734,4.041869458863347,0.05,1.5,0.05,0.5,-0.0314837399449944,0.05228327944319759,-0.02288320362690764,0.0,0.0,0.0,0.0,0.02967268979951533
168,7,0.18074855109739438,0.4451249400772024,4.087635230957774,0.05,1.5,0.05,0.5,0.14926481115239998,0.4974082195204,4.064752027330867,0.05,1.5,0.05,0.5,-0.03148565042866885,0.03989911822129871,-0.02288328365699031,0.0,0.0,0.0,0.0,0.02983973718599175
192,8,0.21223420152606323,0.40522582185590367,4.110518514614765,0.05,1.5,0.05,0.5,0.18074855109739438,0.4451249400772024,4.087635230957774,0.05,1.5,0.05,0.5,-0.03148604398830579,0.02934423305744353,-0.02288329374078078,0.0,0.0,0.0,0.0,0.03000678515668779
216,9,0.24372024551436902,0.3758815887984601,4.133401808355545,0.05,1.5,0.05,0.5,0.21223420152606323,0.40522582185590367,4.110518514614765,0.05,1.5,0.05,0.5,-0.03148612506159099,0.02034970261903337,-0.02288329501133833,0.0,0.0,0.0,0.0,0.03017383320099548
240,10,0.27520637057596004,0.35553188617942677,4.1562851033668835,0.05,1.5,0.05,0.5,0.24372024551436902,0.3758815887984601,4.133401808355545,0.05,1.5,0.05,0.5,-0.03148614176268775,0.01268507749603501,-0.0228832951714286,0.0,0.0,0.0,0.0,0.03034088125457825
264,11,0.3066925123386478,0.34284680868339173,4.179168398538312,0.05,1.5,0.05,0.5,0.27520637057596004,0.35553188617942677,4.1562851033668835,0.05,1.5,0.05,0.5,-0.03148614520311369,0.00615376110393815,-0.02288329519160002,0.0,0.0,0.0,0.0,0.03050792930932968
288,12,0.33817865754176146,0.33669304757945356,4.202051693729913,0.05,1.5,0.05,0.5,0.3066925123386478,0.34284680868339173,4.179168398538312,0.05,1.5,0.05,0.5,-0.03148614591184141,0.00058818704384542,-0.02288329519414166,0.0,0.0,0.0,0.0,0.03067497736422836
312,13,0.36966480345360286,0.3361048605356082,4.224934988924054,0.05,1.5,0.05,0.5,0.33817865754176146,0.33669304757945356,4.202051693729913,0.05,1.5,0.05,0.5,-0.03148614605783933,-0.00415444124014281,-0.02288329519446184,0.0,0.0,0.0,0.0,0.0308420254191456
336,14,0.4011509495114422,0.340259301775751,4.247818284118516,0.05,1.5,0.05,0.5,0.36966480345360286,0.3361048605356082,4.224934988924054,0.05,1.5,0.05,0.5,-0.03148614608791491,-0.00819580721095509,-0.02288329519450214,0.0,0.0,0.0,0.0,0.03100907347406517
360,15,0.4326370955993571,0.34845510898670606,4.270701579313018,0.05,1.5,0.05,0.5,0.4011509495114422,0.340259301775751,4.247818284118516,0.05,1.5,0.05,0.5,-0.03148614609411047,-0.01163960202177437,-0.02288329519450725,0.0,0.0,0.0,0.0,0.03117612152898503
384,16,0.4641232416934676,0.36009471100848045,4.293584874507525,0.05,1.5,0.05,0.5,0.4326370955993571,0.34845510898670606,4.270701579313018,0.05,1.5,0.05,0.5,-0.03148614609538677,-0.01457418472105195,-0.02288329519450792,0.0,0.0,0.0,0.0,0.03134316958390494
408,17,0.4956093877888543,0.3746688957295324,4.316468169702033,0.05,1.5,0.05,0.5,0.4641232416934676,0.36009471100848045,4.293584874507525,0.05,1.5,0.05,0.5,-0.03148614609564967,-0.01707484927432711,-0.02288329519450803,0.0,0.0,0.0,0.0,0.03151021763882484
432,18,0.527095533884504,0.3917437450038595,4.339351464896541,0.05,1.5,0.05,0.5,0.4956093877888543,0.3746688957295324,4.316468169702033,0.05,1.5,0.05,0.5,-0.03148614609570385,-0.01920575640752643,-0.02288329519450803,0.0,0.0,0.0,0.0,0.03167726569374475
456,19,0.5585816799802079,0.4109495014113859,4.36223476009105,0.05,1.5,0.05,0.5,0.527095533884504,0.3917437450038595,4.339351464896541,0.05,1.5,0.05,0.5,-0.03148614609571499,-0.02102157980701991,-0.02288329519450803,0.0,0.0,0.0,0.0,0.03184431374866466
480,20,0.5900678260759229,0.43197108121840583,4.385118055285558,0.05,1.5,0.05,0.5,0.5585816799802079,0.4109495014113859,4.36223476009105,0.05,1.5,0.05,0.5,-0.03148614609571729,-0.02256890890773167,-0.02288329519450803,0.0,0.0,0.0,0.0,0.03201136180358457
504,21,0.6215539721716402,0.4545399901261375,4.408001350480066,0.05,1.5,0.05,0.5,0.5900678260759229,0.43197108121840583,4.385118055285558,0.05,1.5,0.05,0.5,-0.03148614609571777,-0.02388744426010754,-0.02288329519450803,0.0,0.0,0.0,0.0,0.03217840985850448
528,22,0.653040118267358,0.478427434386245,4.430884645674574,0.05,1.5,0.05,0.5,0.6215539721716402,0.4545399901261375,4.408001350480066,0.05,1.5,0.05,0.5,-0.03148614609571785,-0.02501101614579378,-0.02288329519450803,0.0,0.0,0.0,0.0,0.03234545791342439
552,23,0.6845262643630758,0.5034384505320388,4.453767940869082,0.05,1.5,0.05,0.5,0.653040118267358,0.478427434386245,4.430884645674574,0.05,1.5,0.05,0.5,-0.03148614609571791,-0.02596845257708068,-0.02288329519450803,0.0,0.0,0.0,0.0,0.0325125059683443
576,24,0.7160124104587937,0.5294069031091195,4.47665123606359,0.05,1.5,0.05,0.5,0.6845262643630758,0.5034384505320388,4.453767940869082,0.05,1.5,0.05,0.5,-0.03148614609571788,-0.02678431895077112,-0.02288329519450803,0.0,0.0,0.0,0.0,0.03267955402326421
600,25,0.7474985565545116,0.5561912220598907,4.4995345312580985,0.05,1.5,0.05,0.5,0.7160124104587937,0.5294069031091195,4.47665123606359,0.05,1.5,0.05,0.5,-0.03148614609571788,-0.02747954833411939,-0.02288329519450803,0.0,0.0,0.0,0.0,0.03284660207818412
624,26,0.7789847026502295,0.58367077039401,4.522417826452607,0.05,1.5,0.05,0.5,0.7474985565545116,0.5561912220598907,4.4995345312580985,0.05,1.5,0.05,0.5,-0.03148614609571788,-0.02807197855438268,-0.02288329519450803,0.0,0.0,0.0,0.0,0.03301365013310403
648,27,0.8104708487459473,0.6117427489483928,4.545301121647115,0.05,1.5,0.05,0.5,0.7789847026502295,0.58367077039401,4.522417826452607,0.05,1.5,0.05,0.5,-0.03148614609571788,-0.02857680987234409,-0.02288329519450803,0.0,0.0,0.0,0.0,0.03318069818802394
672,28,0.8419569948416652,0.6403195588207369,4.568184416841623,0.05,1.5,0.05,0.5,0.8104708487459473,0.6117427489483928,4.545301121647115,0.05,1.5,0.05,0.5,-0.03148614609571791,-0.02900699498255234,-0.02288329519450803,0.0,0.0,0.0,0.0,0.03334774624294385
696,29,0.8734431409373831,0.6693265538032892,4.591067712036131,0.05,1.5,0.05,0.5,0.8419569948416652,0.6403195588207369,4.568184416841623,0.05,1.5,0.05,0.5,-0.03148614609571788,-0.02937357134669742,-0.02288329519450803,0.0,0.0,0.0,0.0,0.03351479429786376
720,30,0.9049292870331009,0.6987001251499866,4.613951007230639,0.05,1.5,0.05,0.5,0.8734431409373831,0.6693265538032892,4.591067712036131,0.05,1.5,0.05,0.5,-0.03148614609571788,-0.02968594438695628,-0.02288329519450803,0.0,0.0,0.0,0.0,0.03368184235278367
744,31,0.9364154331288188,0.7283860695369428,4.6368343024251475,0.05,1.5,0.05,0.5,0.9049292870331009,0.6987001251499866,4.613951007230639,0.05,1.5,0.05,0.5,-0.03148614609571788,-0.02995212880533286,-0.02288329519450803,0.0,0.0,0.0,0.0,0.03384889040770358
768,32,0.9679015792245367,0.7583381983422757,4.659717597619656,0.05,1.5,0.05,0.5,0.9364154331288188,0.7283860695369428,4.6368343024251475,0.05,1.5,0.05,0.5,-0.03148614609571788,-0.03017895422063682,-0.02288329519450803,0.0,0.0,0.0,0.0,0.03401593846262348
792,33,0.9993877253202545,0.7885171525629124,4.682600892814164,0.05,1.5,0.05,0.5,0.9679015792245367,0.7583381983422757,4.659717597619656,0.05,1.5,0.05,0.5,-0.03148614609571791,-0.03037224039922536,-0.02288329519450803,0.0,0.0,0.0,0.0,0.0341829865175434
816,34,1.0308738714159724,0.8188893929621378,4.705484188008672,0.05,1.5,0.05,0.5,0.9993877253202545,0.7885171525629124,4.682600892814164,0.05,1.5,0.05,0.5,-0.03148614609571788,-0.03053694657548557,-0.02288329519450803,0.0,0.0,0.0,0.0,0.03435003457246331
840,35,1.0623600175116903,0.8494263395376234,4.72836748320318,0.05,1.5,0.05,0.5,1.0308738714159724,0.8188893929621378,4.705484188008672,0.05,1.5,0.05,0.5,-0.03148614609571788,-0.03067729869324362,-0.02288329519450803,0.0,0.0,0.0,0.0,0.03451708262738321
864,36,1.0938461636074082,0.880103638230867,4.751250778397688,0.05,1.5,0.05,0.5,1.0623600175116903,0.8494263395376234,4.72836748320318,0.05,1.5,0.05,0.5,-0.03148614609571788,-0.03079689783279289,-0.02288329519450803,0.0,0.0,0.0,0.0,0.03468413068230312
888,37,1.125332309703126,0.91090053606366,4.774134073592196,0.05,1.5,0.05,0.5,1.0938461636074082,0.880103638230867,4.751250778397688,0.05,1.5,0.05,0.5,-0.03148614609571788,-0.03089881260550464,-0.02288329519450803,0.0,0.0,0.0,0.0,0.03485117873722304
912,38,1.156818455798844,0.9417993486691646,4.797017368786705,0.05,1.5,0.05,0.5,1.125332309703126,0.91090053606366,4.774134073592196,0.05,1.5,0.05,0.5,-0.03148614609571791,-0.03098565788663318,-0.02288329519450803,0.0,0.0,0.0,0.0,0.03501822679214294
936,39,1.1883046018945618,0.9727850065557978,4.819900663981213,0.05,1.5,0.05,0.5,1.156818455798844,0.9417993486691646,4.797017368786705,0.05,1.5,0.05,0.5,-0.03148614609571788,-0.03105966190640004,-0.02288329519450803,0.0,0.0,0.0,0.0,0.03518527484706285
960,40,1.2197907479902796,1.0038446684621978,4.842783959175721,0.05,1.5,0.05,0.5,1.1883046018945618,0.9727850065557978,4.819900663981213,0.05,1.5,0.05,0.5,-0.03148614609571788,-0.03112272342074471,-0.02288329519450803,0.0,0.0,0.0,0.0,0.03535232290198276
984,41,1.2512768940859975,1.0349673918829425,4.865667254370229,0.05,1.5,0.05,0.5,1.2197907479902796,1.0038446684621978,4.842783959175721,0.05,1.5,0.05,0.5,-0.03148614609571791,-0.03117646042859876,-0.02288329519450803,0.0,0.0,0.0,0.0,0.03551937095690267
1008,42,1.2827630401817154,1.0661438523115412,4.888550549564737,0.05,1.5,0.05,0.5,1.2512768940859975,1.0349673918829425,4.865667254370229,0.05,1.5,0.05,0.5,-0.03148614609571785,-0.03122225168564538,-0.02288329519450803,0.0,0.0,0.0,0.0,0.03568641901182258
1032,43,1.3142491862774333,1.0973661039971865,4.911433844759245,0.05,1.5,0.05,0.5,1.2827630401817154,1.0661438523115412,4.888550549564737,0.05,1.5,0.05,0.5,-0.03148614609571791,-0.03126127207970239,-0.02288329519450803,0.0,0.0,0.0,0.0,0.03585346706674249
1056,44,1.3457353323731511,1.1286273760768888,4.9343171399537535,0.05,1.5,0.05,0.5,1.3142491862774333,1.0973661039971865,4.911433844759245,0.05,1.5,0.05,0.5,-0.03148614609571785,-0.03129452277537154,-0.02288329519450803,0.0,0.0,0.0,0.0,0.0360205151216624
1080,45,1.377221478468869,1.1599218988522604,4.957200435148262,0.05,1.5,0.05,0.5,1.3457353323731511,1.1286273760768888,4.9343171399537535,0.05,1.5,0.05,0.5,-0.03148614609571791,-0.0313228569013895,-0.02288329519450803,0.0,0.0,0.0,0.0,0.03618756317658231
1104,46,1.4087076245645869,1.1912447557536499,4.98008373034277,0.05,1.5,0.05,0.5,1.377221478468869,1.1599218988522604,4.957200435148262,0.05,1.5,0.05,0.5,-0.03148614609571791,-0.03134700143975314,-0.02288329519450803,0.0,0.0,0.0,0.0,0.03635461123150222
1128,47,1.4401937706603047,1.222591757193403,5.002967025537278,0.05,1.5,0.05,0.5,1.4087076245645869,1.1912447557536499,4.98008373034277,0.05,1.5,0.05,0.5,-0.03148614609571785,-0.03136757587823852,-0.02288329519450803,0.0,0.0,0.0,0.0,0.03652165928642213
1152,48,1.4716799167560226,1.2539593330716416,5.025850320731786,0.05,1.5,0.05,0.5,1.4401937706603047,1.222591757193403,5.002967025537278,0.05,1.5,0.05,0.5,-0.03148614609571791,-0.03138510810489006,-0.02288329519450803,0.0,0.0,0.0,0.0,0.03668870734134204
1176,49,1.5031660628517405,1.2853444411765318,5.048733615926294,0.05,1.5,0.05,0.5,1.4716799167560226,1.2539593330716416,5.025850320731786,0.05,1.5,0.05,0.5,-0.03148614609571785,-0.03140004795229245,-0.02288329519450803,0.0,0.0,0.0,0.0,0.03685575539626195
1200,50,1.5346522089474584,1.3167444891288242,5.0716169111208025,0.05,1.5,0.05,0.5,1.5031660628517405,1.2853444411765318,5.048733615926294,0.05,1.5,0.05,0.5,-0.03148614609571791,-0.03141277873913675,-0.02288329519450803,0.0,0.0,0.0,0.0,0.03702280345118186
1224,51,1.5661383550431762,1.348157267867961,5.094500206315311,0.05,1.5,0.05,0.5,1.5346522089474584,1.3167444891288242,5.0716169111208025,0.05,1.5,0.05,0.5,-0.03148614609571791,-0.03142362710520835,-0.02288329519450803,0.0,0.0,0.0,0.0,0.03718985150610177
1248,52,1.597624501138894,1.3795808949731694,5.117383501509819,0.05,1.5,0.05,0.5,1.5661383550431762,1.348157267867961,5.094500206315311,0.05,1.5,0.05,0.5,-0.03148614609571785,-0.03143287139213757,-0.02288329519450803,0.0,0.0,0.0,0.0,0.03735689956102168
1272,53,1.629110647234612,1.4110137663653068,5.140266796704327,0.05,1.5,0.05,0.5,1.597624501138894,1.3795808949731694,5.117383501509819,0.05,1.5,0.05,0.5,-0.03148614609571791,-0.03144074878494177,-0.02288329519450803,0.0,0.0,0.0,0.0,0.03752394761594158
1296,54,1.6605967933303298,1.4424545151502486,5.163150091898835,0.05,1.5,0.05,0.5,1.629110647234612,1.4110137663653068,5.140266796704327,0.05,1.5,0.05,0.5,-0.03148614609571785,-0.03144746139759289,-0.02288329519450803,0.0,0.0,0.0,0.0,0.0376909956708615
1320,55,1.6920829394260477,1.4739019765478414,5.186033387093343,0.05,1.5,0.05,0.5,1.6605967933303298,1.4424545151502486,5.163150091898835,0.05,1.5,0.05,0.5,-0.03148614609571791,-0.0314531814587507,-0.02288329519450803,0.0,0.0,0.0,0.0,0.03785804372578141
1344,56,1.7235690855217656,1.505355158006592,5.208916682287851,0.05,1.5,0.05,0.5,1.6920829394260477,1.4739019765478414,5.186033387093343,0.05,1.5,0.05,0.5,-0.03148614609571791,-0.03145805573071445,-0.02288329519450803,0.0,0.0,0.0,0.0,0.03802509178070131
1368,57,1.7550552316174834,1.5368132137373065,5.23179997748236,0.05,1.5,0.05,0.5,1.7235690855217656,1.505355158006592,5.208916682287851,0.05,1.5,0.05,0.5,-0.03148614609571785,-0.03146220927497231,-0.02288329519450803,0.0,0.0,0.0,0.0,0.03819213983562122
1392,58,1.7865413777132013,1.5682754230122788,5.254683272676868,0.05,1.5,0.05,0.5,1.7550552316174834,1.5368132137373065,5.23179997748236,0.05,1.5,0.05,0.5,-0.03148614609571791,-0.03146574866096274,-0.02288329519450803,0.0,0.0,0.0,0.0,0.03835918789054114
1416,59,1.8180275238089192,1.5997411716732417,5.277566567871376,0.05,1.5,0.05,0.5,1.7865413777132013,1.5682754230122788,5.254683272676868,0.05,1.5,0.05,0.5,-0.03148614609571785,-0.03146876470037668,-0.02288329519450803,0.0,0.0,0.0,0.0,0.03852623594546104
1440,60,1.849513669904637,1.6312099363736183,5.300449863065884,0.05,1.5,0.05,0.5,1.8180275238089192,1.5997411716732417,5.277566567871376,0.05,1.5,0.05,0.5,-0.03148614609571791,-0.0314713347771558,-0.02288329519450803,0.0,0.0,0.0,0.0,0.03869328400038095
1464,61,1.880999816000355,1.6626812711507741,5.323333158260392,0.05,1.5,0.05,0.5,1.849513669904637,1.6312099363736183,5.300449863065884,0.05,1.5,0.05,0.5,-0.03148614609571791,-0.03147352483296881,-0.02288329519450803,0.0,0.0,0.0,0.0,0.03886033205530087
1488,62,1.9124859620960728,1.6941547959837429,5.3462164534549,0.05,1.5,0.05,0.5,1.880999816000355,1.6626812711507741,5.323333158260392,0.05,1.5,0.05,0.5,-0.03148614609571785,-0.03147539105910763,-0.02288329519450803,0.0,0.0,0.0,0.0,0.03902738011022077
1512,63,1.9439721081917907,1.7256301870428505,5.3690997486494085,0.05,1.5,0.05,0.5,1.9124859620960728,1.6941547959837429,5.3462164534549,0.05,1.5,0.05,0.5,-0.03148614609571791,-0.03147698133821403,-0.02288329519450803,0.0,0.0,0.0,0.0,0.03919442816514068
1536,64,1.9754582542875085,1.7571071683810646,5.391983043843917,0.05,1.5,0.05,0.5,1.9439721081917907,1.7256301870428505,5.3690997486494085,0.05,1.5,0.05,0.5,-0.03148614609571785,-0.03147833647282691,-0.02288329519450803,0.0,0.0,0.0,0.0,0.03936147622006059
1560,65,2.0069444003832264,1.7885855048538915,5.414866339038425,0.05,1.5,0.05,0.5,1.9754582542875085,1.7571071683810646,5.391983043843917,0.05,1.5,0.05,0.5,-0.03148614609571791,-0.03147949123227239,-0.02288329519450803,0.0,0.0,0.0,0.0,0.0395285242749805
1584,66,2.0384305464789443,1.820064996086164,5.437749634232933,0.05,1.5,0.05,0.5,2.0069444003832264,1.7885855048538915,5.414866339038425,0.05,1.5,0.05,0.5,-0.03148614609571791,-0.03148047524475667,-0.02288329519450803,0.0,0.0,0.0,0.0,0.03969557232990041
1608,67,2.069916692574662,1.8515454713309205,5.460632929427441,0.05,1.5,0.05,0.5,2.0384305464789443,1.820064996086164,5.437749634232933,0.05,1.5,0.05,0.5,-0.03148614609571785,-0.03148131375755078,-0.02288329519450803,0.0,0.0,0.0,0.0,0.03986262038482032
1632,68,2.10140283867038,1.8830267850884712,5.483516224621949,0.05,1.5,0.05,0.5,2.069916692574662,1.8515454713309205,5.460632929427441,0.05,1.5,0.05,0.5,-0.03148614609571791,-0.0314820282847719,-0.02288329519450803,0.0,0.0,0.0,0.0,0.04002966843974023
1656,69,2.132888984766098,1.914508813373243,5.5063995198164575,0.05,1.5,0.05,0.5,2.10140283867038,1.8830267850884712,5.483516224621949,0.05,1.5,0.05,0.5,-0.03148614609571785,-0.03148263715938096,-0.02288329519450803,0.0,0.0,0.0,0.0,0.04019671649466014
1680,70,2.1643751308618158,1.9459914505326241,5.529282815010966,0.05,1.5,0.05,0.5,2.132888984766098,1.914508813373243,5.5063995198164575,0.05,1.5,0.05,0.5,-0.03148614609571791,-0.03148315600356016,-0.02288329519450803,0.0,0.0,0.0,0.0,0.04036376454958005
1704,71,2.1958612769575336,1.9774746065361843,5.552166110205474,0.05,1.5,0.05,0.5,2.1643751308618158,1.9459914505326241,5.529282815010966,0.05,1.5,0.05,0.5,-0.03148614609571791,-0.0314835981295386,-0.02288329519450803,0.0,0.0,0.0,0.0,0.04053081260449996
1728,72,2.2273474230532515,2.008958204665723,5.575049405399982,0.05,1.5,0.05,0.5,2.1958612769575336,1.9774746065361843,5.552166110205474,0.05,1.5,0.05,0.5,-0.03148614609571785,-0.03148397488115046,-0.02288329519450803,0.0,0.0,0.0,0.0,0.04069786065941987
1752,73,2.2588335691489694,2.0404421795468735,5.59793270059449,0.05,1.5,0.05,0.5,2.2273474230532515,2.008958204665723,5.575049405399982,0.05,1.5,0.05,0.5,-0.03148614609571791,-0.03148429592488905,-0.02288329519450803,0.0,0.0,0.0,0.0,0.04086490871433978
1776,74,2.2903197152446872,2.0719264754717623,5.620815995788998,0.05,1.5,0.05,0.5,2.2588335691489694,2.0404421795468735,5.59793270059449,0.05,1.5,0.05,0.5,-0.03148614609571785,-0.03148456949792455,-0.02288329519450803,0.0,0.0,0.0,0.0,0.04103195676925969
1800,75,2.321805861340405,2.103411044969687,5.643699290983506,0.05,1.5,0.05,0.5,2.2903197152446872,2.0719264754717623,5.620815995788998,0.05,1.5,0.05,0.5,-0.03148614609571791,-0.03148480261944897,-0.02288329519450803,0.0,0.0,0.0,0.0,0.0411990048241796
1824,76,2.353292007436123,2.134895847589136,5.666582586178015,0.05,1.5,0.05,0.5,2.321805861340405,2.103411044969687,5.643699290983506,0.05,1.5,0.05,0.5,-0.03148614609571791,-0.03148500127077092,-0.02288329519450803,0.0,0.0,0.0,0.0,0.04136605287909951
1848,77,2.384778153531841,2.166380848859907,5.689465881372523,0.05,1.5,0.05,0.5,2.353292007436123,2.134895847589136,5.666582586178015,0.05,1.5,0.05,0.5,-0.03148614609571785,-0.03148517054878081,-0.02288329519450803,0.0,0.0,0.0,0.0,0.04153310093401941
1872,78,2.4162642996275587,2.197866019408688,5.712349176567031,0.05,1.5,0.05,0.5,2.384778153531841,2.166380848859907,5.689465881372523,0.05,1.5,0.05,0.5,-0.03148614609571791,-0.03148531479672412,-0.02288329519450803,0.0,0.0,0.0,0.0,0.04170014898893933
1896,79,2.4477504457232766,2.229351334205412,5.735232471761539,0.05,1.5,0.05,0.5,2.4162642996275587,2.197866019408688,5.712349176567031,0.05,1.5,0.05,0.5,-0.03148614609571791,-0.03148543771563816,-0.02288329519450803,0.0,0.0,0.0,0.0,0.04186719704385924
1920,80,2.4792365918189945,2.26083677192105,5.758115766956047,0.05,1.5,0.05,0.5,2.4477504457232766,2.229351334205412,5.735232471761539,0.05,1.5,0.05,0.5,-0.03148614609571785,-0.03148554245931134,-0.02288329519450803,0.0,0.0,0.0,0.0,0.04203424509877914
1944,81,2.5107227379147123,2.2923223143803613,5.780999062150555,0.05,1.5,0.05,0.5,2.4792365918189945,2.26083677192105,5.758115766956047,0.05,1.5,0.05,0.5,-0.03148614609571785,-0.03148563171520141,-0.02288329519450803,0.0,0.0,0.0,0.0,0.04220129315369905
1968,82,2.54220888401043,2.3238079460955627,5.8038823573450635,0.05,1.5,0.05,0.5,2.5107227379147123,2.2923223143803613,5.780999062150555,0.05,1.5,0.05,0.5,-0.03148614609571796,-0.03148570777338866,-0.02288329519450803,0.0,0.0,0.0,0.0,0.04236834120861897
1992,83,2.573695030106148,2.3552936538689515,5.826765652539572,0.05,1.5,0.05,0.5,2.54220888401043,2.3238079460955627,5.8038823573450635,0.05,1.5,0.05,0.5,-0.03148614609571785,-0.03148577258533375,-0.02288329519450803,0.0,0.0,0.0,0.0,0.04253538926353887
2016,84,2.605181176201866,2.3867794264542854,5.84964894773408,0.05,1.5,0.05,0.5,2.573695030106148,2.3552936538689515,5.826765652539572,0.05,1.5,0.05,0.5,-0.03148614609571785,-0.03148582781394721,-0.02288329519450803,0.0,0.0,0.0,0.0,0.04270243731845878
2040,85,2.636667322297584,2.4182652542682326,5.872532242928588,0.05,1.5,0.05,0.5,2.605181176201866,2.3867794264542854,5.84964894773408,0.05,1.5,0.05,0.5,-0.03148614609571796,-0.03148587487625559,-0.02288329519450803,0.0,0.0,0.0,0.0,0.04286948537337869
2064,86,2.6681534683933017,2.449751129144488,5.895415538123096,0.05,1.5,0.05,0.5,2.636667322297584,2.4182652542682326,5.872532242928588,0.05,1.5,0.05,0.5,-0.03148614609571785,-0.03148591497975872,-0.02288329519450803,0.0,0.0,0.0,0.0,0.0430365334282986
2088,87,2.6996396144890196,2.4812370441242466,5.918298833317604,0.05,1.5,0.05,0.5,2.6681534683933017,2.449751129144488,5.895415538123096,0.05,1.5,0.05,0.5,-0.03148614609571785,-0.03148594915341102,-0.02288329519450803,0.0,0.0,0.0,0.0,0.04320358148321851
2112,88,2.7311257605847374,2.5127229932776576,5.9411821285121125,0.05,1.5,0.05,0.5,2.6996396144890196,2.4812370441242466,5.918298833317604,0.05,1.5,0.05,0.5,-0.03148614609571785,-0.03148597827402189,-0.02288329519450803,0.0,0.0,0.0,0.0,0.04337062953813842
2136,89,2.7626119066804553,2.5442089715516794,5.964065423706621,0.05,1.5,0.05,0.5,2.7311257605847374,2.5127229932776576,5.9411821285121125,0.05,1.5,0.05,0.5,-0.03148614609571796,-0.03148600308875255,-0.02288329519450803,0.0,0.0,0.0,0.0,0.04353767759305833
2160,90,2.794098052776173,2.575694974640432,5.986948718901129,0.05,1.5,0.05,0.5,2.7626119066804553,2.5442089715516794,5.964065423706621,0.05,1.5,0.05,0.5,-0.03148614609571785,-0.03148602423428626,-0.02288329519450803,0.0,0.0,0.0,0.0,0.04370472564797824
2184,91,2.825584198871891,2.607180998874718,6.009832014095637,0.05,1.5,0.05,0.5,2.794098052776173,2.575694974640432,5.986948718901129,0.05,1.5,0.05,0.5,-0.03148614609571785,-0.03148604225316387,-0.02288329519450803,0.0,0.0,0.0,0.0,0.04387177370289815
2208,92,2.857070344967609,2.638667041127882,6.032715309290145,0.05,1.5,0.05,0.5,2.825584198871891,2.607180998874718,6.009832014095637,0.05,1.5,0.05,0.5,-0.03148614609571796,-0.03148605760770423,-0.02288329519450803,0.0,0.0,0.0,0.0,0.04403882175781806
2232,93,2.888556491063327,2.670153098735586,6.055598604484653,0.05,1.5,0.05,0.5,2.857070344967609,2.638667041127882,6.032715309290145,0.05,1.5,0.05,0.5,-0.03148614609571785,-0.0314860706918661,-0.02288329519450803,0.0,0.0,0.0,0.0,0.04420586981273797
2256,94,2.9200426371590447,2.701639169427452,6.078481899679161,0.05,1.5,0.05,0.5,2.888556491063327,2.670153098735586,6.055598604484653,0.05,1.5,0.05,0.5,-0.03148614609571785,-0.03148608184135582,-0.02288329519450803,0.0,0.0,0.0,0.0,0.04437291786765788
2280,95,2.9515287832547625,2.733125251268808,6.10136519487367,0.05,1.5,0.05,0.5,2.9200426371590447,2.701639169427452,6.078481899679161,0.05,1.5,0.05,0.5,-0.03148614609571796,-0.03148609134224112,-0.02288329519450803,0.0,0.0,0.0,0.0,0.04453996592257779
2304,96,2.9830149293504804,2.764611342611049,6.124248490068178,0.05,1.5,0.05,0.5,2.9515287832547625,2.733125251268808,6.10136519487367,0.05,1.5,0.05,0.5,-0.03148614609571785,-0.03148609943829078,-0.02288329519450803,0.0,0.0,0.0,0.0,0.0447070139774977
2328,97,3.0145010754461983,2.7960974420493394,6.147131785262686,0.05,1.5,0.05,0.5,2.9830149293504804,2.764611342611049,6.124248490068178,0.05,1.5,0.05,0.5,-0.03148614609571785,-0.03148610633722881,-0.02288329519450803,0.0,0.0,0.0,0.0,0.04487406203241761
2352,98,3.045987221541916,2.8275835483865683,6.170015080457194,0.05,1.5,0.05,0.5,3.0145010754461983,2.7960974420493394,6.147131785262686,0.05,1.5,0.05,0.5,-0.03148614609571785,-0.03148611221606468,-0.02288329519450803,0.0,0.0,0.0,0.0,0.04504111008733751
0,0,0.0,2.0,4.312173816812093,0.0,1.5,0.05,0.5,0.0,0.0,0.0,0.0,0.0,0.0,0.0,0.0,0.0,0.0,0.0,0.0,0.0,0.0,0.03147886886272828
24,1,0.0,2.0,4.312173816812093,0.0,1.5,0.05,0.5,0.0,2.0,4.312173816812093,0.0,1.5,0.05,0.5,-0.025,0.252,-0.02,0.0,0.0,0.0,0.0,0.03147886886272828
0,0,0.0,2.0,3.591824131563809,0.0,1.5,0.05,0.5,0.0,0.0,0.0,0.0,0.0,0.0,0.0,0.0,0.0,0.0,0.0,0.0,0.0,0.0,0.02622031616041581
24,1,0.0,2.0,3.591824131563809,0.0,1.5,0.05,0.5,0.0,2.0,3.591824131563809,0.0,1.5,0.05,0.5,-0.025,0.252,-0.02,0.0,0.0,0.0,0.0,0.02622031616041581
48,2,0.025,1.748,3.611824131563809,0.0,1.5,0.05,0.5,0.0,2.0,3.591824131563809,0.0,1.5,0.05,0.5,-0.03015,0.24885000000000002,-0.02251999999999997,0.0,0.0,0.0,0.0,0.02636631616041581
72,3,0.05515,1.49915,3.634344131563809,0.0,1.5,0.05,0.5,0.025,1.748,3.611824131563809,0.0,1.5,0.05,0.5,-0.0312109,0.2132991,-0.02283752000000004,0.0,0.0,0.0,0.0,0.02653071216041581
96,4,0.0863609,1.2858509,3.657181651563809,0.0,1.5,0.05,0.5,0.05515,1.49915,3.634344131563809,0.0,1.5,0.05,0.5,-0.0314294454,0.1780114266,-0.02287752751999998,0.0,0.0,0.0,0.0,0.02669742605641581
120,5,0.1177903454,1.1078394734,3.680059179083809,0.0,1.5,0.05,0.5,0.0863609,1.2858509,3.657181651563809,0.0,1.5,0.05,0.5,-0.0314744657524,0.1471756298796,-0.02288256846752,0.0,0.0,0.0,0.0,0.02686443200731181
144,6,0.14926481115239998,0.9606638435204001,3.702941747551329,0.0,1.5,0.05,0.5,0.1177903454,1.1078394734,3.680059179083809,0.0,1.5,0.05,0.5,-0.0314837399449944,0.12078040744319762,-0.02288320362690747,0.0,0.0,0.0,0.0,0.0270314747571247
168,7,0.18074855109739438,0.8398834360772025,3.7258249511782364,0.0,1.5,0.05,0.5,0.14926481115239998,0.9606638435204001,3.702941747551329,0.0,1.5,0.05,0.5,-0.03148565042866885,0.09826932684529874,-0.02288328365699037,0.0,0.0,0.0,0.0,0.02719852214360113
192,8,0.21223420152606323,0.7416141092319037,3.748708234835227,0.0,1.5,0.05,0.5,0.18074855109739438,0.8398834360772025,3.7258249511782364,0.0,1.5,0.05,0.5,-0.03148604398830579,0.07908380355344355,-0.02288329374078083,0.0,0.0,0.0,0.0,0.02736557011429716
216,9,0.24372024551436902,0.6625303056784602,3.7715915285760078,0.0,1.5,0.05,0.5,0.21223420152606323,0.7416141092319037,3.748708234835227,0.0,1.5,0.05,0.5,-0.03148612506159099,0.06273462682840937,-0.02288329501133838,0.0,0.0,0.0,0.0,0.02753261815860486
240,10,0.27520637057596004,0.5997956788500508,3.794474823587346,0.0,1.5,0.05,0.5,0.24372024551436902,0.6625303056784602,3.7715915285760078,0.0,1.5,0.05,0.5,-0.03148614176268775,0.04880281582291502,-0.0228832951714286,0.0,0.0,0.0,0.0,0.02769966621218763
264,11,0.3066925123386478,0.5509928630271358,3.8173581187587744,0.0,1.5,0.05,0.5,0.27520637057596004,0.5997956788500508,3.794474823587346,0.0,1.5,0.05,0.5,-0.03148614520311369,0.03693099898043677,-0.02288329519159997,0.0,0.0,0.0,0.0,0.02786671426693905
288,12,0.33817865754176146,0.5140618640466991,3.840241413950374,0.0,1.5,0.05,0.5,0.3066925123386478,0.5509928630271358,3.8173581187587744,0.0,1.5,0.05,0.5,-0.03148614591184141,0.02681458989115717,-0.0228832951941416,0.0,0.0,0.0,0.0,0.02803376232183773
312,13,0.36966480345360286,0.4872472741555419,3.863124709144516,0.0,1.5,0.05,0.5,0.33817865754176146,0.5140618640466991,3.840241413950374,0.0,1.5,0.05,0.5,-0.03148614605783933,0.01819402963473013,-0.02288329519446184,0.0,0.0,0.0,0.0,0.02820081037675497
336,14,0.4011509495114422,0.46905324452081176,3.886008004338978,0.0,1.5,0.05,0.5,0.36966480345360286,0.4872472741555419,3.863124709144516,0.0,1.5,0.05,0.5,-0.03148614608791491,0.01084813690515656,-0.0228832951945022,0.0,0.0,0.0,0.0,0.02836785843167454
360,15,0.4326370955993571,0.4582051076156552,3.9088912995334804,0.0,1.5,0.05,0.5,0.4011509495114422,0.46905324452081176,3.886008004338978,0.0,1.5,0.05,0.5,-0.03148614609411047,0.00458843476410329,-0.02288329519450731,0.0,0.0,0.0,0.0,0.02853490648659441
384,16,0.4641232416934676,0.4536166728515519,3.9317745947279876,0.0,1.5,0.05,0.5,0.4326370955993571,0.4582051076156552,3.9088912995334804,0.0,1.5,0.05,0.5,-0.03148614609538677,-0.00074568489380436,-0.02288329519450792,0.0,0.0,0.0,0.0,0.02870195454151431
408,17,0.4956093877888543,0.45436235774535627,3.9546578899224953,0.0,1.5,0.05,0.5,0.4641232416934676,0.4536166728515519,3.9317745947279876,0.0,1.5,0.05,0.5,-0.03148614609564967,-0.00529108208210011,-0.02288329519450797,0.0,0.0,0.0,0.0,0.02886900259643422
432,18,0.527095533884504,0.4596534398274564,3.9775411851170035,0.0,1.5,0.05,0.5,0.4956093877888543,0.45436235774535627,3.9546578899224953,0.0,1.5,0.05,0.5,-0.03148614609570385,-0.00916438019353263,-0.02288329519450803,0.0,0.0,0.0,0.0,0.02903605065135412
456,19,0.5585816799802079,0.468817820020989,4.000424480311511,0.0,1.5,0.05,0.5,0.527095533884504,0.4596534398274564,3.9775411851170035,0.0,1.5,0.05,0.5,-0.03148614609571499,-0.0124649582592467,-0.02288329519450792,0.0,0.0,0.0,0.0,0.02920309870627403
480,20,0.5900678260759229,0.4812827782802357,4.023307775506019,0.0,1.5,0.05,0.5,0.5585816799802079,0.468817820020989,4.000424480311511,0.0,1.5,0.05,0.5,-0.03148614609571729,-0.01527750076292168,-0.02288329519450803,0.0,0.0,0.0,0.0,0.02937014676119394
504,21,0.6215539721716402,0.49656027904315736,4.0461910707005275,0.0,1.5,0.05,0.5,0.5900678260759229,0.4812827782802357,4.023307775506019,0.0,1.5,0.05,0.5,-0.03148614609571777,-0.01767417043031697,-0.02288329519450803,0.0,0.0,0.0,0.0,0.02953719481611385
528,22,0.653040118267358,0.5142344494734743,4.069074365895036,0.0,1.5,0.05,0.5,0.6215539721716402,0.49656027904315736,4.0461910707005275,0.0,1.5,0.05,0.5,-0.03148614609571785,-0.01971645974224928,-0.02288329519450803,0.0,0.0,0.0,0.0,0.02970424287103376
552,23,0.6845262643630758,0.5339509092157235,4.091957661089544,0.0,1.5,0.05,0.5,0.653040118267358,0.5142344494734743,4.069074365895036,0.0,1.5,0.05,0.5,-0.03148614609571791,-0.0214567686760898,-0.02288329519450803,0.0,0.0,0.0,0.0,0.02987129092595367
576,24,0.7160124104587937,0.5554076778918133,4.114840956284052,0.0,1.5,0.05,0.5,0.6845262643630758,0.5339509092157235,4.091957661089544,0.0,1.5,0.05,0.5,-0.03148614609571788,-0.02293974915662685,-0.02288329519450803,0.0,0.0,0.0,0.0,0.03003833898087358
600,25,0.7474985565545116,0.5783474270484402,4.13772425147856,0.0,1.5,0.05,0.5,0.7160124104587937,0.5554076778918133,4.114840956284052,0.0,1.5,0.05,0.5,-0.03148614609571788,-0.02420345071149997,-0.02288329519450803,0.0,0.0,0.0,0.0,0.03020538703579349
624,26,0.7789847026502295,0.6025508777599402,4.160607546673068,0.0,1.5,0.05,0.5,0.7474985565545116,0.5783474270484402,4.13772425147856,0.0,1.5,0.05,0.5,-0.03148614609571788,-0.02528029672582544,-0.02288329519450803,0.0,0.0,0.0,0.0,0.0303724350907134
648,27,0.8104708487459473,0.6278311744857656,4.1834908418675765,0.0,1.5,0.05,0.5,0.7789847026502295,0.6025508777599402,4.160607546673068,0.0,1.5,0.05,0.5,-0.03148614609571788,-0.02619791634423689,-0.02288329519450803,0.0,0.0,0.0,0.0,0.03053948314563331
672,28,0.8419569948416652,0.6540290908300025,4.206374137062085,0.0,1.5,0.05,0.5,0.8104708487459473,0.6278311744857656,4.1834908418675765,0.0,1.5,0.05,0.5,-0.03148614609571791,-0.02697985336484335,-0.02288329519450803,0.0,0.0,0.0,0.0,0.03070653120055322
696,29,0.8734431409373831,0.6810089441948458,4.229257432256593,0.0,1.5,0.05,0.5,0.8419569948416652,0.6540290908300025,4.206374137062085,0.0,1.5,0.05,0.5,-0.03148614609571788,-0.02764617031352996,-0.02288329519450803,0.0,0.0,0.0,0.0,0.03087357925547313
720,30,0.9049292870331009,0.7086551145083758,4.252140727451101,0.0,1.5,0.05,0.5,0.8734431409373831,0.6810089441948458,4.229257432256593,0.0,1.5,0.05,0.5,-0.03148614609571788,-0.02821396319762015,-0.02288329519450803,0.0,0.0,0.0,0.0,0.03104062731039304
744,31,0.9364154331288188,0.736869077705996,4.275024022645609,0.0,1.5,0.05,0.5,0.9049292870331009,0.7086551145083758,4.252140727451101,0.0,1.5,0.05,0.5,-0.03148614609571788,-0.02869780014617582,-0.02288329519450803,0.0,0.0,0.0,0.0,0.03120767536531295
768,32,0.9679015792245367,0.7655668778521718,4.297907317840117,0.0,1.5,0.05,0.5,0.9364154331288188,0.736869077705996,4.275024022645609,0.0,1.5,0.05,0.5,-0.03148614609571788,-0.02911009519133613,-0.02288329519450803,0.0,0.0,0.0,0.0,0.03137472342023286
792,33,0.9993877253202545,0.7946769730435079,4.320790613034625,0.0,1.5,0.05,0.5,0.9679015792245367,0.7655668778521718,4.297907317840117,0.0,1.5,0.05,0.5,-0.03148614609571791,-0.02946142678097843,-0.02288329519450803,0.0,0.0,0.0,0.0,0.03154177147515277
816,34,1.0308738714159724,0.8241383998244863,4.343673908229134,0.0,1.5,0.05,0.5,0.9993877253202545,0.7946769730435079,4.320790613034625,0.0,1.5,0.05,0.5,-0.03148614609571788,-0.02976080919493053,-0.02288329519450803,0.0,0.0,0.0,0.0,0.03170881953007267
840,35,1.0623600175116903,0.8538992090194168,4.366557203423642,0.0,1.5,0.05,0.5,1.0308738714159724,0.8241383998244863,4.343673908229134,0.0,1.5,0.05,0.5,-0.03148614609571788,-0.03001592382858771,-0.02288329519450803,0.0,0.0,0.0,0.0,0.03187586758499258
864,36,1.0938461636074082,0.8839151328480046,4.38944049861815,0.0,1.5,0.05,0.5,1.0623600175116903,0.8538992090194168,4.366557203423642,0.0,1.5,0.05,0.5,-0.03148614609571788,-0.03023331627808691,-0.02288329519450803,0.0,0.0,0.0,0.0,0.0320429156399125
888,37,1.125332309703126,0.9141484491260915,4.412323793812658,0.0,1.5,0.05,0.5,1.0938461636074082,0.8839151328480046,4.38944049861815,0.0,1.5,0.05,0.5,-0.03148614609571788,-0.0304185642837453,-0.02288329519450803,0.0,0.0,0.0,0.0,0.0322099636948324
912,38,1.156818455798844,0.9445670134098368,4.435207089007166,0.0,1.5,0.05,0.5,1.125332309703126,0.9141484491260915,4.412323793812658,0.0,1.5,0.05,0.5,-0.03148614609571791,-0.03057642084076681,-0.02288329519450803,0.0,0.0,0.0,0.0,0.03237701174975231
936,39,1.1883046018945618,0.9751434342506037,4.458090384201674,0.0,1.5,0.05,0.5,1.156818455798844,0.9445670134098368,4.435207089007166,0.0,1.5,0.05,0.5,-0.03148614609571788,-0.03071093614907534,-0.02288329519450803,0.0,0.0,0.0,0.0,0.03254405980467222
960,40,1.2197907479902796,1.005854370399679,4.4809736793961825,0.0,1.5,0.05,0.5,1.1883046018945618,0.9751434342506037,4.458090384201674,0.0,1.5,0.05,0.5,-0.03148614609571788,-0.03082556153119917,-0.02288329519450803,0.0,0.0,0.0,0.0,0.03271110785959213
984,41,1.2512768940859975,1.0366799319308782,4.503856974590691,0.0,1.5,0.05,0.5,1.2197907479902796,1.005854370399679,4.4809736793961825,0.0,1.5,0.05,0.5,-0.03148614609571791,-0.03092323798447613,-0.02288329519450803,0.0,0.0,0.0,0.0,0.03287815591451204
1008,42,1.2827630401817154,1.0676031699153543,4.526740269785199,0.0,1.5,0.05,0.5,1.2512768940859975,1.0366799319308782,4.503856974590691,0.0,1.5,0.05,0.5,-0.03148614609571785,-0.03100647163960549,-0.02288329519450803,0.0,0.0,0.0,0.0,0.03304520396943195
1032,43,1.3142491862774333,1.0986096415549598,4.549623564979707,0.0,1.5,0.05,0.5,1.2827630401817154,1.0676031699153543,4.526740269785199,0.0,1.5,0.05,0.5,-0.03148614609571791,-0.03107739806162194,-0.02288329519450803,0.0,0.0,0.0,0.0,0.03321225202435186
1056,44,1.3457353323731511,1.1296870396165817,4.572506860174215,0.0,1.5,0.05,0.5,1.3142491862774333,1.0986096415549598,4.549623564979707,0.0,1.5,0.05,0.5,-0.03148614609571785,-0.03113783704309211,-0.02288329519450803,0.0,0.0,0.0,0.0,0.03337930007927177
1080,45,1.377221478468869,1.1608248766596738,4.595390155368723,0.0,1.5,0.05,0.5,1.3457353323731511,1.1296870396165817,4.572506860174215,0.0,1.5,0.05,0.5,-0.03148614609571791,-0.0311893392953882,-0.02288329519450803,0.0,0.0,0.0,0.0,0.03354634813419168
1104,46,1.4087076245645869,1.192014215955062,4.6182734505632315,0.0,1.5,0.05,0.5,1.377221478468869,1.1608248766596738,4.595390155368723,0.0,1.5,0.05,0.5,-0.03148614609571791,-0.03123322623601904,-0.02288329519450803,0.0,0.0,0.0,0.0,0.03371339618911159
1128,47,1.4401937706603047,1.223247442191081,4.64115674575774,0.0,1.5,0.05,0.5,1.4087076245645869,1.192014215955062,4.6182734505632315,0.0,1.5,0.05,0.5,-0.03148614609571785,-0.03127062389286062,-0.02288329519450803,0.0,0.0,0.0,0.0,0.0338804442440315
1152,48,1.4716799167560226,1.2545180660839417,4.664040040952248,0.0,1.5,0.05,0.5,1.4401937706603047,1.223247442191081,4.64115674575774,0.0,1.5,0.05,0.5,-0.03148614609571791,-0.03130249179518266,-0.02288329519450803,0.0,0.0,0.0,0.0,0.03404749229895141
1176,49,1.5031660628517405,1.2858205578791244,4.686923336146756,0.0,1.5,0.05,0.5,1.4716799167560226,1.2545180660839417,4.664040040952248,0.0,1.5,0.05,0.5,-0.03148614609571785,-0.03132964759274265,-0.02288329519450803,0.0,0.0,0.0,0.0,0.03421454035387132
1200,50,1.5346522089474584,1.3171502054718671,4.709806631341264,0.0,1.5,0.05,0.5,1.5031660628517405,1.2858205578791244,4.686923336146756,0.0,1.5,0.05,0.5,-0.03148614609571791,-0.03135278803461009,-0.02288329519450803,0.0,0.0,0.0,0.0,0.03438158840879123
1224,51,1.5661383550431762,1.3485029935064772,4.732689926535772,0.0,1.5,0.05,0.5,1.5346522089474584,1.3171502054718671,4.709806631341264,0.0,1.5,0.05,0.5,-0.03148614609571791,-0.03137250684598494,-0.02288329519450803,0.0,0.0,0.0,0.0,0.03454863646371114
1248,52,1.597624501138894,1.379875500352462,4.75557322173028,0.0,1.5,0.05,0.5,1.5661383550431762,1.3485029935064772,4.732689926535772,0.0,1.5,0.05,0.5,-0.03148614609571785,-0.03138930996168454,-0.02288329519450803,0.0,0.0,0.0,0.0,0.03471568451863104
1272,53,1.629110647234612,1.4112648103141465,4.778456516924789,0.0,1.5,0.05,0.5,1.597624501138894,1.379875500352462,4.75557322173028,0.0,1.5,0.05,0.5,-0.03148614609571791,-0.03140362850715089,-0.02288329519450803,0.0,0.0,0.0,0.0,0.03488273257355096
1296,54,1.6605967933303298,1.4426684388212974,4.801339812119297,0.0,1.5,0.05,0.5,1.629110647234612,1.4112648103141465,4.778456516924789,0.0,1.5,0.05,0.5,-0.03148614609571785,-0.0314158298600391,-0.02288329519450803,0.0,0.0,0.0,0.0,0.03504978062847087
1320,55,1.6920829394260477,1.4740842686813365,4.824223107313805,0.0,1.5,0.05,0.5,1.6605967933303298,1.4426684388212974,4.801339812119297,0.0,1.5,0.05,0.5,-0.03148614609571791,-0.03142622707619855,-0.02288329519450803,0.0,0.0,0.0,0.0,0.03521682868339077
1344,56,1.7235690855217656,1.505510495757535,4.847106402508313,0.0,1.5,0.05,0.5,1.6920829394260477,1.4740842686813365,4.824223107313805,0.0,1.5,0.05,0.5,-0.03148614609571791,-0.03143508692189406,-0.02288329519450803,0.0,0.0,0.0,0.0,0.03538387673831069
1368,57,1.7550552316174834,1.536945582679429,4.869989697702821,0.0,1.5,0.05,0.5,1.7235690855217656,1.505510495757535,4.847106402508313,0.0,1.5,0.05,0.5,-0.03148614609571785,-0.03144263671835351,-0.02288329519450803,0.0,0.0,0.0,0.0,0.0355509247932306
1392,58,1.7865413777132013,1.5683882193977825,4.892872992897329,0.0,1.5,0.05,0.5,1.7550552316174834,1.536945582679429,4.869989697702821,0.0,1.5,0.05,0.5,-0.03148614609571791,-0.03144907017425533,-0.02288329519450803,0.0,0.0,0.0,0.0,0.0357179728481505
1416,59,1.8180275238089192,1.5998372895720379,4.9157562880918375,0.0,1.5,0.05,0.5,1.7865413777132013,1.5683882193977825,4.892872992897329,0.0,1.5,0.05,0.5,-0.03148614609571785,-0.03145455235580322,-0.02288329519450803,0.0,0.0,0.0,0.0,0.03588502090307041
1440,60,1.849513669904637,1.631291841927841,4.938639583286346,0.0,1.5,0.05,0.5,1.8180275238089192,1.5998372895720379,4.9157562880918375,0.0,1.5,0.05,0.5,-0.03148614609571791,-0.0314592239219075,-0.02288329519450803,0.0,0.0,0.0,0.0,0.03605206895799033
1464,61,1.880999816000355,1.6627510658497486,4.961522878480854,0.0,1.5,0.05,0.5,1.849513669904637,1.631291841927841,4.938639583286346,0.0,1.5,0.05,0.5,-0.03148614609571791,-0.03146320473313674,-0.02288329519450803,0.0,0.0,0.0,0.0,0.03621911701291023
1488,62,1.9124859620960728,1.6942142705828853,4.984406173675362,0.0,1.5,0.05,0.5,1.880999816000355,1.6627510658497486,4.961522878480854,0.0,1.5,0.05,0.5,-0.03148614609571785,-0.03146659692703682,-0.02288329519450803,0.0,0.0,0.0,0.0,0.03638616506783014
1512,63,1.9439721081917907,1.7256808675099222,5.00728946886987,0.0,1.5,0.05,0.5,1.9124859620960728,1.6942142705828853,4.984406173675362,0.0,1.5,0.05,0.5,-0.03148614609571791,-0.03146948753872209,-0.02288329519450803,0.0,0.0,0.0,0.0,0.03655321312275005
1536,64,1.9754582542875085,1.7571503550486443,5.030172764064378,0.0,1.5,0.05,0.5,1.9439721081917907,1.7256808675099222,5.00728946886987,0.0,1.5,0.05,0.5,-0.03148614609571785,-0.03147195073397588,-0.02288329519450803,0.0,0.0,0.0,0.0,0.03672026117766996
1560,65,2.0069444003832264,1.78862230578262,5.0530560592588865,0.0,1.5,0.05,0.5,1.9754582542875085,1.7571503550486443,5.030172764064378,0.0,1.5,0.05,0.5,-0.03148614609571791,-0.03147404971215736,-0.02288329519450803,0.0,0.0,0.0,0.0,0.03688730923258987
1584,66,2.0384305464789443,1.8200963554947773,5.075939354453395,0.0,1.5,0.05,0.5,2.0069444003832264,1.78862230578262,5.0530560592588865,0.0,1.5,0.05,0.5,-0.03148614609571791,-0.03147583832773687,-0.02288329519450803,0.0,0.0,0.0,0.0,0.03705435728750978
1608,67,2.069916692574662,1.8515721938225143,5.098822649647903,0.0,1.5,0.05,0.5,2.0384305464789443,1.8200963554947773,5.075939354453395,0.0,1.5,0.05,0.5,-0.03148614609571785,-0.03147736247206551,-0.02288329519450803,0.0,0.0,0.0,0.0,0.03722140534242969
1632,68,2.10140283867038,1.8830495562945797,5.121705944842411,0.0,1.5,0.05,0.5,2.069916692574662,1.8515721938225143,5.098822649647903,0.0,1.5,0.05,0.5,-0.03148614609571791,-0.0314786612508311,-0.02288329519450803,0.0,0.0,0.0,0.0,0.0373884533973496
1656,69,2.132888984766098,1.9145282175454108,5.144589240036919,0.0,1.5,0.05,0.5,2.10140283867038,1.8830495562945797,5.121705944842411,0.0,1.5,0.05,0.5,-0.03148614609571785,-0.03147976798741128,-0.02288329519450803,0.0,0.0,0.0,0.0,0.03755550145226951
1680,70,2.1643751308618158,1.946007985532822,5.167472535231427,0.0,1.5,0.05,0.5,2.132888984766098,1.9145282175454108,5.144589240036919,0.0,1.5,0.05,0.5,-0.03148614609571791,-0.03148071107786701,-0.02288329519450803,0.0,0.0,0.0,0.0,0.03772254950718942
1704,71,2.1958612769575336,1.977488696610689,5.190355830425935,0.0,1.5,0.05,0.5,2.1643751308618158,1.946007985532822,5.167472535231427,0.0,1.5,0.05,0.5,-0.03148614609571791,-0.03148151471951366,-0.02288329519450803,0.0,0.0,0.0,0.0,0.03788959756210933
1728,72,2.2273474230532515,2.008970211330203,5.213239125620444,0.0,1.5,0.05,0.5,2.1958612769575336,1.977488696610689,5.190355830425935,0.0,1.5,0.05,0.5,-0.03148614609571785,-0.03148219953176287,-0.02288329519450803,0.0,0.0,0.0,0.0,0.03805664561702924
1752,73,2.2588335691489694,2.0404524108619655,5.236122420814952,0.0,1.5,0.05,0.5,2.2273474230532515,2.008970211330203,5.213239125620444,0.0,1.5,0.05,0.5,-0.03148614609571791,-0.03148278308516456,-0.02288329519450803,0.0,0.0,0.0,0.0,0.03822369367194915
1776,74,2.2903197152446872,2.07193519394713,5.25900571600946,0.0,1.5,0.05,0.5,2.2588335691489694,2.0404524108619655,5.236122420814952,0.0,1.5,0.05,0.5,-0.03148614609571785,-0.03148328035222292,-0.02288329519450803,0.0,0.0,0.0,0.0,0.03839074172686906
1800,75,2.321805861340405,2.103418474299353,5.281889011203968,0.0,1.5,0.05,0.5,2.2903197152446872,2.07193519394713,5.25900571600946,0.0,1.5,0.05,0.5,-0.03148614609571791,-0.03148370409155266,-0.02288329519450803,0.0,0.0,0.0,0.0,0.03855778978178897
1824,76,2.353292007436123,2.134902178390906,5.304772306398476,0.0,1.5,0.05,0.5,2.321805861340405,2.103418474299353,5.281889011203968,0.0,1.5,0.05,0.5,-0.03148614609571791,-0.031484065175233,-0.02288329519450803,0.0,0.0,0.0,0.0,0.03872483783670887
1848,77,2.384778153531841,2.166386243566139,5.327655601592984,0.0,1.5,0.05,0.5,2.353292007436123,2.134902178390906,5.304772306398476,0.0,1.5,0.05,0.5,-0.03148614609571785,-0.03148437286775779,-0.02288329519450803,0.0,0.0,0.0,0.0,0.03889188589162879
1872,78,2.4162642996275587,2.197870616433897,5.3505388967874925,0.0,1.5,0.05,0.5,2.384778153531841,2.166386243566139,5.327655601592984,0.0,1.5,0.05,0.5,-0.03148614609571791,-0.03148463506373889,-0.02288329519450803,0.0,0.0,0.0,0.0,0.0390589339465487
1896,79,2.4477504457232766,2.2293552514976356,5.373422191982001,0.0,1.5,0.05,0.5,2.4162642996275587,2.197870616433897,5.3505388967874925,0.0,1.5,0.05,0.5,-0.03148614609571791,-0.03148485849046184,-0.02288329519450803,0.0,0.0,0.0,0.0,0.0392259820014686
1920,80,2.4792365918189945,2.2608401099880973,5.396305487176509,0.0,1.5,0.05,0.5,2.4477504457232766,2.2293552514976356,5.373422191982001,0.0,1.5,0.05,0.5,-0.03148614609571785,-0.0314850488804912,-0.02288329519450803,0.0,0.0,0.0,0.0,0.03939303005638851
1944,81,2.5107227379147123,2.2923251588685885,5.419188782371017,0.0,1.5,0.05,0.5,2.4792365918189945,2.2608401099880973,5.396305487176509,0.0,1.5,0.05,0.5,-0.03148614609571785,-0.03148521111875346,-0.02288329519450803,0.0,0.0,0.0,0.0,0.03956007811130843
1968,82,2.54220888401043,2.323810369987342,5.442072077565525,0.0,1.5,0.05,0.5,2.5107227379147123,2.2923251588685885,5.419188782371017,0.0,1.5,0.05,0.5,-0.03148614609571796,-0.03148534936787206,-0.02288329519450803,0.0,0.0,0.0,0.0,0.03972712616622833
1992,83,2.573695030106148,2.355295719355214,5.464955372760033,0.0,1.5,0.05,0.5,2.54220888401043,2.323810369987342,5.442072077565525,0.0,1.5,0.05,0.5,-0.03148614609571785,-0.03148546717496953,-0.02288329519450803,0.0,0.0,0.0,0.0,0.03989417422114824
2016,84,2.605181176201866,2.3867811865301833,5.4878386679545414,0.0,1.5,0.05,0.5,2.573695030106148,2.355295719355214,5.464955372760033,0.0,1.5,0.05,0.5,-0.03148614609571785,-0.03148556756267812,-0.02288329519450803,0.0,0.0,0.0,0.0,0.04006122227606815
2040,85,2.636667322297584,2.4182667540928615,5.51072196314905,0.0,1.5,0.05,0.5,2.605181176201866,2.3867811865301833,5.4878386679545414,0.0,1.5,0.05,0.5,-0.03148614609571796,-0.03148565310669243,-0.02288329519450803,0.0,0.0,0.0,0.0,0.04022827033098806
2064,86,2.6681534683933017,2.449752407199554,5.533605258343558,0.0,1.5,0.05,0.5,2.636667322297584,2.4182667540928615,5.51072196314905,0.0,1.5,0.05,0.5,-0.03148614609571785,-0.03148572600185551,-0.02288329519450803,0.0,0.0,0.0,0.0,0.04039531838590797
2088,87,2.6996396144890196,2.4812381332014093,5.556488553538066,0.0,1.5,0.05,0.5,2.6681534683933017,2.449752407199554,5.533605258343558,0.0,1.5,0.05,0.5,-0.03148614609571785,-0.03148578811847269,-0.02288329519450803,0.0,0.0,0.0,0.0,0.04056236644082788
2112,88,2.7311257605847374,2.512723921319882,5.579371848732574,0.0,1.5,0.05,0.5,2.6996396144890196,2.4812381332014093,5.556488553538066,0.0,1.5,0.05,0.5,-0.03148614609571785,-0.03148584105029939,-0.02288329519450803,0.0,0.0,0.0,0.0,0.04072941449574779
2136,89,2.7626119066804553,2.5442097623701816,5.602255143927082,0.0,1.5,0.05,0.5,2.7311257605847374,2.512723921319882,5.579371848732574,0.0,1.5,0.05,0.5,-0.03148614609571796,-0.03148588615543224,-0.02288329519450803,0.0,0.0,0.0,0.0,0.0408964625506677
2160,90,2.794098052776173,2.5756956485256137,5.62513843912159,0.0,1.5,0.05,0.5,2.7626119066804553,2.5442097623701816,5.602255143927082,0.0,1.5,0.05,0.5,-0.03148614609571785,-0.03148592459115496,-0.02288329519450803,0.0,0.0,0.0,0.0,0.04106351060558761
2184,91,2.825584198871891,2.607181573116769,5.6480217343160986,0.0,1.5,0.05,0.5,2.794098052776173,2.5756956485256137,5.62513843912159,0.0,1.5,0.05,0.5,-0.03148614609571785,-0.03148595734363097,-0.02288329519450803,0.0,0.0,0.0,0.0,0.04123055866050752
2208,92,2.857070344967609,2.6386675304604,5.670905029510607,0.0,1.5,0.05,0.5,2.825584198871891,2.607181573116769,5.6480217343160986,0.0,1.5,0.05,0.5,-0.03148614609571796,-0.03148598525320584,-0.02288329519450803,0.0,0.0,0.0,0.0,0.04139760671542743
2232,93,2.888556491063327,2.6701535157136056,5.693788324705115,0.0,1.5,0.05,0.5,2.857070344967609,2.6386675304604,5.670905029510607,0.0,1.5,0.05,0.5,-0.03148614609571785,-0.03148600903596882,-0.02288329519450803,0.0,0.0,0.0,0.0,0.04156465477034734
2256,94,2.9200426371590447,2.7016395247495746,5.716671619899623,0.0,1.5,0.05,0.5,2.888556491063327,2.6701535157136056,5.693788324705115,0.0,1.5,0.05,0.5,-0.03148614609571785,-0.03148602930212535,-0.02288329519450803,0.0,0.0,0.0,0.0,0.04173170282526725
2280,95,2.9515287832547625,2.7331255540517,5.739554915094131,0.0,1.5,0.05,0.5,2.9200426371590447,2.7016395247495746,5.716671619899623,0.0,1.5,0.05,0.5,-0.03148614609571796,-0.03148604657165371,-0.02288329519450803,0.0,0.0,0.0,0.0,0.04189875088018716
2304,96,2.9830149293504804,2.7646116006233536,5.762438210288639,0.0,1.5,0.05,0.5,2.9515287832547625,2.7331255540517,5.739554915094131,0.0,1.5,0.05,0.5,-0.03148614609571785,-0.03148606128764636,-0.02288329519450803,0.0,0.0,0.0,0.0,0.04206579893510707
2328,97,3.0145010754461983,2.796097661911,5.7853215054831475,0.0,1.5,0.05,0.5,2.9830149293504804,2.7646116006233536,5.762438210288639,0.0,1.5,0.05,0.5,-0.03148614609571785,-0.03148607382767843,-0.02288329519450803,0.0,0.0,0.0,0.0,0.04223284699002697
2352,98,3.045987221541916,2.827583735738678,5.808204800677656,0.0,1.5,0.05,0.5,3.0145010754461983,2.796097661911,5.7853215054831475,0.0,1.5,0.05,0.5,-0.03148614609571785,-0.03148608451349544,-0.02288329519450803,0.0,0.0,0.0,0.0,0.04239989504494689
2376,99,3.077473367637634,2.8590698202521736,5.831088095872164,0.0,1.5,0.05,0.5,3.045987221541916,2.827583735738678,5.808204800677656,0.0,1.5,0.05,0.5,-0.03148614609571796,-0.03148609361926846,-0.02288329519450803,0.0,0.0,0.0,0.0,0.0425669430998668
2400,100,3.108959513733352,2.890555913871442,5.853971391066672,0.0,1.5,0.05,0.5,3.077473367637634,2.8590698202521736,5.831088095872164,0.0,1.5,0.05,0.5,-0.03148614609571785,-0.03148610137862845,-0.02288329519450803,0.0,0.0,0.0,0.0,0.0427339911547867
2424,101,3.1404456598290698,2.9220420152500703,5.87685468626118,0.0,1.5,0.05,0.5,3.108959513733352,2.890555913871442,5.853971391066672,0.0,1.5,0.05,0.5,-0.03148614609571785,-0.03148610799066109,-0.02288329519450803,0.0,0.0,0.0,0.0,0.04290103920970662
2448,102,3.1719318059247876,2.9535281232407313,5.899737981455688,0.0,1.5,0.05,0.5,3.1404456598290698,2.9220420152500703,5.87685468626118,0.0,1.5,0.05,0.5,-0.03148614609571796,-0.03148611362501436,-0.02288329519450803,0.0,0.0,0.0,0.0,0.04306808726462653
2472,103,3.2034179520205055,2.9850142368657457,5.922621276650196,0.0,1.5,0.05,0.5,3.1719318059247876,2.9535281232407313,5.899737981455688,0.0,1.5,0.05,0.5,-0.03148614609571785,-0.03148611842625154,-0.02288329519450803,0.0,0.0,0.0,0.0,0.04323513531954643
2496,104,3.2349040981162234,3.0165003552919973,5.945504571844705,0.0,1.5,0.05,0.5,3.2034179520205055,2.9850142368657457,5.922621276650196,0.0,1.5,0.05,0.5,-0.03148614609571785,-0.03148612251756017,-0.02288329519450803,0.0,0.0,0.0,0.0,0.04340218337446634
2520,105,3.2663902442119412,3.0479864778095576,5.968387867039213,0.0,1.5,0.05,0.5,3.2349040981162234,3.0165003552919973,5.945504571844705,0.0,1.5,0.05,0.5,-0.03148614609571796,-0.03148612600391293,-0.02288329519450803,0.0,0.0,0.0,0.0,0.04356923142938626
2544,106,3.297876390307659,3.0794726038134703,5.991271162233721,0.0,1.5,0.05,0.5,3.2663902442119412,3.0479864778095576,5.968387867039213,0.0,1.5,0.05,0.5,-0.03148614609571785,-0.03148612897476077,-0.02288329519450803,0.0,0.0,0.0,0.0,0.04373627948430616
2568,107,3.329362536403377,3.110958732788231,6.014154457428229,0.0,1.5,0.05,0.5,3.297876390307659,3.0794726038134703,5.991271162233721,0.0,1.5,0.05,0.5,-0.03148614609571785,-0.03148613150632823,-0.02288329519450803,0.0,0.0,0.0,0.0,0.04390332753922607
2592,108,3.360848682499095,3.1424448642945593,6.037037752622737,0.0,1.5,0.05,0.5,3.329362536403377,3.110958732788231,6.014154457428229,0.0,1.5,0.05,0.5,-0.03148614609571785,-0.03148613366356884,-0.02288329519450803,0.0,0.0,0.0,0.0,0.04407037559414598
2616,109,3.3923348285948127,3.173930997958128,6.059921047817245,0.0,1.5,0.05,0.5,3.360848682499095,3.1424448642945593,6.037037752622737,0.0,1.5,0.05,0.5,-0.03148614609571796,-0.03148613550183194,-0.02288329519450803,0.0,0.0,0.0,0.0,0.04423742364906589
2640,110,3.4238209746905306,3.20541713345996,6.0828043430117535,0.0,1.5,0.05,0.5,3.3923348285948127,3.173930997958128,6.059921047817245,0.0,1.5,0.05,0.5,-0.03148614609571785,-0.03148613706828268,-0.02288329519450803,0.0,0.0,0.0,0.0,0.0444044717039858
2664,111,3.4553071207862485,3.236903270528243,6.105687638206262,0.0,1.5,0.05,0.5,3.4238209746905306,3.20541713345996,6.0828043430117535,0.0,1.5,0.05,0.5,-0.03148614609571785,-0.03148613840311232,-0.02288329519450803,0.0,0.0,0.0,0.0,0.04457151975890571
2688,112,3.4867932668819663,3.268389408931355,6.12857093340077,0.0,1.5,0.05,0.5,3.4553071207862485,3.236903270528243,6.105687638206262,0.0,1.5,0.05,0.5,-0.03148614609571796,-0.03148613954056917,-0.02288329519450803,0.0,0.0,0.0,0.0,0.04473856781382562
2712,113,3.518279412977684,3.299875548471924,6.151454228595278,0.0,1.5,0.05,0.5,3.4867932668819663,3.268389408931355,6.12857093340077,0.0,1.5,0.05,0.5,-0.03148614609571785,-0.03148614050983745,-0.02288329519450803,0.0,0.0,0.0,0.0,0.04490561586874553
2736,114,3.549765559073402,3.3313616889817617,6.174337523789786,0.0,1.5,0.05,0.5,3.518279412977684,3.299875548471924,6.151454228595278,0.0,1.5,0.05,0.5,-0.03148614609571785,-0.0314861413357862,-0.02288329519450803,0.0,0.0,0.0,0.0,0.04507266392366544
2760,115,3.58125170516912,3.362847830317548,6.197220818984294,0.0,1.5,0.05,0.5,3.549765559073402,3.3313616889817617,6.174337523789786,0.0,1.5,0.05,0.5,-0.03148614609571796,-0.03148614203960715,-0.02288329519450803,0.0,0.0,0.0,0.0,0.04523971197858535
2784,116,3.612737851264838,3.3943339723571553,6.2201041141788025,0.0,1.5,0.05,0.5,3.58125170516912,3.362847830317548,6.197220818984294,0.0,1.5,0.05,0.5,-0.03148614609571785,-0.03148614263935851,-0.02288329519450803,0.0,0.0,0.0,0.0,0.04540676003350526
2808,117,3.6442239973605557,3.425820114996514,6.242987409373311,0.0,1.5,0.05,0.5,3.612737851264838,3.3943339723571553,6.2201041141788025,0.0,1.5,0.05,0.5,-0.03148614609571785,-0.03148614315042847,-0.02288329519450803,0.0,0.0,0.0,0.0,0.04557380808842517
2832,118,3.6757101434562736,3.4573062581469425,6.265870704567819,0.0,1.5,0.05,0.5,3.6442239973605557,3.425820114996514,6.242987409373311,0.0,1.5,0.05,0.5,-0.03148614609571785,-0.03148614358592972,-0.02288329519450803,0.0,0.0,0.0,0.0,0.04574085614334508
2856,119,3.7071962895519914,3.488792401732872,6.288753999762327,0.0,1.5,0.05,0.5,3.6757101434562736,3.4573062581469425,6.265870704567819,0.0,1.5,0.05,0.5,-0.03148614609571796,-0.03148614395703619,-0.02288329519450803,0.0,0.0,0.0,0.0,0.04590790419826499
2880,120,3.7386824356477093,3.520278545689908,6.311637294956835,0.0,1.5,0.05,0.5,3.7071962895519914,3.488792401732872,6.288753999762327,0.0,1.5,0.05,0.5,-0.03148614609571785,-0.03148614427326951,-0.02288329519450803,0.0,0.0,0.0,0.0,0.0460749522531849
2904,121,3.770168581743427,3.5517646899631776,6.334520590151343,0.0,1.5,0.05,0.5,3.7386824356477093,3.520278545689908,6.311637294956835,0.0,1.5,0.05,0.5,-0.03148614609571785,-0.0314861445427434,-0.02288329519450803,0.0,0.0,0.0,0.0,0.0462420003081048
2928,122,3.801654727839145,3.583250834505921,6.357403885345851,0.0,1.5,0.05,0.5,3.770168581743427,3.5517646899631776,6.334520590151343,0.0,1.5,0.05,0.5,-0.03148614609571796,-0.03148614477237194,-0.02288329519450803,0.0,0.0,0.0,0.0,0.04640904836302472
2952,123,3.833140873934863,3.614736979278293,6.38028718054036,0.0,1.5,0.05,0.5,3.801654727839145,3.583250834505921,6.357403885345851,0.0,1.5,0.05,0.5,-0.03148614609571785,-0.03148614496804669,-0.02288329519450803,0.0,0.0,0.0,0.0,0.04657609641794463
2976,124,3.864627020030581,3.6462231242463394,6.403170475734868,0.0,1.5,0.05,0.5,3.833140873934863,3.614736979278293,6.38028718054036,0.0,1.5,0.05,0.5,-0.03148614609571785,-0.03148614513478831,-0.02288329519450803,0.0,0.0,0.0,0.0,0.04674314447286453
3000,125,3.8961131661262987,3.6777092693811277,6.426053770929376,0.0,1.5,0.05,0.5,3.864627020030581,3.6462231242463394,6.403170475734868,0.0,1.5,0.05,0.5,-0.03148614609571796,-0.03148614527687488,-0.02288329519450803,0.0,0.0,0.0,0.0,0.04691019252778444
3024,126,3.9275993122220165,3.7091954146580024,6.448937066123884,0.0,1.5,0.05,0.5,3.8961131661262987,3.6777092693811277,6.426053770929376,0.0,1.5,0.05,0.5,-0.03148614609571785,-0.03148614539795197,-0.02288329519450803,0.0,0.0,0.0,0.0,0.04707724058270436
3048,127,3.9590854583177344,3.7406815600559544,6.471820361318392,0.0,1.5,0.05,0.5,3.9275993122220165,3.7091954146580024,6.448937066123884,0.0,1.5,0.05,0.5,-0.03148614609571785,-0.03148614550112622,-0.02288329519450803,0.0,0.0,0.0,0.0,0.04724428863762426
3072,128,3.9905716044134523,3.772167705557081,6.4947036565129,0.0,1.5,0.05,0.5,3.9590854583177344,3.7406815600559544,6.471820361318392,0.0,1.5,0.05,0.5,-0.03148614609571785,-0.03148614558904472,-0.02288329519450803,0.0,0.0,0.0,0.0,0.04741133669254417
3096,129,4.02205775050917,3.8036538511461258,6.5175869517074085,0.0,1.5,0.05,0.5,3.9905716044134523,3.772167705557081,6.4947036565129,0.0,1.5,0.05,0.5,-0.03148614609571785,-0.03148614566396313,-0.02288329519450803,0.0,0.0,0.0,0.0,0.04757838474746409
3120,130,4.053543896604888,3.835139996810089,6.540470246901917,0.0,1.5,0.05,0.5,4.02205775050917,3.8036538511461258,6.5175869517074085,0.0,1.5,0.05,0.5,-0.03148614609571785,-0.03148614572780395,-0.02288329519450803,0.0,0.0,0.0,0.0,0.04774543280238399
3144,131,4.085030042700605,3.8666261425378927,6.563353542096425,0.0,1.5,0.05,0.5,4.053543896604888,3.835139996810089,6.540470246901917,0.0,1.5,0.05,0.5,-0.03148614609571796,-0.03148614578220504,-0.02288329519450803,0.0,0.0,0.0,0.0,0.0479124808573039
3168,132,4.116516188796323,3.898112288320098,6.586236837290933,0.0,1.5,0.05,0.5,4.085030042700605,3.8666261425378927,6.563353542096425,0.0,1.5,0.05,0.5,-0.03148614609571785,-0.0314861458285623,-0.02288329519450803,0.0,0.0,0.0,0.0,0.04807952891222381
3192,133,4.148002334892041,3.92959843414866,6.609120132485441,0.0,1.5,0.05,0.5,4.116516188796323,3.898112288320098,6.586236837290933,0.0,1.5,0.05,0.5,-0.03148614609571785,-0.03148614586806492,-0.02288329519450803,0.0,0.0,0.0,0.0,0.04824657696714372
3216,134,4.179488480987759,3.961084580016725,6.632003427679949,0.0,1.5,0.05,0.5,4.148002334892041,3.92959843414866,6.609120132485441,0.0,1.5,0.05,0.5,-0.03148614609571785,-0.03148614590172655,-0.02288329519450803,0.0,0.0,0.0,0.0,0.04841362502206363
3240,135,4.210974627083477,3.9925707259184513,6.6548867228744575,0.0,1.5,0.05,0.5,4.179488480987759,3.961084580016725,6.632003427679949,0.0,1.5,0.05,0.5,-0.03148614609571796,-0.03148614593041082,-0.02288329519450803,0.0,0.0,0.0,0.0,0.04858067307698354
3264,136,4.242460773179195,4.024056871848862,6.677770018068966,0.0,1.5,0.05,0.5,4.210974627083477,3.9925707259184513,6.6548867228744575,0.0,1.5,0.05,0.5,-0.03148614609571785,-0.03148614595485377,-0.02288329519450803,0.0,0.0,0.0,0.0,0.04874772113190345
3288,137,4.273946919274913,4.055543017803716,6.700653313263474,0.0,1.5,0.05,0.5,4.242460773179195,4.024056871848862,6.677770018068966,0.0,1.5,0.05,0.5,-0.03148614609571785,-0.03148614597568244,-0.02288329519450803,0.0,0.0,0.0,0.0,0.04891476918682336
3312,138,4.3054330653706305,4.087029163779398,6.723536608457982,0.0,1.5,0.05,0.5,4.273946919274913,4.055543017803716,6.700653313263474,0.0,1.5,0.05,0.5,-0.03148614609571796,-0.03148614599343125,-0.02288329519450803,0.0,0.0,0.0,0.0,0.04908181724174327
3336,139,4.336919211466348,4.11851530977283,6.74641990365249,0.0,1.5,0.05,0.5,4.3054330653706305,4.087029163779398,6.723536608457982,0.0,1.5,0.05,0.5,-0.03148614609571785,-0.0314861460085557,-0.02288329519450803,0.0,0.0,0.0,0.0,0.04924886529666318
3360,140,4.368405357562066,4.150001455781386,6.769303198846998,0.0,1.5,0.05,0.5,4.336919211466348,4.11851530977283,6.74641990365249,0.0,1.5,0.05,0.5,-0.03148614609571785,-0.03148614602144384,-0.02288329519450803,0.0,0.0,0.0,0.0,0.04941591335158309
3384,141,4.399891503657784,4.1814876018028295,6.792186494041506,0.0,1.5,0.05,0.5,4.368405357562066,4.150001455781386,6.769303198846998,0.0,1.5,0.05,0.5,-0.03148614609571796,-0.03148614603242628,-0.02288329519450803,0.0,0.0,0.0,0.0,0.049582961406503
3408,142,4.431377649753502,4.212973747835256,6.815069789236015,0.0,1.5,0.05,0.5,4.399891503657784,4.1814876018028295,6.792186494041506,0.0,1.5,0.05,0.5,-0.03148614609571785,-0.03148614604178479,-0.02288329519450803,0.0,0.0,0.0,0.0,0.0497500094614229
3432,143,4.46286379584922,4.244459893877041,6.837953084430523,0.0,1.5,0.05,0.5,4.431377649753502,4.212973747835256,6.815069789236015,0.0,1.5,0.05,0.5,-0.03148614609571785,-0.03148614604975952,-0.02288329519450803,0.0,0.0,0.0,0.0,0.04991705751634282
3456,144,4.494349941944938,4.275946039926801,6.860836379625031,0.0,1.5,0.05,0.5,4.46286379584922,4.244459893877041,6.837953084430523,0.0,1.5,0.05,0.5,-0.03148614609571785,-0.03148614605655509,-0.02288329519450803,0.0,0.0,0.0,0.0,0.05008410557126273
3480,145,4.525836088040656,4.307432185983356,6.883719674819539,0.0,1.5,0.05,0.5,4.494349941944938,4.275946039926801,6.860836379625031,0.0,1.5,0.05,0.5,-0.03148614609571796,-0.03148614606234579,-0.02288329519450803,0.0,0.0,0.0,0.0,0.05025115362618263
3504,146,4.5573222341363735,4.338918332045702,6.906602970014047,0.0,1.5,0.05,0.5,4.525836088040656,4.307432185983356,6.883719674819539,0.0,1.5,0.05,0.5,-0.03148614609571785,-0.03148614606728017,-0.02288329519450803,0.0,0.0,0.0,0.0,0.05041820168110255
3528,147,4.588808380232091,4.370404478112982,6.929486265208555,0.0,1.5,0.05,0.5,4.5573222341363735,4.338918332045702,6.906602970014047,0.0,1.5,0.05,0.5,-0.03148614609571785,-0.03148614607148514,-0.02288329519450792,0.0,0.0,0.0,0.0,0.05058524973602246
3552,148,4.620294526327809,4.401890624184467,6.9523695604030635,0.0,1.5,0.05,0.5,4.588808380232091,4.370404478112982,6.929486265208555,0.0,1.5,0.05,0.5,-0.03148614609571796,-0.03148614607506828,-0.02288329519450803,0.0,0.0,0.0,0.0,0.05075229779094236
3576,149,4.651780672423527,4.433376770259535,6.975252855597572,0.0,1.5,0.05,0.5,4.620294526327809,4.401890624184467,6.9523695604030635,0.0,1.5,0.05,0.5,-0.03148614609571785,-0.03148614607812161,-0.02288329519450803,0.0,0.0,0.0,0.0,0.05091934584586227
3600,150,4.683266818519245,4.4648629163376565,6.99813615079208,0.0,1.5,0.05,0.5,4.651780672423527,4.433376770259535,6.975252855597572,0.0,1.5,0.05,0.5,-0.03148614609571785,-0.03148614608072342,-0.02288329519450803,0.0,0.0,0.0,0.0,0.05108639390078219
3624,151,4.714752964614963,4.49634906241838,7.021019445986588,0.0,1.5,0.05,0.5,4.683266818519245,4.4648629163376565,6.99813615079208,0.0,1.5,0.05,0.5,-0.03148614609571796,-0.03148614608294065,-0.02288329519450803,0.0,0.0,0.0,0.0,0.05125344195570209
