cycle,hour_cyc,step,DELAR
0,0,3600.0,[0.0,0.0,0.0,0.0,0.0,0.0,0.0,0.0,0.0,0.0,0.0,0.0,0.0,0.0,0.0,0.0,0.0,0.0,0.0,0.0]
24,0,3600.0,[0.0,0.0,0.0,0.0,0.0,0.0,0.0,0.0,0.0,0.0,0.0,0.0,0.0,0.0,0.0,0.0,0.0,0.0,0.0,0.0]
48,0,3600.0,[0.0,0.0,0.0,0.0,0.0,0.0,0.0,0.0,0.0,0.0,0.0,0.0,0.0,0.0,0.0,0.0,0.0,0.0,0.0,0.0]
72,0,3600.0,[0.0,0.0,0.0,0.0,0.0,0.0,0.0,0.0,0.0,0.0,0.0,0.0,0.0,0.0,0.0,0.0,0.0,0.0,0.0,0.0]
96,0,3600.0,[0.0,0.0,0.0,0.0,0.0,0.0,0.0,0.0,0.0,0.0,0.0,0.0,0.0,0.0,0.0,0.0,0.0,0.0,0.0,0.0]
120,0,3600.0,[-0.0,0.0,0.0,0.0,0.0,0.0,0.0,0.0,0.0,0.0,0.0,0.0,0.0,0.0,0.0,0.0,0.0,0.0,0.0,0.0]
144,0,3600.0,[-0.0,0.0,0.0,0.0,0.0,0.0,0.0,0.0,0.0,0.0,0.0,0.0,0.0,0.0,0.0,0.0,0.0,0.0,0.0,0.0]
168,0,3600.0,[-0.0,0.0,0.0,0.0,0.0,0.0,0.0,0.0,0.0,0.0,0.0,0.0,0.0,0.0,0.0,0.0,0.0,0.0,0.0,0.0]
192,0,3600.0,[-0.0,-0.0,0.0,0.0,0.0,0.0,0.0,0.0,0.0,0.0,0.0,0.0,0.0,0.0,0.0,0.0,0.0,0.0,0.0,0.0]
216,0,3600.0,[-0.0,-0.0,0.0,0.0,0.0,0.0,0.0,0.0,0.0,0.0,0.0,0.0,0.0,0.0,0.0,0.0,0.0,0.0,0.0,0.0]
240,0,3600.0,[-0.0,-0.0,0.0,0.0,0.0,0.0,0.0,0.0,0.0,0.0,0.0,0.0,0.0,0.0,0.0,0.0,0.0,0.0,0.0,0.0]
264,0,3600.0,[-0.0,-0.0,0.0,0.0,0.0,0.0,0.0,0.0,0.0,0.0,0.0,0.0,0.0,0.0,0.0,0.0,0.0,0.0,0.0,0.0]
288,0,3600.0,[-0.0,-0.0,0.0,0.0,0.0,0.0,0.0,0.0,0.0,0.0,0.0,0.0,0.0,0.0,0.0,0.0,0.0,0.0,0.0,0.0]
312,0,3600.0,[-0.0,-0.0,-0.0,0.0,0.0,0.0,0.0,0.0,0.0,0.0,0.0,0.0,0.0,0.0,0.0,0.0,0.0,0.0,0.0,0.0]
336,0,3600.0,[-0.0,-0.0,-0.0,0.0,0.0,0.0,0.0,0.0,0.0,0.0,0.0,0.0,0.0,0.0,0.0,0.0,0.0,0.0,0.0,0.0]
360,0,3600.0,[-0.0,-0.0,-0.0,0.0,0.0,0.0,0.0,0.0,0.0,0.0,0.0,0.0,0.0,0.0,0.0,0.0,0.0,0.0,0.0,0.0]
384,0,3600.0,[-0.0,-0.0,-0.0,0.0,0.0,0.0,0.0,0.0,0.0,0.0,0.0,0.0,0.0,0.0,0.0,0.0,0.0,0.0,0.0,0.0]
408,0,3600.0,[-0.0,-0.0,-0.0,0.0,0.0,0.0,0.0,0.0,0.0,0.0,0.0,0.0,0.0,0.0,0.0,0.0,0.0,0.0,0.0,0.0]
432,0,3600.0,[-0.0,-0.0,-0.0,-0.0,0.0,0.0,0.0,0.0,0.0,0.0,0.0,0.0,0.0,0.0,0.0,0.0,0.0,0.0,0.0,0.0]
456,0,3600.0,[-0.0,-0.0,-0.0,-0.0,0.0,0.0,0.0,0.0,0.0,0.0,0.0,0.0,0.0,0.0,0.0,0.0,0.0,0.0,0.0,0.0]
480,0,3600.0,[-0.0,-0.0,-0.0,-0.0,0.0,0.0,0.0,0.0,0.0,0.0,0.0,0.0,0.0,0.0,0.0,0.0,0.0,0.0,0.0,0.0]
504,0,3600.0,[-0.0,-0.0,-0.0,-0.0,0.0,0.0,0.0,0.0,0.0,0.0,0.0,0.0,0.0,0.0,0.0,0.0,0.0,0.0,0.0,0.0]
528,0,3600.0,[-0.0,-0.0,-0.0,-0.0,0.0,0.0,0.0,0.0,0.0,0.0,0.0,0.0,0.0,0.0,0.0,0.0,0.0,0.0,0.0,0.0]
552,0,3600.0,[-0.0,-0.0,-0.0,-0.0,-0.0,0.0,0.0,0.0,0.0,0.0,0.0,0.0,0.0,0.0,0.0,0.0,0.0,0.0,0.0,0.0]
576,0,3600.0,[-0.0,-0.0,-0.0,-0.0,-0.0,0.0,0.0,0.0,0.0,0.0,0.0,0.0,0.0,0.0,0.0,0.0,0.0,0.0,0.0,0.0]
600,0,3600.0,[-0.0,-0.0,-0.0,-0.0,-0.0,0.0,0.0,0.0,0.0,0.0,0.0,0.0,0.0,0.0,0.0,0.0,0.0,0.0,0.0,0.0]
624,0,3600.0,[-0.0,-0.0,-0.0,-0.0,-0.0,0.0,0.0,0.0,0.0,0.0,0.0,0.0,0.0,0.0,0.0,0.0,0.0,0.0,0.0,0.0]
648,0,3600.0,[-0.0,-0.0,-0.0,-0.0,-0.0,0.0,0.0,0.0,0.0,0.0,0.0,0.0,0.0,0.0,0.0,0.0,0.0,0.0,0.0,0.0]
672,0,3600.0,[-0.0,-0.0,-0.0,-0.0,-0.0,-0.0,0.0,0.0,0.0,0.0,0.0,0.0,0.0,0.0,0.0,0.0,0.0,0.0,0.0,0.0]
696,0,3600.0,[-0.0,-0.0,-0.0,-0.0,-0.0,-0.0,0.0,0.0,0.0,0.0,0.0,0.0,0.0,0.0,0.0,0.0,0.0,0.0,0.0,0.0]
720,0,3600.0,[-0.0,-0.0,-0.0,-0.0,-0.0,-0.0,0.0,0.0,0.0,0.0,0.0,0.0,0.0,0.0,0.0,0.0,0.0,0.0,0.0,0.0]
744,0,3600.0,[-0.0,-0.0,-0.0,-0.0,-0.0,-0.0,0.0,0.0,0.0,0.0,0.0,0.0,0.0,0.0,0.0,0.0,0.0,0.0,0.0,0.0]
768,0,3600.0,[-0.0,-0.0,-0.0,-0.0,-0.0,-0.0,0.0,0.0,0.0,0.0,0.0,0.0,0.0,0.0,0.0,0.0,0.0,0.0,0.0,0.0]
792,0,3600.0,[-0.0,-0.0,-0.0,-0.0,-0.0,-0.0,-0.0,0.0,0.0,0.0,0.0,0.0,0.0,0.0,0.0,0.0,0.0,0.0,0.0,0.0]
816,0,3600.0,[-0.0,-0.0,-0.0,-0.0,-0.0,-0.0,-0.0,0.0,0.0,0.0,0.0,0.0,0.0,0.0,0.0,0.0,0.0,0.0,0.0,0.0]
840,0,3600.0,[-0.0,-0.0,-0.0,-0.0,-0.0,-0.0,-0.0,0.0,0.0,0.0,0.0,0.0,0.0,0.0,0.0,0.0,0.0,0.0,0.0,0.0]
864,0,3600.0,[-0.0,-0.0,-0.0,-0.0,-0.0,-0.0,-0.0,0.0,0.0,0.0,0.0,0.0,0.0,0.0,0.0,0.0,0.0,0.0,0.0,0.0]
888,0,3600.0,[-0.0,-0.0,-0.0,-0.0,-0.0,-0.0,-0.0,0.0,0.0,0.0,0.0,0.0,0.0,0.0,0.0,0.0,0.0,0.0,0.0,0.0]
912,0,3600.0,[-0.0,-0.0,-0.0,-0.0,-0.0,-0.0,-0.0,-0.0,0.0,0.0,0.0,0.0,0.0,0.0,0.0,0.0,0.0,0.0,0.0,0.0]
936,0,3600.0,[-0.0,-0.0,-0.0,-0.0,-0.0,-0.0,-0.0,-0.0,0.0,0.0,0.0,0.0,0.0,0.0,0.0,0.0,0.0,0.0,0.0,0.0]
960,0,3600.0,[-0.0,-0.0,-0.0,-0.0,-0.0,-0.0,-0.0,-0.0,0.0,0.0,0.0,0.0,0.0,0.0,0.0,0.0,0.0,0.0,0.0,0.0]
984,0,3600.0,[-0.00000000064256163,-0.00000000763057219,-0.00000004320572767,-0.00000015413419915,-0.00000038396144542,-0.00000069253356158,-0.00000088182741788,-0.00000048229620488,0.0000001198837401,0.00000041769346068,0.0,0.0,0.0,0.0,0.0,0.0,0.0,0.0,0.0,0.0]
1008,0,3600.0,[-0.00000000093485292,-0.00000001144116178,-0.00000006689170853,-0.0000002470794676,-0.00000064007158075,-0.00000121046030556,-0.00000164892558431,-0.00000105319535279,0.00000000550342454,0.00000064459310177,0.0,0.0,0.0,0.0,0.0,0.0,0.0,0.0,0.0,0.0]
1032,0,3600.0,[-0.00000000100839157,-0.0000000127116782,-0.00000007668818527,-0.00000029302719905,-0.00000078834839777,-0.00000155936298527,-0.00000225838537019,-0.00000163277293295,-0.00000027227482133,0.00000070847566946,0.0,0.0,0.0,0.0,0.0,0.0,0.0,0.0,0.0,0.0]
1056,0,3600.0,[-0.00000000095565344,-0.00000001240212246,-0.00000007715576484,-0.00000030471928462,-0.00000085035162606,-0.00000175554401336,-0.00000268963591335,-0.00000215770717886,-0.00000064605609283,0.00000064117370017,0.0,0.0,0.0,0.0,0.0,0.0,0.0,0.0,0.0,0.0]
1080,0,3600.0,[-0.00000000083911415,-0.00000001120535183,-0.00000007184301358,-0.00000029304266334,-0.00000084729646234,-0.00000182231490554,-0.00000294146433761,-0.00000258330773135,-0.0000010558299988,0.00000047633114464,0.0,0.0,0.0,0.0,0.0,0.0,0.0,0.0,0.0,0.0]
1104,0,3600.0,[-0.00000000069892391,-0.00000000959933854,-0.00000006339312267,-0.0000002668634375,-0.00000079865404951,-0.00000178651369425,-0.00000302783602466,-0.00000288349368018,-0.00000145188737443,0.00000024722757953,0.0,0.0,0.0,0.0,0.0,0.0,0.0,0.0,0.0,0.0]
1128,0,3600.0,[-0.00000000055918908,-0.00000000789560859,-0.00000005367813948,-0.00000023305150732,-0.00000072124414636,-0.00000167553323497,-0.00000297319927448,-0.00000304907676549,-0.00000179654113183,-0.00000001516480232,0.0,0.0,0.0,0.0,0.0,0.0,0.0,0.0,0.0,0.0]
1152,0,3600.0,[-0.00000000043293519,-0.00000000628179435,-0.00000004394291533,-0.0000001966422945,-0.00000062877616297,-0.00000151502547716,-0.00000280787149999,-0.00000308483770047,-0.00000206462362952,-0.0000002837506037,0.0,0.0,0.0,0.0,0.0,0.0,0.0,0.0,0.0,0.0]
1176,0,3600.0,[-0.00000000032589088,-0.00000000485729607,-0.00000003494519876,-0.00000016108413712,-0.00000053176209865,-0.0000013273369273,-0.00000256396336339,-0.00000300592969171,-0.00000224288080738,-0.00000053641079627,0.0,0.0,0.0,0.0,0.0,0.0,0.0,0.0,0.0,0.0]
1200,0,3600.0,[-0.00000000023926747,-0.00000000366187872,-0.00000002708261055,-0.00000012852648443,-0.00000043770862556,-0.00000113064037897,-0.00000227213242084,-0.00000283411376752,-0.00000232849138204,-0.00000075659135169,0.0,0.0,0.0,0.0,0.0,0.0,0.0,0.0,0.0,0.0]
1224,0,3600.0,[-0.00000000017171902,-0.00000000269762307,-0.00000002050113614,-0.00000010011319219,-0.00000035149337021,-0.00000093866392421,-0.00000195929574771,-0.0000025942446386,-0.00000232700012236,-0.00000093339540027,0.0,0.0,0.0,0.0,0.0,0.0,0.0,0.0,0.0,0.0]
1248,0,3600.0,[-0.00000000012066081,-0.00000000194502039,-0.00000001518299126,-0.00000007625530728,-0.00000027583893476,-0.00000076088172879,-0.00000164729210347,-0.00000231130673974,-0.00000224996821977,-0.00000106124112554,0.0,0.0,0.0,0.0,0.0,0.0,0.0,0.0,0.0,0.0]
1272,0,3600.0,[-0.00000000008310595,-0.00000000137418445,-0.00000001101413803,-0.00000005686739263,-0.00000021181351566,-0.00000060301950951,-0.00000135238090522,-0.00000200817080345,-0.00000211261811849,-0.00000113918193133,-0.0,0.0,0.0,0.0,0.0,0.0,0.0,0.0,0.0,0.0]
1296,0,3600.0,[-0.00000000005615527,-0.00000000095219381,-0.00000000783335363,-0.00000004155976217,-0.00000015930545968,-0.00000046773591825,-0.00000108540209697,-0.00000170412111837,-0.00000193169612685,-0.00000117000374487,-0.0,0.0,0.0,0.0,0.0,0.0,0.0,0.0,0.0,0.0]
1320,0,3600.0,[-0.00000000003724952,-0.00000000064751705,-0.00000000546566973,-0.0000000297854804,-0.00000011743771208,-0.00000035536270863,-0.00000085239573187,-0.00000141410613192,-0.00000172370659405,-0.0000011592168367,-0.0,0.0,0.0,0.0,0.0,0.0,0.0,0.0,0.0,0.0]
1344,0,3600.0,[-0.00000000002426783,-0.00000000043235181,-0.00000000374334645,-0.0000000209455007,-0.00000008490467829,-0.00000026461522149,-0.0000006554858573,-0.00000114859745804,-0.00000150359870565,-0.00000111404863429,-0.0,0.0,0.0,0.0,0.0,0.0,0.0,0.0,0.0,0.0]
1368,0,3600.0,[-0.00000000001553371,-0.00000000028355909,-0.00000000251747462,-0.00000001445800873,-0.00000006022725616,-0.00000019321485322,-0.00000049386080203,-0.00000091390589767,-0.00000128392104379,-0.00000104252347517,-0.0,0.0,0.0,0.0,0.0,0.0,0.0,0.0,0.0,0.0]
1392,0,3600.0,[-0.00000000000977157,-0.0000000001827205,-0.00000000166296419,-0.00000000979921042,-0.0000000419312198,-0.00000013839265603,-0.00000036472148447,-0.00000071279437796,-0.00000107440676235,-0.00000095268943608,-0.0,-0.0,0.0,0.0,0.0,0.0,0.0,0.0,0.0,0.0]
1416,0,3600.0,[-0.00000000000604194,-0.00000000011570482,-0.00000000107920316,-0.00000000652284115,-0.00000002865988977,-0.00000009726552652,-0.00000026411230035,-0.00000054524042536,-0.00000088191686859,-0.00000085202545545,-0.0,-0.0,0.0,0.0,0.0,0.0,0.0,0.0,0.0,0.0]
1440,0,3600.0,[-0.00000000000367249,-0.00000000007200976,-0.00000000068815738,-0.00000000426496395,-0.0000000192346574,-0.00000006709248976,-0.00000018758897203,-0.00000040922733783,-0.00000071065089942,-0.00000074703736081,-0.0,-0.0,0.0,0.0,0.0,0.0,0.0,0.0,0.0,0.0]
1464,0,3600.0,[-0.00000000000219454,-0.00000000004404934,-0.00000000043119638,-0.00000000273950974,-0.00000001267719835,-0.00000004542845894,-0.00000013071032871,-0.00000030147626113,-0.00000056253109109,-0.00000064303148935,-0.0,-0.0,0.0,0.0,0.0,0.0,0.0,0.0,0.0,0.0]
1488,0,3600.0,[-0.00000000000128924,-0.00000000002648553,-0.00000000026551203,-0.00000000172876285,-0.00000000820590403,-0.0000000301974043,-0.00000008936448879,-0.00000021806478818,-0.00000043767437742,-0.00000054404057334,-0.0,-0.0,0.0,0.0,0.0,0.0,0.0,0.0,0.0,0.0]
1512,0,3600.0,[-0.00000000000074459,-0.00000000001565294,-0.00000000016066356,-0.0000000010717962,-0.0000000052168906,-0.00000001970736347,-0.00000005995431869,-0.0000001549071371,-0.00000033488207917,-0.00000045286863771,-0.0,-0.0,0.0,0.0,0.0,0.0,0.0,0.0,0.0,0.0]
1536,0,3600.0,[-0.00000000000042274,-0.0000000000090925,-0.00000000009553498,-0.00000000065282617,-0.00000000325747962,-0.0000000126275287,-0.0000000394735773,-0.00000010809394578,-0.00000025209601761,-0.00000037121920045,-0.0,-0.0,-0.0,0.0,0.0,0.0,0.0,0.0,0.0,0.0]
1560,0,3600.0,[-0.00000000000023592,-0.00000000000519087,-0.00000000005582059,-0.00000000039063644,-0.00000000199767769,-0.00000000794398641,-0.00000002550570789,-0.00000007410542105,-0.00000018678874402,-0.0000002998729361,-0.0,-0.0,-0.0,0.0,0.0,0.0,0.0,0.0,0.0,0.0]
1584,0,3600.0,[-0.0000000000001294,-0.00000000000291223,-0.00000000003204624,-0.00000000022961881,-0.00000000120315027,-0.00000000490654229,-0.00000001617385396,-0.00000004992042532,-0.00000013627231656,-0.00000023888578505,-0.0,-0.0,-0.0,0.0,0.0,0.0,0.0,0.0,0.0,0.0]
1608,0,3600.0,[-0.00000000000006975,-0.00000000000160542,-0.00000000001807439,-0.00000000013257474,-0.00000000071159217,-0.0000000029751211,-0.00000001006520515,-0.00000003304727854,-0.00000009792325691,-0.00000018778490984,-0.0,-0.0,-0.0,0.0,0.0,0.0,0.0,0.0,0.0,0.0]
1632,0,3600.0,[-0.00000000000003693,-0.00000000000086949,-0.00000000001001378,-0.00000000007517651,-0.00000000041325239,-0.00000000177088508,-0.00000000614668494,-0.0000000215011548,-0.00000006933052858,-0.00000014574674524,-0.0,-0.0,-0.0,0.0,0.0,0.0,0.0,0.0,0.0,0.0]
1656,0,3600.0,[-0.00000000000001921,-0.00000000000046258,-0.00000000000544898,-0.00000000004186123,-0.00000000023562388,-0.00000000103463592,-0.00000000368327464,-0.00000001374952179,-0.00000004837880153,-0.000000111747781,-0.0,-0.0,-0.0,-0.0,0.0,0.0,0.0,0.0,0.0,0.0]
1680,0,3600.0,[-0.0000000000000098,-0.00000000000024169,-0.00000000000291167,-0.00000000002288665,-0.00000000013188063,-0.00000000059325558,-0.00000000216549811,-0.00000000864245132,-0.00000003328152509,-0.00000008468409128,-0.0,-0.0,-0.0,-0.0,0.0,0.0,0.0,0.0,0.0,0.0]
1704,0,3600.0,[-0.00000000000000491,-0.000000000000124,-0.00000000000152756,-0.00000000001228335,-0.00000000007244865,-0.00000000033380298,-0.00000000124898863,-0.00000000533983055,-0.00000002257823681,-0.00000006345971237,-0.0,-0.0,-0.0,-0.0,0.0,0.0,0.0,0.0,0.0,0.0]
1728,0,3600.0,[-0.00000000000000241,-0.00000000000006245,-0.00000000000078667,-0.00000000000647041,-0.00000000003905611,-0.00000000018427287,-0.00000000070660007,-0.00000000324318412,-0.00000001510892215,-0.00000004704673697,-0.0,-0.0,-0.0,-0.0,0.0,0.0,0.0,0.0,0.0,0.0]
1752,0,3600.0,[-0.00000000000000115,-0.00000000000003087,-0.00000000000039758,-0.00000000000334453,-0.00000000002065718,-0.00000000009978748,-0.00000000039204183,-0.00000000193632093,-0.00000000997583639,-0.00000003452157142,-0.0,-0.0,-0.0,-0.0,0.0,0.0,0.0,0.0,0.0,0.0]
1776,0,3600.0,[-0.00000000000000053,-0.00000000000001497,-0.00000000000019715,-0.00000000000169601,-0.00000000001071724,-0.00000000005299649,-0.0000000002132826,-0.00000000113644659,-0.00000000650057465,-0.00000002508241848,-0.0,-0.0,-0.0,-0.0,0.0,0.0,0.0,0.0,0.0,0.0]
1800,0,3600.0,[-0.00000000000000023,-0.00000000000000712,-0.00000000000009589,-0.00000000000084354,-0.00000000000545286,-0.00000000002759812,-0.00000000011375105,-0.00000000065567413,-0.0000000041817113,-0.00000001805296341,-0.0,-0.0,-0.0,-0.0,-0.0,0.0,0.0,0.0,0.0,0.0]
1824,0,3600.0,[-0.00000000000000009,-0.00000000000000331,-0.00000000000004574,-0.00000000000041139,-0.00000000000272011,-0.0000000000140887,-0.00000000005946166,-0.00000000037187191,-0.00000000265624952,-0.00000001287670881,-0.0,-0.0,-0.0,-0.0,-0.0,0.0,0.0,0.0,0.0,0.0]
1848,0,3600.0,[-0.00000000000000003,-0.00000000000000151,-0.00000000000002138,-0.00000000000019667,-0.00000000000133,-0.00000000000704874,-0.0000000000304577,-0.00000000020733001,-0.000000001666512,-0.00000000910563571,-0.0,-0.0,-0.0,-0.0,-0.0,0.0,0.0,0.0,0.0,0.0]
1872,0,3600.0,[0.0,-0.00000000000000067,-0.0000000000000098,-0.00000000000009214,-0.00000000000063723,-0.00000000000345527,-0.00000000001528355,-0.00000000011362929,-0.00000000103296253,-0.00000000638603149,-0.0,-0.0,-0.0,-0.0,-0.0,0.0,0.0,0.0,0.0,0.0]
1896,0,3600.0,[0.00000000000000002,-0.00000000000000029,-0.0000000000000044,-0.00000000000004229,-0.00000000000029909,-0.00000000000165905,-0.00000000000751103,-0.00000000006121708,-0.00000000063271541,-0.00000000444352865,-0.0,-0.0,-0.0,-0.0,-0.0,0.0,0.0,0.0,0.0,0.0]
1920,0,3600.0,[0.00000000000000002,-0.00000000000000012,-0.00000000000000193,-0.00000000000001901,-0.00000000000013747,-0.00000000000078002,-0.00000000000361406,-0.0000000000324193,-0.00000000038308066,-0.00000000306871026,-0.0,-0.0,-0.0,-0.0,-0.0,0.0,0.0,0.0,0.0,0.0]
1944,0,3600.0,[0.00000000000000003,-0.00000000000000004,-0.00000000000000083,-0.00000000000000836,-0.00000000000006185,-0.00000000000035899,-0.00000000000170207,-0.00000000001687631,-0.00000000022931839,-0.00000000210408492,-0.0,-0.0,-0.0,-0.0,-0.0,-0.0,0.0,0.0,0.0,0.0]
1968,0,3600.0,[0.00000000000000003,-0.00000000000000001,-0.00000000000000035,-0.0000000000000036,-0.00000000000002724,-0.00000000000016167,-0.00000000000078433,-0.00000000000863553,-0.0000000001357567,-0.00000000143282088,-0.0,-0.0,-0.0,-0.0,-0.0,-0.0,0.0,0.0,0.0,0.0]
1992,0,3600.0,[0.00000000000000003,0.0,-0.00000000000000014,-0.00000000000000152,-0.00000000000001173,-0.00000000000007122,-0.00000000000035351,-0.00000000000434342,-0.000000000079499,-0.00000000096934068,-0.0,-0.0,-0.0,-0.0,-0.0,-0.0,0.0,0.0,0.0,0.0]
2016,0,3600.0,[0.00000000000000003,0.00000000000000001,-0.00000000000000005,-0.00000000000000062,-0.00000000000000494,-0.00000000000003068,-0.00000000000015579,-0.00000000000214735,-0.0000000000460618,-0.00000000065169443,-0.0,-0.0,-0.0,-0.0,-0.0,-0.0,0.0,0.0,0.0,0.0]
2040,0,3600.0,[0.00000000000000003,0.00000000000000001,-0.00000000000000002,-0.00000000000000025,-0.00000000000000203,-0.00000000000001292,-0.0000000000000671,-0.00000000000104351,-0.00000000002641166,-0.00000000043552586,-0.0,-0.0,-0.0,-0.0,-0.0,-0.0,0.0,0.0,0.0,0.0]
2064,0,3600.0,[0.00000000000000003,0.00000000000000001,-0.0,-0.0000000000000001,-0.00000000000000082,-0.00000000000000531,-0.00000000000002824,-0.00000000000049843,-0.00000000001499056,-0.00000000028939932,-0.0,-0.0,-0.0,-0.0,-0.0,-0.0,0.0,0.0,0.0,0.0]
2088,0,3600.0,[0.00000000000000003,0.00000000000000001,0.0,-0.00000000000000004,-0.00000000000000032,-0.00000000000000213,-0.0000000000000116,-0.00000000000023401,-0.00000000000842352,-0.0000000001912484,-0.0,-0.0,-0.0,-0.0,-0.0,-0.0,-0.0,0.0,0.0,0.0]
2112,0,3600.0,[0.00000000000000003,0.00000000000000001,0.0,-0.00000000000000001,-0.00000000000000012,-0.00000000000000084,-0.00000000000000465,-0.00000000000010799,-0.00000000000468708,-0.00000000012572154,-0.0,-0.0,-0.0,-0.0,-0.0,-0.0,-0.0,0.0,0.0,0.0]
2136,0,3600.0,[0.00000000000000003,0.00000000000000001,0.0,-0.0,-0.00000000000000005,-0.00000000000000032,-0.00000000000000182,-0.00000000000004898,-0.00000000000258296,-0.00000000008222803,-0.0,-0.0,-0.0,-0.0,-0.0,-0.0,-0.0,0.0,0.0,0.0]
2160,0,3600.0,[0.00000000000000003,0.00000000000000001,0.00000000000000001,0.0,-0.00000000000000002,-0.00000000000000012,-0.00000000000000069,-0.00000000000002184,-0.00000000000140995,-0.00000000005351888,-0.0,-0.0,-0.0,-0.0,-0.0,-0.0,-0.0,0.0,0.0,0.0]
2184,0,3600.0,[0.00000000000000003,0.00000000000000001,0.00000000000000001,0.0,-0.00000000000000001,-0.00000000000000004,-0.00000000000000026,-0.00000000000000957,-0.00000000000076246,-0.00000000003466906,-0.0,-0.0,-0.0,-0.0,-0.0,-0.0,-0.0,0.0,0.0,0.0]
2208,0,3600.0,[0.00000000000000003,0.00000000000000001,0.00000000000000001,0.0,-0.0,-0.00000000000000001,-0.00000000000000009,-0.00000000000000412,-0.00000000000040852,-0.00000000002235571,-0.0,-0.0,-0.0,-0.0,-0.0,-0.0,-0.0,0.0,0.0,0.0]
2232,0,3600.0,[0.00000000000000003,0.00000000000000001,0.0,0.0,0.0,-0.0,-0.00000000000000003,-0.00000000000000174,-0.00000000000021688,-0.00000000001435167,-0.0,-0.0,-0.0,-0.0,-0.0,-0.0,-0.0,-0.0,0.0,0.0]
2256,0,3600.0,[0.00000000000000003,0.00000000000000001,0.0,0.0,0.0,-0.0,-0.00000000000000001,-0.00000000000000073,-0.0000000000001141,-0.00000000000917348,-0.0,-0.0,-0.0,-0.0,-0.0,-0.0,-0.0,-0.0,0.0,0.0]
2280,0,3600.0,[0.00000000000000003,0.00000000000000001,0.0,0.0,0.0,-0.0,-0.0,-0.0000000000000003,-0.00000000000005949,-0.00000000000583884,-0.0,-0.0,-0.0,-0.0,-0.0,-0.0,-0.0,-0.0,0.0,0.0]
2304,0,3600.0,[0.00000000000000003,0.00000000000000001,0.0,0.0,0.0,0.0,-0.0,-0.00000000000000012,-0.00000000000003074,-0.00000000000370099,-0.0,-0.0,-0.0,-0.0,-0.0,-0.0,-0.0,-0.0,0.0,0.0]
2328,0,3600.0,[0.00000000000000003,0.00000000000000001,0.0,0.0,0.0,0.0,-0.0,-0.00000000000000005,-0.00000000000001574,-0.00000000000233637,-0.0,-0.0,-0.0,-0.0,-0.0,-0.0,-0.0,-0.0,0.0,0.0]
2352,0,3600.0,[0.00000000000000003,0.00000000000000001,0.0,0.0,0.0,0.0,-0.0,-0.00000000000000002,-0.00000000000000799,-0.000000000001469,-0.0,-0.0,-0.0,-0.0,-0.0,-0.0,-0.0,-0.0,0.0,0.0]
2376,0,3600.0,[0.00000000000000003,0.00000000000000001,0.0,0.0,0.0,0.0,0.0,-0.00000000000000001,-0.00000000000000402,-0.00000000000092,-0.0,-0.0,-0.0,-0.0,-0.0,-0.0,-0.0,-0.0,-0.0,0.0]
2400,0,3600.0,[0.00000000000000003,0.00000000000000001,0.0,0.0,0.0,0.0,0.0,-0.0,-0.000000000000002,-0.00000000000057393,-0.0,-0.0,-0.0,-0.0,-0.0,-0.0,-0.0,-0.0,-0.0,0.0]
2424,0,3600.0,[0.00000000000000003,0.00000000000000001,0.0,0.0,0.0,0.0,0.0,-0.0,-0.00000000000000099,-0.00000000000035665,-0.0,-0.0,-0.0,-0.0,-0.0,-0.0,-0.0,-0.0,-0.0,0.0]
2448,0,3600.0,[0.00000000000000003,0.00000000000000001,0.0,0.0,0.0,0.0,0.0,-0.0,-0.00000000000000048,-0.00000000000022078,-0.0,-0.0,-0.0,-0.0,-0.0,-0.0,-0.0,-0.0,-0.0,0.0]
2472,0,3600.0,[0.00000000000000003,0.00000000000000001,0.0,0.0,0.0,0.0,0.0,-0.0,-0.00000000000000024,-0.00000000000013615,-0.0,-0.0,-0.0,-0.0,-0.0,-0.0,-0.0,-0.0,-0.0,0.0]
2496,0,3600.0,[0.00000000000000003,0.00000000000000001,0.0,0.0,0.0,0.0,0.0,-0.0,-0.00000000000000011,-0.00000000000008365,-0.0,-0.0,-0.0,-0.0,-0.0,-0.0,-0.0,-0.0,-0.0,0.0]
2520,0,3600.0,[0.00000000000000003,0.00000000000000001,0.0,0.0,0.0,0.0,0.0,0.0,-0.00000000000000005,-0.00000000000005119,-0.0,-0.0,-0.0,-0.0,-0.0,-0.0,-0.0,-0.0,-0.0,0.0]
2544,0,3600.0,[0.00000000000000003,0.00000000000000001,0.0,0.0,0.0,0.0,0.0,0.0,-0.00000000000000003,-0.00000000000003122,-0.0,-0.0,-0.0,-0.0,-0.0,-0.0,-0.0,-0.0,-0.0,0.0]
2568,0,3600.0,[0.00000000000000003,0.00000000000000001,0.0,0.0,0.0,0.0,0.0,0.0,-0.00000000000000001,-0.00000000000001896,-0.0,-0.0,-0.0,-0.0,-0.0,-0.0,-0.0,-0.0,-0.0,0.0]
2592,0,3600.0,[0.00000000000000003,0.00000000000000001,0.0,0.0,0.0,0.0,0.0,0.0,-0.00000000000000001,-0.00000000000001148,-0.0,-0.0,-0.0,-0.0,-0.0,-0.0,-0.0,-0.0,-0.0,0.0]
2616,0,3600.0,[0.00000000000000004,0.00000000000000001,0.0,0.0,0.0,0.0,0.0,0.0,-0.0,-0.00000000000000692,-0.0,-0.0,-0.0,-0.0,-0.0,-0.0,-0.0,-0.0,-0.0,0.0]
