cycle,hour_cyc,stp,LFAR
0,0,0,[0.006,0.0,0.0,0.0,0.0,0.0,0.0,0.0,0.0,0.0,0.0,0.0,0.0,0.0,0.0,0.0,0.0,0.0,0.0,0.0]
0,0,1,[0.006,0.0,0.0,0.0,0.0,0.0,0.0,0.0,0.0,0.0,0.0,0.0,0.0,0.0,0.0,0.0,0.0,0.0,0.0,0.0]
24,0,1,[0.00316444443142797,0.00162258075,0.0,0.0,0.0,0.0,0.0,0.0,0.0,0.0,0.0,0.0,0.0,0.0,0.0,0.0,0.0,0.0,0.0,0.0]
48,0,1,[0.00187879415085324,0.00225395274716391,0.00043879471504509,0.0,0.0,0.0,0.0,0.0,0.0,0.0,0.0,0.0,0.0,0.0,0.0,0.0,0.0,0.0,0.0,0.0]
72,0,1,[0.00010772790495549,0.00246534630786456,0.00109201698840667,0.00011866330963898,0.0,0.0,0.0,0.0,0.0,0.0,0.0,0.0,0.0,0.0,0.0,0.0,0.0,0.0,0.0,0.0]
96,0,1,[-0.00177105958874668,0.00249380820039801,0.0018107616325489,0.0004503244771104,0.00003173627241829,0.0,0.0,0.0,0.0,0.0,0.0,0.0,0.0,0.0,0.0,0.0,0.0,0.0,0.0,0.0]
120,0,1,[-0.00358001343597123,0.00246562038204861,0.00273854884329092,0.00101726491317202,0.00016936071150686,0.00000843428836959,0.0,0.0,0.0,0.0,0.0,0.0,0.0,0.0,0.0,0.0,0.0,0.0,0.0,0.0]
144,0,1,[-0.00261701102162921,0.00087531192624721,0.00267557734813431,0.00147634151013922,0.00039455454473513,0.00005112161571817,0.00000223361335728,0.0,0.0,0.0,0.0,0.0,0.0,0.0,0.0,0.0,0.0,0.0,0.0,0.0]
168,0,1,[-0.00192530638986627,-0.0000473702222484,0.00219999340231662,0.00179325828821611,0.00068040587071389,0.00014186879119926,0.00001515143379415,0.00000059018671717,0.0,0.0,0.0,0.0,0.0,0.0,0.0,0.0,0.0,0.0,0.0,0.0]
192,0,1,[-0.00141659159844147,-0.00054356623130546,0.00160618580330445,0.00190072812774813,0.00097444887034338,0.00028416350651583,0.00004863326662572,0.00000443762490496,0.0000001559417775,0.0,0.0,0.0,0.0,0.0,0.0,0.0,0.0,0.0,0.0,0.0]
216,0,1,[-0.00104229345897453,-0.00077424086949289,0.00103816877375638,0.00182290285002741,0.0012191944938582,0.0004665537735432,0.0001108661134271,0.00001611519377985,0.00000128726712212,0.00000004120362947,0.0,0.0,0.0,0.0,0.0,0.0,0.0,0.0,0.0,0.0]
240,0,1,[-0.00076689404932861,-0.00084506691586193,0.00055928584370364,0.00161555692515256,0.00137870899855646,0.00066541984932621,0.00020484748762272,0.00004115070283231,0.00000520516779739,0.00000037044406288,0.00000001088700608,0.0,0.0,0.0,0.0,0.0,0.0,0.0,0.0,0.0]
264,0,1,[-0.00056426189561932,-0.00082441173367453,0.00018822151677775,0.00133646428605644,0.0014412900102487,0.0008538882781167,0.00032654196376643,0.00008440339476067,0.00001470285680243,0.000001647896253,0.00000010589076946,0.00000000287661313,0.0,0.0,0.0,0.0,0.0,0.0,0.0,0.0]
288,0,1,[-0.00041517011003912,-0.00075567378738547,-0.00007934094069077,0.00103307047888939,0.00141359249156831,0.0010090941741312,0.00046587975041477,0.00014838232350132,0.00003311944268351,0.00000509733594423,0.00000051332631083,0.0000000300954713,0.0000000007600715,0.0,0.0,0.0,0.0,0.0,0.0,0.0]
312,0,1,[-0.0003054720185929,-0.00066570439259503,-0.00025804461099537,0.00073914419017038,0.00131304927437911,0.00111597251711177,0.00060941027943602,0.00023227290456505,0.00006357471326912,0.00001250146151413,0.00000172453370702,0.00000015777687115,0.0000000085112012,0.00000000020082947,0.0,0.0,0.0,0.0,0.0,0.0]
336,0,1,[-0.0002247588443552,-0.00057052219390198,-0.00036575829008615,0.00047566253372584,0.00116140952265659,0.00116804501370503,0.00074325640498321,0.00033192181771169,0.00010814889905008,0.00002599626305691,0.00000457206146373,0.00000057175232482,0.00000004795083983,0.00000000239663282,0.00000000005306406,0.0,0.0,0.0,0.0,0.0]
360,0,1,[-0.00016537206369532,-0.00047916306514932,-0.00041986191870128,0.00025333858447397,0.00098021840585494,0.00116629175477282,0.00085549593889492,0.00044060647028755,0.00016727517404181,0.00004770299761657,0.00001023285921554,0.00000162873178245,0.00000018635199592,0.00000001443316784,0.00000000067229221,0.00000000001402082,0.0,0.0,0.0,0.0]
384,0,1,[-0.0001216767221299,-0.00039625181229144,-0.00043553073114373,0.00007546255589388,0.00078815898927338,0.00111712662763166,0.0009376157905096,0.00055023040940749,0.00023949598379095,0.00007929688943763,0.00002013338569716,0.00000390215256864,0.0000005674639929,0.00000005985832458,0.00000000430825192,0.00000000018795221,0.00000000000370464,0.0,0.0,0.0]
408,0,1,[-0.00008952675789033,-0.00032370236178657,-0.00042515228065324,-0.00005955436120678,0.00059984717049903,0.0010302053363276,0.000985046941621,0.00065258709630156,0.00032159961459796,0.00012162540605533,0.00003576582957176,0.00000819084111573,0.00000144857022738,0.00000019398015001,0.00000001898593898,0.00000000127663611,0.00000000005238735,0.00000000000097886,0.0,0.0]
432,0,1,[-0.00006587160007314,-0.00026182744307373,-0.00039834673225768,-0.00015615426816102,0.00042561716748175,0.00091649418928666,0.00099697889334948,0.00074043111404792,0.00040905459788672,0.0001744634801005,0.00005845202842104,0.00001547682710588,0.00000323004300343,0.00000052547351551,0.00000006522368707,0.00000000595586681,0.0000000003758638,0.00000000001456224,0.00000000000025864,0.0]
456,0,1,[-0.00004846671317541,-0.00021005111942927,-0.00036227499899234,-0.00022014743730207,0.0002718989334261,0.00078679248118033,0.00097571286717659,0.00080821730836593,0.00049661237358869,0.00023644818773985,0.00008910508972629,0.00002683192577458,0.00000646594272238,0.00000124008688443,0.00000018683294204,0.00000002161587366,0.00000000185023699,0.00000000011002694,0.000000000004038,0.00000000000006834]
480,0,1,[-0.00003566062283925,-0.00016735656954503,-0.00032205372906752,-0.00025770101325157,0.00014188825475079,0.00065074501986078,0.00092579548324665,0.00085247372924727,0.00057894601419459,0.00030518992506669,0.00012803673786042,0.00004328601788919,0.00001184713326869,0.00000262088573708,0.00000046512837925,0.00000006527026168,0.00000000707280135,0.00000000056983298,0.00000000003204287,0.00000000000113528]
504,0,1,[-0.00002623821460062,-0.0001325592812637,-0.00028117895812082,-0.00027470457380105,0.00003630700262719,0.00051629262407832,0.00085312042751597,0.00087184712892304,0.00065121872259377,0.00037752297547889,0.00017484494023391,0.00006567922974314,0.00002015405507416,0.00000505868586034,0.00000103473216829,0.00000017092255043,0.00000002244999294,0.00000000228807618,0.00000000017414016,0.00000000000960179]
528,0,1,[-0.00001930543693897,-0.00010446665655052,-0.00024191000665166,-0.00027641526439748,-0.0000458698581989,0.00038946869017368,0.00076412228846491,0.00086689907665782,0.00070951414056317,0.00044984008205626,0.00022839743138589,0.00009452347888977,0.00003218291903421,0.00000904725139622,0.00000209795909482,0.00000039916216634,0.00000006168007188,0.00000000761534742,0.00000000073269373,0.00000000005561387]
552,0,1,[-0.0000142044685996,-0.00008196498065739,-0.00020559411390436,-0.00026729813185819,-0.00010678558994384,0.00027444160432467,0.00066512964980383,0.00083974293695243,0.00075109908777996,0.00051845231575875,0.00028690799261351,0.00012989624953984,0.00004865481879404,0.00001516026031197,0.00000393413198861,0.00000084802584005,0.00000015085109061,0.00000002190056918,0.00000000255125907,0.00000000024920947]
576,0,1,[-0.00001045130078302,-0.000064060997041,-0.00017292827492318,-0.00025099442202836,-0.00014919692706904,0.00017371206092212,0.0005619003182514,0.00079360583825924,0.00077452095953211,0.00057992327971961,0.00034808766263319,0.00017138259003819,0.00007012079065394,0.00002401034140034,0.00000690034950193,0.00000166345052095,0.00000033506170108,0.00000005597244899,0.00000000766381978,0.00000000092331448]
600,0,1,[-0.00000768981164562,-0.00004989600485995,-0.00014416287896659,-0.0002303674377226,-0.00017609431356438,0.00008839161314205,0.00045933149183271,0.00073238357608819,0.00077956365100057,0.00063134074345098,0.00040934429963249,0.00021807238957771,0.00009687663328387,0.00003619384921204,0.0000114212275963,0.00000304716724192,0.00000068605449828,0.00000012971465142,0.00000002042814047,0.00000000294828299]
624,0,1,[-0.00000565797543986,-0.00003874409692904,-0.00011925526657821,-0.00020759008612423,-0.00019043459961342,0.00001850796624048,0.00036132010866788,0.00066023654097192,0.00076709752194401,0.00067050485877051,0.0004680011865467,0.00026861110364433,0.00012889951459283,0.00005222772408731,0.0000179667597665,0.00000525979868219,0.00000130991819994,0.00000027671323807,0.00000004930430805,0.00000000834589705]
648,0,1,[-0.00000416300002565,-0.00003000193487798,-0.00009798224755047,-0.00018424986755328,-0.00019496749849645,-0.00003669976702788,0.00027074076097517,0.00058125551287586,0.00073886223867279,0.0006960270014817,0.00052150760672637,0.00032129483741703,0.0001658147315154,0.00007248628529593,0.00002701934401141,0.00000861728840826,0.00000235357317381,0.00000054971124455,0.00000010939130612,0.00000002137330042]
672,0,1,[-0.0000030630336589,-0.00002317465668583,-0.00008002018723889,-0.00016145585363204,-0.00019213563842064,-0.00007851797036139,0.00018950745843335,0.00049920992523427,0.00069721868919528,0.00070734511820755,0.00056761989675418,0.00037419594504811,0.00020689637603371,0.00009714594209768,0.00003903282128784,0.0000134795613165,0.00000400859984834,0.00000102633565967,0.00000022573459699,0.00000005027715745]
696,0,1,[-0.0000022537052937,-0.00001786067427575,-0.0000650002085407,-0.00013993855996624,-0.0001840292893461,-0.00010853853552078,0.00011868858856083,0.00041737896317146,0.00064489993365171,0.00070466946813317,0.00060453871569056,0.00042530328112328,0.00025110101162012,0.00012614468947147,0.00005438772831672,0.00002023135722208,0.0000065110593754,0.00000181432275646,0.00000043727296755,0.00000010992175581]
720,0,1,[-0.00000165822126572,-0.00001373693157561,-0.00005254479131416,-0.00012013801573455,-0.00017237944089486,-0.00012848503796935,0.00005864962806293,0.00033845766504372,0.00058478333175253,0.00068887689612306,0.00063099570807132,0.00047266166414778,0.00029712950940453,0.00015916120420214,0.0000733476714733,0.00002925630537997,0.00001013629744399,0.00000305531537771,0.00000080112318224,0.00000022545996249]
744,0,1,[-0.00000122007867388,-0.00001054544106103,-0.00004229080615605,-0.00010227823360112,-0.00015857597938368,-0.00014008301217236,0.00000920407499742,0.00026452554207563,0.00051969806944978,0.0006613728319644,0.00064628933279617,0.00051449738885284,0.00034350939537694,0.00019561580291913,0.00009602170443709,0.00004090632206647,0.00001518827090811,0.00000492628392639,0.00000139673586152,0.00000043713628981]
768,0,1,[-0.00000089770406472,-0.00000808145237018,-0.00003390290471763,-0.00008642808894386,-0.00014370073881184,-0.0001449693061497,-0.00003024122259044,0.00019706336942291,0.00045227525030753,0.00062393889662528,0.00065027476197587,0.00054932004195087,0.00038868860286553,0.00023469290514166,0.00012233689972355,0.00005546915332331,0.00002198360867344,0.00000763775172987,0.00000232932873615,0.00000080618804608]
792,0,1,[-0.00000066050870739,-0.0000061833304691,-0.00002708024583061,-0.0000725496513513,-0.00012856790475018,-0.00014463411965031,-0.00006055518666781,0.00013700394000382,0.00038484203300586,0.0005785811651403,0.00064331618259917,0.00057599474670788,0.00043113135552962,0.0002753823327347,0.00015202410277321,0.00007313724643031,0.00003083130808701,0.00001142827780296,0.00000373194384962,0.00000142165363604]
816,0,1,[-0.00000048598616144,-0.00000472406596039,-0.00002155876999014,-0.00006053552296344,-0.00011376651289799,-0.00014038903295285,-0.00008277089597824,0.00008480398962299,0.00031935715070686,0.00052739055069174,0.00062621160861069,0.00059378271566835,0.00046940780450418,0.0003165350316696,0.00018461836248444,0.00009398108217799,0.00004200957111915,0.00001655503268961,0.00000576550340846,0.00000240772442434]
840,0,1,[-0.00000035757673814,-0.00000360426168234,-0.00001711062967977,-0.00005023691208431,-0.00009970158418465,-0.00013335471239632,-0.00009799501617851,0.00004052660866455,0.00025738247215609,0.00047242304126953,0.00060010066953712,0.00060235122187211,0.0005022706962408,0.00035692775505823,0.00021947397104013,0.00011792966716296,0.00005574171472696,0.00002328074395071,0.00000861636078264,0.00000393111135621]
864,0,1,[-0.00000026309622331,-0.00000274640815846,-0.00001354191710663,-0.00004148413853772,-0.00008663180870658,-0.00012446273330932,-0.00010733791224789,0.00000392580937321,0.00020008385222006,0.00041560406648106,0.00056636511921052,0.00060175657093295,0.00052871441747028,0.000395330912866,0.00025579262068333,0.00014476015438543,0.00007217329187622,0.0000318577259023,0.00001249104927026,0.00000620776449238]
888,0,1,[-0.00000019357976996,-0.00000209025644338,-0.00001068947975826,-0.00003410112061895,-0.00007470269066313,-0.00011446687829419,-0.00011186270856961,-0.0000254727855976,0.00014825410243368,0.00035865835772021,0.00052653036389233,0.00059240528428302,0.00054801393984972,0.00043057409519459,0.0002926620483371,0.00017409764604708,0.00009135251525667,0.000042510083902,0.00001760819863342,0.00000950820503946]
912,0,1,[-0.00000014243126285,-0.0000015891081041,-0.00000841735475997,-0.0000279151928319,-0.00006397476339702,-0.00010396020793051,-0.00011255079386689,-0.00004829911495285,0.00010235121205433,0.00030306441037437,0.00048217447641627,0.00057499952007629,0.00055974321814628,0.0004616045728395,0.0003291017822242,0.00020542525930769,0.00011321580142464,0.00005541544816508,0.0000241878854204,0.00001416072153133]
936,0,1,[-0.00000010479744158,-0.00000120686072023,-0.00000661316508456,-0.00002276338741023,-0.00005444694341742,-0.00009339507608482,-0.00011028095107513,-0.00006527597908311,0.00006254571317853,0.00025003107716624,0.00043484921882068,0.00055047287453586,0.00056377430603961,0.00048753520182012,0.00036411225838882,0.00023810361979795,0.00013757979415548,0.00007068771436192,0.00003243897082075,0.00002055175210549]
960,0,1,[-0.0000000771073958,-0.00000091566866329,-0.00000518468732038,-0.00001849610389748,-0.00004607537345086,-0.0000831040273901,-0.00010581929014616,-0.00007716739278013,0.00002877209762322,0.00020049286112848,0.00038601574812067,0.00051992227840363,0.00056025974269755,0.00050767943673543,0.00039672361698062,0.00027139818225536,0.00016414064608388,0.00008836223694623,0.00004254522381253,0.00002912292113107]
984,0,1,[-0.00000005609117535,-0.00000068646970653,-0.00000401350251207,-0.00001482476805582,-0.00003840429484471,-0.00007262761833331,-0.00009893553505867,-0.00008425562822327,0.00000066041094497,0.00015470234442571,0.0003369960664757,0.00048454089990595,0.00054960159862643,0.00052157243883801,0.00042604085675205,0.00030451222555132,0.00019248070893214,0.00010838474495974,0.00005465119862863,0.00004036440923325]
1008,0,1,[-0.00000004033566276,-0.00000050846712791,-0.00000306752741068,-0.00001172108796214,-0.00003153393591091,-0.0000623745194108,-0.00009033541480761,-0.00008708122309046,-0.00002178198570641,0.00011335610711376,0.00028882960914183,0.00044555594834353,0.00053241097168771,0.0005289784279959,0.00045128263590295,0.00033662306054743,0.00022208217410936,0.00013060495427401,0.00006884891502638,0.000054804591799]
1032,0,1,[-0.00000002866960308,-0.00000037206367366,-0.00000231467294531,-0.00000914157853868,-0.00002551054878193,-0.00005266632040093,-0.00008068907740044,-0.0000863082871543,-0.00003876336556952,0.00007694084402011,0.00024246522065048,0.00040414501852455,0.00050946175144527,0.00052988538994401,0.00047181176336156,0.00036691892308278,0.00025234667613149,0.0001547754718139,0.00008516637015363,0.00007299615808449]
1056,0,1,[-0.00000002013873966,-0.00000026892844387,-0.00000172423232596,-0.00000703302392014,-0.00002033511509624,-0.00004373555773304,-0.00007059514410254,-0.0000826658474031,-0.00005067983994238,0.00004572778988502,0.00019872963428455,0.00036142526384251,0.00048163449625665,0.00052448896541941,0.00048715623505017,0.00039463417547382,0.00028261946436779,0.00018055616901471,0.00010355879632972,0.00009549919487674]
1080,0,1,[-0.00000001397847817,-0.0000001919867708,-0.00000126786245344,-0.00000533726875008,-0.00001597308099027,-0.00003573027388494,-0.00006055672049325,-0.00007689316480476,-0.00005807549497725,0.00001977820636219,0.00015830280703346,0.00031843710159871,0.0004498722786712,0.00051316576713655,0.000497020454971,0.00041908076521323,0.00031221648911764,0.00020752378647128,0.00012390338430865,0.00012286196024721]
1104,0,1,[-0.00000000958609859,-0.00000013535329013,-0.00000092019667682,-0.00000399516869687,-0.00001236418536624,-0.00002872342688521,-0.00005096913041966,-0.00006969318321118,-0.00006159569594836,-0.00000103987215878,0.00012170122145557,0.00027612570666899,0.00041514389210122,0.00049644208034473,0.00050128644109943,0.00043967433639669,0.00034045264304105,0.00023518615760769,0.0001459979385682,0.00015560026306264]
1128,0,1,[-0.00000000649402789,-0.0000000942269153,-0.00000065914372995,-0.00000294963441757,-0.00000943164244448,-0.00002272538215737,-0.00004211807249978,-0.00006169675400942,-0.00006193870888548,-0.00001702503622175,0.00008927002425248,0.00023532298293998,0.00037841188936435,0.00047496111176657,0.000500006442573,0.00045595376049886,0.00036666943979008,0.00026300013618191,0.00016956364614573,0.00019417648719038]
1152,0,1,[-0.00000000434521174,-0.00000006476394756,-0.00000046593598342,-0.00000214778849489,-0.00000709016131529,-0.00001769782569731,-0.00003418617817848,-0.0000534387500749,-0.00005981015486339,-0.00002860857580083,0.00006118427101009,0.00019673222115183,0.00034060430263709,0.00044945044716903,0.00049338885396855,0.00046759355592191,0.00039026053977774,0.00029039210027658,0.00019425185076487,0.00023897934729774]
1176,0,1,[-0.00000000287120965,-0.00000004394254462,-0.00000032499132658,-0.00000154231781322,-0.00000525250350666,-0.00001356768454767,-0.00002726558905004,-0.00004534582028034,-0.00005588379316895,-0.00003631638488095,0.00003745880599589,0.00016091713940477,0.0003025897819149,0.00042069063516016,0.0004817792528664,0.00047440930420334,0.00041069381296302,0.00031677978316625,0.00021965445472786,0.00029030543454131]
1200,0,1,[-0.00000000187329836,-0.00000002942861526,-0.00000022364875791,-0.00000109214391482,-0.00000383447312952,-0.00001023997008227,-0.00002137413542956,-0.00003773446747053,-0.00005077091176066,-0.00004072998110259,0.00001796559721335,0.00012829642991583,0.00026515640673278,0.00038948550288813,0.00046563814682477,0.00047635662479036,0.00042752900320338,0.00034159416546307,0.00024531734062244,0.00034834351069044]
1224,0,1,[-0.00000000120660807,-0.00000001945020391,-0.00000015182991258,-0.00000076255307277,-0.00000275838934758,-0.00000760881728786,-0.00001647292103475,-0.0000308174231965,-0.00004499936439539,-0.00004244964502162,0.00000245679067383,0.00009914432700075,0.00022899465546709,0.00035663471659674,0.00044551675682962,0.00047352454091053,0.00044043045436383,0.00036430025017606,0.00027075603112576,0.00041316234859376]
1248,0,1,[-0.00000000076713187,-0.00000001268477955,-0.00000010166896642,-0.00000052492977812,-0.00000195520168301,-0.00000556633393391,-0.00001248351604814,-0.00002471594835015,-0.00003900218064902,-0.0000420621020797,-0.00000940858732502,0.00007359711648337,0.00019468502463873,0.00032290909242627,0.000422031949177,0.00046612419973707,0.00044917472097778,0.00038441571104105,0.00029547270038375,0.00048470271034869]
1272,0,1,[-0.00000000048133087,-0.00000000816166127,-0.0000000671430311,-0.0000003562265329,-0.00000136547536866,-0.00000400916501358,-0.00000930344654548,-0.00001947566992424,-0.00003311479074603,-0.00004011441410999,-0.00001803644410223,0.00005166498055464,0.00016269063944419,0.00028902915942139,0.00039584126747493,0.00045447394935284,0.00045365318757724,0.00040152662442866,0.00031897361791286,0.00056277382029321]
1296,0,1,[-0.00000000029799617,-0.00000000518013643,-0.00000004372535783,-0.00000023828384322,-0.00000093950169661,-0.00000284290166908,-0.00000681916585493,-0.00001508379874046,-0.00002757930550485,-0.00003709493877431,-0.00002386998344982,0.00003324816038612,0.00013335494646623,0.00025564743423813,0.00036761889762343,0.00043898176158969,0.00045387005290097,0.00041529973658866,0.00034078614015121,0.00064705444710283]
1320,0,1,[-0.00000000018200873,-0.00000000324263858,-0.00000002807509841,-0.00000015709125521,-0.00000063678508717,-0.00000198461416121,-0.00000491614392978,-0.00001148597458038,-0.00002255398058481,-0.0000334214590287,-0.00002736433991594,0.00001815615059486,0.00010690428658428,0.00022333476966429,0.00033803329997855,0.00042012594854358,0.00044993620240873,0.00042549095696706,0.00036047445373238,0.00073709847547079]
1344,0,1,[-0.00000000010964969,-0.00000000200159355,-0.00000001777040907,-0.00000010205653223,-0.00000042513357289,-0.00000136386955216,-0.00000348607624962,-0.00000860146727222,-0.00001812594414763,-0.00002943595694605,-0.00002896477884511,0.0000061285243039,0.00008345485970592,0.00019257099002026,0.0003077271445909,0.00039843506412877,0.0004420596046589,0.00043194998834972,0.00037765340314344,0.00083234463754593]
1368,0,1,[-0.00000000006514381,-0.00000000121813665,-0.00000001108642794,-0.00000006532806948,-0.00000027954146533,-0.00000092261770686,-0.00000243147656313,-0.0000063359500263,-0.00001432542349806,-0.00002540505162879,-0.0000290892756168,-0.00000314398420502,0.00006302335173602,0.00016373984116818,0.0002773000736886,0.00037446781453217,0.00043053293469723,0.00043462119609699,0.00039199988817487,0.00093212989797587]
1392,0,1,[-0.0000000000381596,-0.00000000073076726,-0.00000000681601997,-0.00000004119689148,-0.00000018100983014,-0.00000061430858853,-0.00000166807768645,-0.00000459149831884,-0.00001114000255063,-0.00002152485361132,-0.00002811581358239,-0.00000999936439994,0.00004554032419311,0.0001371280827571,0.00024729468440251,0.00034879372224342,0.00041571915949981,0.00043354097750215,0.00040326147955859,0.00103570585043507]
1416,0,1,[-0.00000000002203491,-0.00000000043205857,-0.00000000412894429,-0.00000002558978368,-0.0000001154079444,-0.00000040255493854,-0.0000011255338322,-0.00000327381870262,-0.00000852781079306,-0.00001792889665945,-0.00002637432084931,-0.00001478617311049,0.00003086538086061,0.00011292835818311,0.00021818597534715,0.00032197519541421,0.00039803582305844,0.00042883201755132,0.0004112620630641,0.00114225739061498]
1440,0,1,[-0.00000000001254021,-0.00000000025171054,-0.00000000246397934,-0.00000001565434138,-0.00000007244113343,-0.00000025959119394,-0.00000074691616404,-0.00000229696198958,-0.00000642892675532,-0.0000146978626136,-0.0000241428333393,-0.00001784804500253,0.00001880312439974,0.00009124531363585,0.00019037433998646,0.00029455154645989,0.00037793874601698,0.00042069491018741,0.00041590447451771,0.00125092288052246]
1464,0,1,[-0.0000000000070322,-0.00000000014446655,-0.00000000144824746,-0.00000000942961556,-0.00000004475947653,-0.00000016471311434,-0.00000048744266612,-0.00000158592573219,-0.00000477462957182,-0.00001186997614551,-0.00002164724120172,-0.00001951128195024,0.00000911898954639,0.00007210431647054,0.0001641820281253,0.00026702538201311,0.0003559058095862,0.00040939768648647,0.00041717022471855,0.00136081500901458]
1488,0,1,[-0.00000000000388483,-0.0000000000816675,-0.00000000083824464,-0.00000000559198016,-0.00000002721855963,-0.0000001028210268,-0.00000031280514098,-0.00000107761486675,-0.00000349442169564,-0.00000945117156951,-0.00001906384877944,-0.00002007565459564,0.00000155417198168,0.00005546205349058,0.00013985284596837,0.00023985165402399,0.00033242142803771,0.0003952638250597,0.00041511653012654,0.00147104157964964]
1512,0,1,[-0.00000000000211372,-0.00000000004546248,-0.00000000047767491,-0.00000000326413084,-0.0000000162873981,-0.00000006313764349,-0.0000001973678865,-0.00000072062630518,-0.00000252096017611,-0.00000742438400897,-0.00001652394448933,-0.00001980831076653,-0.00000416095691722,0.00004121827347743,0.00011755473575622,0.00021342952457552,0.00030796223097762,0.00037865932765365,0.00040987096017048,0.00158072551397319]
1536,0,1,[-0.00000000000113243,-0.00000000002491618,-0.00000000026793884,-0.0000000018750549,-0.00000000958885293,-0.00000003813113476,-0.00000012242739788,-0.00000047427469471,-0.00000179317194263,-0.00000575756037311,-0.00001411961818173,-0.00001894050091339,-0.00000829537028645,0.00002922797156211,0.00009738477646183,0.00018809706181636,0.00028298437919881,0.00035997942659957,0.00040162408392572,0.0016890234404922]
1560,0,1,[-0.00000000000059724,-0.00000000001344106,-0.00000000014790572,-0.00000000105977912,-0.00000000555300124,-0.00000002264557981,-0.00000007464855674,-0.00000030720261733,-0.00000125789830672,-0.00000441019910859,-0.00001191015810745,-0.00001766670585454,-0.00001110807400652,0.00001931338742916,0.00007937608258967,0.00016412865866428,0.00025791283053092,0.00033963545301757,0.0003906205475026,0.00179514234072158]
1584,0,1,[-0.00000000000030998,-0.00000000000713518,-0.00000000008033063,-0.00000000058922107,-0.00000000316263186,-0.00000001322276045,-0.00000004473424512,-0.00000019583572468,-0.00000087042895032,-0.00000333839839719,-0.00000992848561175,-0.00001614568522732,-0.00001284102485927,0.0000112752936989,0.00006350605036216,0.00014173495638246,0.00023313275987347,0.00031804233853755,0.00037714903926545,0.0018983538376587]
1608,0,1,[-0.00000000000015828,-0.00000000000372638,-0.00000000004291621,-0.00000000032218503,-0.00000000177108165,-0.00000000758950746,-0.00000002634293545,-0.00000012286374173,-0.00000059426167351,-0.0000024985156327,-0.00000818722348228,-0.00001450294911633,-0.00001371419690727,0.00000490317283912,0.00004970540772869,0.00012106496719287,0.000208983226073,0.00029560715233383,0.00036153160413526,0.00199800583282347]
1632,0,1,[-0.00000000000007948,-0.00000000000191411,-0.00000000002254752,-0.00000000017321888,-0.00000000097499536,-0.00000000428125207,-0.00000001524113643,-0.00000007585943057,-0.00000040037628856,-0.00000184961844406,-0.00000668412781425,-0.00001283418002289,-0.00001392260452108,-0.00000001599132888,0.00003786756212982,0.00010221002727699,0.00018575307301235,0.00027271899358972,0.00034411275251907,0.00209353131987591]
1656,0,1,[-0.00000000000003922,-0.00000000000096678,-0.00000000001164668,-0.00000000009154659,-0.00000000052752254,-0.00000000237302231,-0.00000000866199244,-0.00000004609307372,-0.00000026625220069,-0.00000135494546046,-0.00000540673226442,-0.00001120918589815,-0.00001363501616332,-0.00000369045846602,0.0000278578012845,0.00008520917520476,0.00016367895821178,0.00024974047158751,0.00032524877626852,0.00218445432054681]
1680,0,1,[-0.000000000000019,-0.00000000000048,-0.00000000000591312,-0.00000000004754844,-0.0000000002804464,-0.00000000129214058,-0.0000000048347947,-0.00000002756041576,-0.00000017479925271,-0.00000098260199805,-0.00000433615114937,-0.00000967603581356,-0.00001299405251053,-0.00000631805369335,0.00001952197989612,0.00007005554032417,0.00014294532343433,0.0002270009160752,0.00030529763645486,0.0022703929975833]
1704,0,1,[-0.00000000000000902,-0.00000000000023419,-0.00000000000295,-0.00000000002426402,-0.00000000014646041,-0.00000000069102327,-0.00000000264975025,-0.00000001621592062,-0.00000011331691609,-0.00000070570105451,-0.00000345006148979,-0.00000826510775771,-0.00001211735139394,-0.00000808201576825,0.00001269441139076,0.00005670333842213,0.00012368606102656,0.00020479137385356,0.00028460972905389,0.00235106009579749]
1728,0,1,[-0.00000000000000418,-0.00000000000011225,-0.00000000000144575,-0.00000000001216193,-0.00000000007511703,-0.00000000036286358,-0.00000000142560664,-0.00000000938822268,-0.00000007255153741,-0.000000502131948,-0.00000272493437994,-0.00000699285483525,-0.00001109949446142,-0.00000914825007987,0.00000720477147858,0.00004507510415093,0.00010598758839595,0.00018336136767506,0.00026351976853861,0.00242626094318334]
1752,0,1,[-0.00000000000000188,-0.00000000000005282,-0.00000000000069583,-0.00000000000598592,-0.00000000003782557,-0.00000000018704642,-0.00000000075276212,-0.00000000534798395,-0.00000004588640931,-0.00000035410473148,-0.00000213761564347,-0.00000586516592636,-0.00001001441988992,-0.00000966381654149,0.00000288390345133,0.00003506883656053,0.00008989302112016,0.00016291732387313,0.00024233995964707,0.00249588930748031]
1776,0,1,[-0.0000000000000008,-0.0000000000000244,-0.00000000000032878,-0.00000000000289214,-0.00000000001869551,-0.00000000009462214,-0.0000000003900036,-0.00000000299736743,-0.00000002867459176,-0.00000024758349823,-0.00000166636846457,-0.00000488025602578,-0.00000891808556883,-0.00000975645451625,-0.0000004315108859,0.00002656479050801,0.000075407131443,0.00014362251808754,0.00022135455787717,0.00255992144855115]
1800,0,1,[-0.0000000000000003,-0.00000000000001105,-0.00000000000015246,-0.0000000000013713,-0.00000000000906702,-0.00000000004696234,-0.00000000019820555,-0.00000000165276405,-0.00000001770833014,-0.00000017168945074,-0.00000129149079584,-0.00000403106837219,-0.00000785119230328,-0.00000953493694734,-0.00000289538893097,0.00001943170778503,0.00006250179107101,0.00012559834548643,0.00020081585289107,0.00261840873350947]
1824,0,1,[-0.00000000000000008,-0.00000000000000489,-0.00000000000006936,-0.00000000000063786,-0.00000000000431351,-0.00000000002286077,-0.00000000009878173,-0.00000000089656223,-0.0000000108098076,-0.00000011812716597,-0.00000099561190816,-0.00000330720501057,-0.00000684182218199,-0.00000909005045511,-0.00000464971981329,0.0000135323430715,0.00005112162226634,0.00010892669348444,0.00018094154882605,0.00267146919056455]
1848,0,1,[0.00000000000000002,-0.00000000000000211,-0.00000000000003094,-0.00000000000029097,-0.00000000000201232,-0.00000000001091139,-0.00000000004826386,-0.0000000004784391,-0.00000000652397385,-0.00000008066566093,-0.00000076375899013,-0.00000269642560858,-0.00000590788992549,-0.0000084960135899,-0.00000582296370783,0.00000872819761693,0.00004118961587474,0.00009365318068763,0.00016191346372137,0.00271927837068028]
1872,0,1,[0.00000000000000006,-0.00000000000000088,-0.00000000000001353,-0.00000000000013012,-0.00000000000092026,-0.00000000000510477,-0.00000000002311087,-0.000000000251147,-0.00000000389363327,-0.0000000546895834,-0.00000058326903509,-0.00000218576784609,-0.00000505934255228,-0.00000781216805394,-0.00000652924882642,0.0000048834251079,0.00003261251568759,0.00007979102445029,0.00014387742839679,0.00276205986559087]
1896,0,1,[0.00000000000000007,-0.00000000000000035,-0.00000000000000579,-0.00000000000005703,-0.0000000000004124,-0.00000000000234007,-0.00000000001084218,-0.0000000001296772,-0.00000000229848395,-0.00000003682452307,-0.00000044360542342,-0.00000176234848892,-0.00000430007387355,-0.00000708480426663,-0.00000686822744587,0.00000186791768427,0.00002528581214951,0.00006732530920876,0.00012694423395291,0.00280007579909779]
1920,0,1,[0.00000000000000008,-0.00000000000000012,-0.00000000000000242,-0.00000000000002448,-0.00000000000018104,-0.00000000000105071,-0.00000000000498166,-0.00000000006585878,-0.00000000134235154,-0.00000002463318933,-0.00000033612396624,-0.0000014139043358,-0.00000362954479504,-0.00000634901042713,-0.0000069254523359,-0.00000044038540451,0.00001909823200728,0.00005621744647673,0.00011119145671688,0.00283361756871945]
1944,0,1,[0.00000000000000008,-0.00000000000000003,-0.00000000000000099,-0.00000000000001029,-0.00000000000007782,-0.00000000000046193,-0.00000000000224094,-0.00000000003289725,-0.00000000077575256,-0.00000001637509574,-0.00000025382048893,-0.00000112912841701,-0.00000304411842683,-0.0000056304611328,-0.00000677314229311,-0.00000215389860807,0.00001393565168721,0.00004640964267579,0.0000966659794326,0.00286299706953613]
1968,0,1,[0.00000000000000008,0.00000000000000001,-0.00000000000000039,-0.00000000000000423,-0.00000000000003274,-0.00000000000019876,-0.00000000000098655,-0.00000000001616157,-0.00000000044371533,-0.00000001082054709,-0.00000019108161196,-0.00000089785066648,-0.00000253813125642,-0.0000049470861696,-0.00000647121799898,-0.00000337441570195,0.00000968439920795,0.00003782922046584,0.00008338702680092,0.0028885385841951]
1992,0,1,[0.00000000000000008,0.00000000000000003,-0.00000000000000014,-0.0000000000000017,-0.00000000000001347,-0.00000000000008367,-0.00000000000042488,-0.00000000000780854,-0.00000000025124618,-0.00000000710939381,-0.00000014345223234,-0.00000071110500609,-0.00000210472902972,-0.0000043105813973,-0.00000606850511394,-0.00000419266656673,0.00000623394110048,0.0000303926707205,0.00007134954075704,0.00291057147497948]
2016,0,1,[0.00000000000000008,0.00000000000000003,-0.00000000000000005,-0.00000000000000066,-0.00000000000000542,-0.00000000000003444,-0.00000000000017894,-0.00000000000371025,-0.0000000001408622,-0.00000000464560913,-0.00000010742712165,-0.00000056111726762,-0.00000173649949708,-0.00000372774128217,-0.00000560401869751,-0.0000046883089637,0.00000347897648791,0.00002400934382148,0.00006052773454803,0.00292942376770804]
2040,0,1,[0.00000000000000008,0.00000000000000003,-0.00000000000000001,-0.00000000000000025,-0.00000000000000213,-0.00000000000001386,-0.00000000000007366,-0.00000000000173368,-0.00000000007821164,-0.00000000301981903,-0.00000008026973366,-0.0000004412412411,-0.00000142593478114,-0.00000320160652884,-0.00000510826034085,-0.00000493026185889,0.00000132098003134,0.00001858471892985,0.00005087868306644,0.00294541667470911]
2064,0,1,[0.00000000000000008,0.00000000000000003,0.00000000000000001,-0.00000000000000009,-0.00000000000000082,-0.00000000000000545,-0.00000000000002962,-0.00000000000079663,-0.00000000004301373,-0.00000000195317513,-0.00000005985841793,-0.00000034586374529,-0.00000116575467812,-0.00000273243064877,-0.00000460447579768,-0.0000049772934088,-0.00000033075088074,0.00001402321711987,0.00004234582835134,0.00295886006644835]
2088,0,1,[0.00000000000000008,0.00000000000000003,0.00000000000000001,-0.00000000000000003,-0.00000000000000031,-0.00000000000000209,-0.00000000000001163,-0.00000000000035996,-0.00000000002343542,-0.0000000012572154,-0.00000004455843735,-0.00000027029414672,-0.00000094911945234,-0.00000231847656166,-0.00000410983570926,-0.00000487878588282,-0.00000155848099624,0.00001023054790725,0.0000348623021491,0.00297004886939568]
2112,0,1,[0.00000000000000008,0.00000000000000003,0.00000000000000001,-0.00000000000000001,-0.00000000000000011,-0.00000000000000078,-0.00000000000000446,-0.00000000000015993,-0.00000000001265123,-0.00000000080549903,-0.00000003311719606,-0.00000021064925444,-0.00000076975721346,-0.00000195665894096,-0.00000363651483467,-0.00000467561045083,-0.00000243578670846,0.00000711559830118,0.00002835399058244,0.00297926034179386]
2136,0,1,[0.00000000000000008,0.00000000000000003,0.00000000000000001,0.0,-0.00000000000000004,-0.00000000000000029,-0.00000000000000167,-0.00000000000006987,-0.00000000000676777,-0.00000000051378123,-0.00000002457965588,-0.00000016374094504,-0.00000062202722391,-0.00000164305049205,-0.00000319265584534,-0.0000044010559895,-0.0000030276028912,0.0000045918889086,0.00002274228819274,0.00298675215918766]
2160,0,1,[0.00000000000000007,0.00000000000000003,0.00000000000000001,0.0,-0.00000000000000001,-0.0000000000000001,-0.00000000000000061,-0.00000000000003002,-0.00000000000358807,-0.000000000326297,-0.00000001822086354,-0.0000001269711308,-0.00000050093678673,-0.00000137327118683,-0.00000278321223261,-0.00000408176713341,-0.00000339050277232,0.00000257863292505,0.00001794650903545,0.00299276122763825]
2184,0,1,[0.00000000000000007,0.00000000000000003,0.00000000000000001,0.0,-0.0,-0.00000000000000003,-0.00000000000000022,-0.00000000000001268,-0.00000000000188548,-0.00000000020636036,-0.00000001349268165,-0.00000009823665191,-0.00000040212591926,-0.00000114277911507,-0.00000241067134387,-0.00000373865718688,-0.00000357315171371,0.00000100144136489,0.00001388594051636,0.00299750313400796]
2208,0,1,[0.00000000000000007,0.00000000000000003,0.00000000000000001,0.0,0.0,-0.00000000000000001,-0.00000000000000007,-0.00000000000000526,-0.00000000000098212,-0.00000000012997739,-0.00000000998211079,-0.00000007584522349,-0.00000032183094659,-0.00000094708043629,-0.0000020756632248,-0.00000338777086601,-0.00000361688230532,-0.00000020727794734,0.00001048154089322,0.00300117213891883]
2232,0,1,[0.00000000000000007,0.00000000000000003,0.00000000000000001,0.0,0.0,-0.0,-0.00000000000000002,-0.00000000000000215,-0.00000000000050713,-0.00000000008154202,-0.00000000737893632,-0.00000005844257917,-0.0000002568355057,-0.00000078187423758,-0.00000177746406512,-0.00000304107995419,-0.00000355634546268,-0.00000110817876272,0.0000076572936792,0.00300394161823248]
2256,0,1,[0.00000000000000007,0.00000000000000003,0.00000000000000001,0.0,0.0,-0.0,-0.00000000000000001,-0.00000000000000086,-0.0000000000002596,-0.00000000005095714,-0.00000000545078637,-0.00000004495031653,-0.00000020441524501,-0.00000064314617063,-0.00000151440489659,-0.0000027072017486,-0.00000342019972024,-0.00000175504424758,0.00000534124159777,0.0030059648623966]
2280,0,1,[0.00000000000000007,0.00000000000000003,0.00000000000000001,0.0,0.0,0.0,-0.0,-0.00000000000000034,-0.00000000000013174,-0.00000000003172277,-0.0000000040240195,-0.00000003451357514,-0.00000016228071297,-0.00000052722273579,-0.00000128419704424,-0.0000023920356637,-0.00000323180822769,-0.00000219501902634,0.00000346622941658,0.00300737614898747]
2304,0,1,[0.00000000000000007,0.00000000000000003,0.00000000000000001,0.0,0.0,0.0,-0.0,-0.00000000000000013,-0.00000000000006628,-0.00000000001967466,-0.00000000296915711,-0.00000002645748926,-0.00000012852151203,-0.00000043079613275,-0.00000108418592854,-0.00000209931762055,-0.00000300991978897,-0.0000024689640765,0.00000197038919501,0.00300829201152747]
2328,0,1,[0.00000000000000007,0.00000000000000003,0.00000000000000001,0.0,0.0,0.0,-0.0,-0.00000000000000005,-0.00000000000003306,-0.00000000001215728,-0.00000000218983175,-0.00000002025129776,-0.00000010155370237,-0.00000035092778919,-0.00000091154437311,-0.00000183109501375,-0.00000276931643741,-0.0000026118977988,0.0000007974035456,0.00300881263651677]
2352,0,1,[0.00000000000000007,0.00000000000000002,0.00000000000000001,0.0,0.0,0.0,0.0,-0.00000000000000002,-0.00000000000001635,-0.00000000000748476,-0.00000000161443693,-0.00000001547901695,-0.00000008007161972,-0.00000028503705978,-0.00000076341576798,-0.0000015881272571,-0.0000025214154035,-0.00000265349165104,-0.00000010341720619,0.00300902333002517]
2376,0,1,[0.00000000000000007,0.00000000000000002,0.00000000000000001,0.0,0.0,0.0,0.0,-0.00000000000000001,-0.00000000000000802,-0.00000000000459142,-0.00000000118984088,-0.000000011815656,-0.00000006300467517,-0.00000023088018036,-0.00000063701641984,-0.00000137021832251,-0.00000227481786202,-0.00000261859387798,-0.00000077720920827,0.00300899600467137]
2400,0,1,[0.00000000000000007,0.00000000000000002,0.00000000000000001,0.0,0.0,0.0,0.0,-0.0,-0.0000000000000039,-0.00000000000280645,-0.000000000876669,-0.00000000900805591,-0.00000004947928505,-0.00000018652336836,-0.00000052970529782,-0.00000117648845752,-0.00000203580055175,-0.00000252775985134,-0.00000126374804862,0.00300879064700053]
2424,0,1,[0.00000000000000007,0.00000000000000002,0.00000000000000001,0.0,0.0,0.0,0.0,-0.0,-0.00000000000000188,-0.00000000000170929,-0.00000000064577316,-0.00000000685954473,-0.00000003878579704,-0.00000015031297166,-0.00000043902824335,-0.00000100559253683,-0.00000180874929152,-0.00000239777217899,-0.00000159773086427,0.00300845673387516]
2448,0,1,[0.00000000000000006,0.00000000000000002,0.00000000000000001,0.0,0.0,0.0,0.0,-0.0,-0.0000000000000009,-0.00000000000103737,-0.00000000047559574,-0.00000000521771439,-0.00000003035010078,-0.00000012084476597,-0.00000036274261125,-0.00000085589240145,-0.00000159653564465,-0.00000224213793411,-0.00000180912133574,0.00300803457432606]
2472,0,1,[0.00000000000000006,0.00000000000000002,0.00000000000000001,0.0,0.0,0.0,0.0,-0.0,-0.00000000000000042,-0.00000000000062735,-0.00000000035020582,-0.00000000396473073,-0.00000002370950996,-0.00000009693386338,-0.0000002988272876,-0.00000072559017238,-0.00000140083959559,-0.0000020715540282,-0.00000192353490564,0.00300755656024719]
2496,0,1,[0.00000000000000006,0.00000000000000002,0.00000000000000001,0.0,0.0,0.0,0.0,0.0,-0.0000000000000002,-0.00000000000037806,-0.00000000025783864,-0.00000000300968489,-0.00000001849245665,-0.00000007758619932,-0.00000024548210986,-0.00000061282898647,-0.00000122242219226,-0.00000189433488023,-0.00000196264517598,0.00300704831530644]
2520,0,1,[0.00000000000000006,0.00000000000000002,0.00000000000000001,0.0,0.0,0.0,0.0,0.0,-0.00000000000000009,-0.00000000000022702,-0.00000000018981126,-0.00000000228257985,-0.00000001440152989,-0.00000006197218802,-0.00000020111990626,-0.00000051576696228,-0.00000106135276646,-0.00000171679912391,-0.00000194459592608,0.00300652973647625]
2544,0,1,[0.00000000000000006,0.00000000000000002,0.00000000000000001,0.0,0.0,0.0,0.0,0.0,-0.00000000000000004,-0.00000000000013585,-0.00000000013971847,-0.00000000172961923,-0.00000001119940705,-0.00000004940285733,-0.00000016435367779,-0.00000043262951888,-0.00000091719566075,-0.00000154361417461,-0.0000018844064427,0.00300601592669909]
2568,0,1,[0.00000000000000006,0.00000000000000002,0.00000000000000001,0.0,0.0,0.0,0.0,0.0,-0.00000000000000002,-0.000000000000081,-0.00000000010283733,-0.00000000130952859,-0.00000000869725763,-0.00000003930857193,-0.00000013398086118,-0.00000036174448396,-0.00000078916144139,-0.00000137809909114,-0.00000179436079518,0.0030055180204547]
2592,0,1,[0.00000000000000006,0.00000000000000002,0.00000000000000001,0.0,0.0,0.0,0.0,0.0,-0.00000000000000001,-0.00000000000004813,-0.0000000000756866,-0.00000000099069126,-0.00000000674523903,-0.00000003122031443,-0.0000001089661282,-0.00000030156376739,-0.0000006762274335,-0.00000122248736815,-0.00000168437427792,0.00300504390647145]
2616,0,1,[0.00000000000000006,0.00000000000000002,0.00000000000000001,0.0,0.0,0.0,0.0,0.0,-0.0,-0.0000000000000285,-0.00000000005570106,-0.00000000074892466,-0.00000000522474685,-0.00000002475340125,-0.00000008842378379,-0.00000025067476328,-0.00000057723213468,-0.00000107815214069,-0.00000156233246604,0.00300459885361456]
