cycle,hour_cyc,stp,PNLVS
0,0,0,[0.0,0.0,0.0,0.0,0.0,0.0,0.0,0.0,0.0,0.0,0.0,0.0,0.0,0.0,0.0,0.0,0.0,0.0,0.0,0.0]
0,0,1,[-0.0,0.0,0.0,0.0,0.0,0.0,0.0,0.0,0.0,0.0,0.0,0.0,0.0,0.0,0.0,0.0,0.0,0.0,0.0,0.0]
24,0,1,[-0.10040735998080003,0.0,0.0,0.0,0.0,0.0,0.0,0.0,0.0,0.0,0.0,0.0,0.0,0.0,0.0,0.0,0.0,0.0,0.0,0.0]
48,0,1,[-0.03830466929259264,0.01774801986041174,0.0,0.0,0.0,0.0,0.0,0.0,0.0,0.0,0.0,0.0,0.0,0.0,0.0,0.0,0.0,0.0,0.0,0.0]
72,0,1,[-0.10726638328141304,0.02589684126215747,0.01343887784219017,0.0,0.0,0.0,0.0,0.0,0.0,0.0,0.0,0.0,0.0,0.0,0.0,0.0,0.0,0.0,0.0,0.0]
96,0,1,[-0.15585629029392506,0.05455075172103096,0.02909228117063193,0.0059053344329218,0.0,0.0,0.0,0.0,0.0,0.0,0.0,0.0,0.0,0.0,0.0,0.0,0.0,0.0,0.0,0.0]
120,0,1,[-0.19142241882707614,0.0914902260521979,0.06177370606874511,0.01700158133150382,0.00218365220965935,0.0,0.0,0.0,0.0,0.0,0.0,0.0,0.0,0.0,0.0,0.0,0.0,0.0,0.0,0.0]
144,0,1,[-0.21774965035506297,0.13030989581659325,0.11304135138672945,0.03931635828431244,0.00786219599756379,0.00084938488561985,0.0,0.0,0.0,0.0,0.0,0.0,0.0,0.0,0.0,0.0,0.0,0.0,0.0,0.0]
168,0,1,[-0.2372447113826186,0.16750824895028232,0.17933061853439297,0.07791121323266184,0.02022111745688595,0.00367433279696176,0.00029606598407831,0.0,0.0,0.0,0.0,0.0,0.0,0.0,0.0,0.0,0.0,0.0,0.0,0.0]
192,0,1,[-0.17536705588128862,0.20160259555728088,0.25587104486537443,0.13516806858389602,0.04351928081569542,0.01055082026862387,0.00149852663268199,0.00007948963391081,0.0,0.0,0.0,0.0,0.0,0.0,0.0,0.0,0.0,0.0,0.0,0.0]
216,0,1,[-0.1290362437336594,0.2062545644649226,0.33741496194070536,0.21052261819494617,0.08171044570153707,0.02465198167440092,0.00478008219349691,0.00046082013414594,0.00002133648696557,0.0,0.0,0.0,0.0,0.0,0.0,0.0,0.0,0.0,0.0,0.0]
240,0,1,[-0.09494174793284145,0.19437522888186612,0.4008546742608487,0.3013635002824766,0.1375121613882252,0.04984848683621479,0.0121095502096678,0.0016224459520223,0.00013939150674503,0.00000563762140318,0.0,0.0,0.0,0.0,0.0,0.0,0.0,0.0,0.0,0.0]
264,0,1,[-0.06985581758055,0.17437395531028885,0.438743393792616,0.3957401025761674,0.21196431765533025,0.09004296985570123,0.02628467061880375,0.00444500232592779,0.0005380553440718,0.00004097866737616,0.00000148959738014,0.0,0.0,0.0,0.0,0.0,0.0,0.0,0.0,0.0]
288,0,1,[-0.05139820302869885,0.1513721121301209,0.4518234763956294,0.48162694922126664,0.3014388016516345,0.14851045484443312,0.05072422081121269,0.01032759351086347,0.00158900874985826,0.00017231847584836,0.0000119235749397,0.00000039358803939,0.0,0.0,0.0,0.0,0.0,0.0,0.0,0.0]
312,0,1,[-0.0378175414164492,0.12835172699705813,0.444430063622957,0.5504982332661699,0.3988453719305779,0.22625262773550092,0.0890851678457332,0.02121754052406892,0.00394127077656074,0.00054664267566756,0.0000543038284356,0.00000344009241622,0.00000010399558083,0.0,0.0,0.0,0.0,0.0,0.0,0.0]
336,0,1,[-0.02782522256639828,0.10692846187123839,0.4219590355406415,0.5979626856768357,0.4958329738357274,0.32125492612064044,0.14440735772220092,0.0395294794975068,0.00859507073117317,0.00144358639785035,0.00018439178655249,0.00001687953478027,0.00000098547391194,0.00000002747817451,0.0,0.0,0.0,0.0,0.0,0.0]
360,0,1,[-0.02047311860770583,0.08786547844546737,0.3895758614771939,0.6231315779252072,0.5846428020139484,0.4287942098389653,0.218225256285779,0.06785619715761487,0.01693448585506151,0.00333318336883363,0.000517101782476,0.00006114036635009,0.00000518507330608,0.00000028060406549,0.00000000726040538,0.0,0.0,0.0,0.0,0.0]
384,0,1,[-0.01506362022894405,0.07141114423940316,0.3516457762272222,0.6275932477841679,0.6592394057663739,0.5423842733308968,0.31002162890954543,0.10851738539394483,0.03067383822922325,0.00692697995448062,0.00126117937358928,0.00018161651796272,0.00001996982949351,0.00000157648472317,0.00000007948448196,0.00000000191837657,0.0,0.0,0.0,0.0]
408,0,1,[-0.01108344355105191,0.05751779521248256,0.3115643622046018,0.6144112296425308,0.7157659473583492,0.6549104894871253,0.417155131008211,0.16308094647403393,0.05169713231344097,0.01320148037633551,0.00275822238128516,0.00046686341313842,0.00006268083586147,0.00000643645601645,0.0000004750285382,0.00000002241323764,0.00000000050688198,0.0,0.0,0.0]
432,0,1,[-0.00815492684247259,0.04598083364437345,0.2717947427352952,0.587313561870661,0.7525108660107308,0.7596413293440429,0.5352025126034128,0.23199134017903503,0.08181142648446979,0.02337297260172398,0.00551758641746071,0.00107229646225672,0.0001694757525738,0.00002129759600312,0.00000205018339845,0.00000014200526373,0.00000000629507662,0.00000000013393061,0.0,0.0]
456,0,1,[-0.00600019583264964,0.03652498720737001,0.23399785654136834,0.550112443973273,0.7695853259953984,0.8509596765235117,0.6585629706780215,0.31438800788963833,0.1224656113444559,0.03881384058087177,0.01023541590249627,0.00224685072861459,0.00040802305252505,0.00006044988702013,0.00000713582029031,0.00000064619257022,0.00000004215302534,0.00000000176185599,0.00000000003538774,0.0]
480,0,1,[-0.00441479742563665,0.02885594078321109,0.19919212743712802,0.5063337844490883,0.7684725471538149,0.9247757346906313,0.7811577175331995,0.4081340336907541,0.17449475534307435,0.06091668319156236,0.01778653427048413,0.00435762491918818,0.00089388627265526,0.00015228721338787,0.00002122269992368,0.00000236091084564,0.00000020175503818,0.00000001243419025,0.00000000049156285,0.00000000000467515]
504,0,1,[-0.00324830003106585,0.02268961762011409,0.16790914407523264,0.4590139410643639,0.7515600289458954,0.9786559391125947,0.8970886255553799,0.5100250569115393,0.23793969370571794,0.09092678614425884,0.02918257388418751,0.00790587102462673,0.00180909069032685,0.00034823581241453,0.00005585314810789,0.00000734465657561,0.00000077225678068,0.00000006245738601,0.00000000364709694,0.00000000006961661]
528,0,1,[-0.00239001976187842,0.01776731635892308,0.14032986833127645,0.4106177452481751,0.7217206506862899,1.0117362723042778,1.0011677742395184,0.6161198218492357,0.31197036236381487,0.1297711898898095,0.0454969040322293,0.0135276960055753,0.00342000908369631,0.0007342293801396,0.00013310779498833,0.00002016178577483,0.00000250884546154,0.00000025000373634,0.00000001918621286,0.00000000055144269]
552,0,1,[-0.00175851811952155,0.01386213412760694,0.1163960529061882,0.3630373121925116,0.6819743197432501,1.0244959173246513,1.0892768639920336,0.7221255642061674,0.39491811459009896,0.17791266491455668,0.06776423034744591,0.02197474221812433,0.00609070703967647,0.00144387802873155,0.00029193881153713,0.00005000488224922,0.0000071731837989,0.00000084684493503,0.00000008017384464,0.00000000308617591]
576,0,1,[-0.00129387464743409,0.01078022378682524,0.09589697166259763,0.3176395298417834,0.6352385831270144,1.0184594099558562,1.158552770562468,0.8237780666302084,0.48440294363156344,0.2352508091768728,0.09686813921664846,0.0340734442552491,0.01028765740148206,0.00267168384001531,0.0005963093105991,0.00011392974017422,0.00001849036550294,0.00000251841830321,0.00000028274708715,0.00000001367812066]
600,0,1,[-0.00095200133836754,0.00835916678818919,0.07853416383233558,0.2753386482963816,0.5841625913342561,0.995880706989134,1.2074202561854108,0.9171711130823956,0.5775291039444783,0.30108289334796917,0.13343222323134615,0.05066533761086854,0.01657244370548107,0.00468401021899925,0.00114467399150423,0.00024138621391518,0.00004370778120097,0.00000673859716995,0.00000087346607094,0.0000000510324666]
624,0,1,[-0.00070045931427104,0.00646489812243897,0.06396786741597388,0.23667779368224634,0.5310316180744145,0.9594462961387623,1.2355059191997857,0.9990076757953319,0.671117476158844,0.37412673960921616,0.17772962831123448,0.07253437193671201,0.02558061963834224,0.00782522494572631,0.00207985313796519,0.00048005692462418,0.00009593925515456,0.00001650675926173,0.00000242317707394,0.00000016642801002]
648,0,1,[-0.00051538084160721,0.00498806210219012,0.05184890873239098,0.20190910001364426,0.4777267740712517,0.9120196976224986,1.2434713988287307,1.0667616291636135,0.7619439587615738,0.4525989518154754,0.22962254582617603,0.10032953005247362,0.03798694872807843,0.01251663423448718,0.00359792080883059,0.00090276218943667,0.00019743253275973,0.00003749476631607,0.00000614440374553,0.00000048655931743]
672,0,1,[-0.00037920462545958,0.00384031443746773,0.04183946987426182,0.1710665109708869,0.4257248232671458,0.8564378404159778,1.2328015970034436,1.1187519526685936,0.8469582778668565,0.534335464246948,0.28853836270000444,0.1344919052445558,0.05445938260938382,0.01924651391734144,0.00595446290396759,0.00161488897685002,0.00038379786905658,0.00007975423371217,0.00001442793586158,0.00000129831014879]
696,0,1,[-0.00027900949429505,0.00295085340495749,0.03362563306447017,0.14402836046851034,0.3761248107339829,0.7953611695506796,1.2055778838174562,1.1541404680740055,0.9234648995331032,0.616938053323997,0.3534839651668073,0.17519474479944017,0.0756059313960326,0.02855061456538085,0.00946654769117644,0.00276151048447612,0.00070908223239517,0.00016008999418031,0.00003168874058276,0.00000320441681357]
720,0,1,[-0.00020528836594327,0.002263317215611,0.02692404414727216,0.12056886319968052,0.32969066049590356,0.7311736924781279,1.1642589823333744,1.1728692833202745,0.9892555332450385,0.6979299388019352,0.423094975101532,0.22230311490316082,0.10191973023553215,0.04098377948717842,0.01450902464823386,0.00453314521169977,0.00125138394593197,0.00030514716302432,0.00006561549040976,0.00000739088674264]
744,0,1,[-0.00015104616173342,0.00173309623837364,0.02148452000651941,0.10039889262847203,0.28690144674579254,0.6659259669761486,1.1114849100006068,1.1755559358811363,1.0426898335219492,0.7749052819855198,0.49571309054767915,0.27535723250235716,0.13372796310331797,0.05708454718676587,0.02150430202276291,0.00716901640816365,0.00211850549136973,0.00055516605077939,0.00012890561340115,0.00001605949497479]
768,0,1,[-0.00011113607376646,0.00132505745868372,0.0170899785469178,0.08319711627577756,0.2480033728451438,0.6013126622800932,1.04991285189821,1.163363602798837,1.0827266327272589,0.8456605061984217,0.5694824920696664,0.33358063655299164,0.17114987804927972,0.07733561113539233,0.03090547251480545,0.01095674927773139,0.00345297392973616,0.00096823854508569,0.00024153404042109,0.00003308950198261]
792,0,1,[-0.0000817712065983,0.00101165097264574,0.01355470366562389,0.06863287390766612,0.21305946205008458,0.5386762211038608,0.9820885791798781,1.1378615386429969,1.1089120833809394,0.9082991716464179,0.6424554742683652,0.39591167314025955,0.21406805488607406,0.10212363363996275,0.04317345007171437,0.01622768958142671,0.00543565479815973,0.00162476637031672,0.00043354713404078,0.00006499910073838]
816,0,1,[-0.00006016525512764,0.00077135549647179,0.01072166779128895,0.05638225760078418,0.1819945291351696,0.47902883802511537,0.9103531183113309,1.1008878668082789,1.1213334725315074,0.9613060066872653,0.7126978773705923,0.4610545718886486,0.2621155837948137,0.13170208609066278,0.05874952954243698,0.0233474181622524,0.00828717418724455,0.00263169624590258,0.00074829637430068,0.00012227597593509]
840,0,1,[-0.0000442681241691,0.0005874159332198,0.00845941181740575,0.04613878082109511,0.15463418071414253,0.42308608321600316,0.8367817411733627,1.0544235666900204,1.1205484101482122,1.0035891748575967,0.7783862220866181,0.5275448843390617,0.3146801272925832,0.1661605199977093,0.07802537822697929,0.03270152135432687,0.01226645877643695,0.00412601175990394,0.00124593665800322,0.00022113507261854]
864,0,1,[-0.00003257140379758,0.00044682718554426,0.00665881544949733,0.03761987410328115,0.13073743285326922,0.37130677719322347,0.7631507950691943,1.0004833762172594,1.1074989034997935,1.034492663760431,0.8378903470456351,0.5938232973108354,0.37092419934765,0.20540303064243381,0.10131283704879884,0.04467719223159849,0.01766590182200268,0.00627691684588945,0.0020069229001736,0.00038573853291207]
888,0,1,[-0.0000239652428616,0.00033952222224651,0.00522996910129345,0.03057026247543863,0.1100230982336192,0.3239349879164708,0.6909271954544156,0.9410266149204102,1.0834188514061873,1.0537826968562953,0.8898374848477152,0.6583117777996659,0.42981958955126814,0.249137769396122,0.1288160105658126,0.05964171398795608,0.02480294500931588,0.00928616506771099,0.0031351596759077,0.00065087757652952]
912,0,1,[-0.00001763304001298,0.00025772740559388,0.00409927162094046,0.02476309262887239,0.0921904427775096,0.2810411715476489,0.621275333091726,0.8778887486680194,1.0497420440332597,1.0616132933113707,0.9331558173196329,0.7194865289914153,0.49019281092514067,0.29687832284822624,0.16060796038100264,0.07791925403294343,0.03400819936862073,0.0133860776187947,0.004760405654941,0.00106507048747106]
936,0,1,[-0.00001297395994066,0.00019545337541427,0.0032068179217037,0.01999950243432084,0.0769347986556612,0.24256045923226138,0.5550764958355277,0.8127328911481375,1.0080161021010963,1.0584766190725408,0.967097422477471,0.7759431778769922,0.5507778160694048,0.3479567359568468,0.1966139211230291,0.09976763148400727,0.04561057336806523,0.01883494627004031,0.0070395190327954,0.00169397825591248]
960,0,1,[-0.0000095459227095,0.0001480948626764,0.00250410020606726,0.01610717021737629,0.0639588937032324,0.20832688666766502,0.492956503617318,0.7470193343235593,0.9598261375583436,1.0451437170371949,0.9912420398812082,0.8264508018543766,0.6102720085770243,0.4015470230594047,0.23660239220972565,0.12535678850699736,0.05992019193164162,0.0259097214499076,0.01015615923503913,0.00262398475677045]
984,0,1,[-0.00000702365670939,0.0001121174125915,0.0019520205133218,0.01293824949122706,0.0529806540167383,0.1781029760985165,0.435317972356164,0.6819905492958139,0.906730406383434,1.0226007270450783,1.0054841805526562,0.8699926750804853,0.6673917300122335,0.45669726628441254,0.2801847955691503,0.15475059628091353,0.07721014027202841,0.03489611909948974,0.01431863545059963,0.00396573751975494]
1008,0,1,[-0.00000510930456793,0.00008387871706234,0.00150292979188986,0.0102591679183968,0.0432966802374354,0.15012033858753418,0.3787467140314942,0.6144063717868499,0.8464308940833805,0.9898545378231813,1.0100067905309855,0.9057928427661189,0.7209238520551267,0.5123678937942703,0.32682370498410407,0.187893377833036,0.09769822414020086,0.04607651781268868,0.01975570962444895,0.00585740426437699]
1032,0,1,[-0.00000367414645291,0.00006200543502204,0.00114282603418917,0.00802985514372603,0.03490646825144109,0.12475543056197794,0.32468478219951474,0.546073349151548,0.7806475970832634,0.9478341114072972,1.004682072766068,0.9333287151602034,0.7697707583188335,0.5674734758863568,0.3758490150900839,0.22460216626442647,0.12152998846655148,0.05971623445989342,0.02671031053080607,0.00846737495899473]
1056,0,1,[-0.00000261149360754,0.00004528544668856,0.00085816619442789,0.00620350612574299,0.02776257257082095,0.10221960058548916,0.2742616858676902,0.47872190699705286,0.7111995047178928,0.8977353844372894,0.9896614517895823,0.9521820163935232,0.81298676850955,0.6209253628381814,0.4264808816803118,0.2645652807859837,0.1487641773260554,0.07604893923725337,0.03543128242615027,0.01199613343210313]
1080,0,1,[-0.0000018344234937,0.00003267293538893,0.00063631563063265,0.00473012000097608,0.02178211512570497,0.0825774529473113,0.22828177252804144,0.41389928789319125,0.6399276939123489,0.8409669171486572,0.9653723377641317,0.9620849993684755,0.8497655554742664,0.6716726809450428,0.47785786658234986,0.30734734038991957,0.17936165948997307,0.09526208258382825,0.04616346020930859,0.01667703887983927]
1104,0,1,[-0.00000127328977323,0.00002328444930692,0.00046584470262563,0.00355943214821198,0.01685803045511641,0.06577093981516662,0.18723489395255444,0.35289311528196643,0.5686095467407495,0.7790873681346898,0.9325013846847066,0.962953594527954,0.8794430980756046,0.7187291716788657,0.529068478125594,0.35240038935104984,0.21317860485205295,0.11748324652350714,0.05913651640213793,0.02277579618083433]
1128,0,1,[-0.00000087319112158,0.0000163884490249,0.00033669140787704,0.00264318683388682,0.01286933161709155,0.05164636141930262,0.15132566628490485,0.2966866081119857,0.4988768013463141,0.7137353907233386,0.891965651476354,0.9549073763168,0.9015086125599684,0.7611937195069335,0.5791814694081032,0.3990804168611762,0.24996440343911785,0.14276829936102675,0.07455314872144282,0.0305884527609021]
1152,0,1,[-0.00000059153665356,0.00001139062538338,0.00024021361646461,0.00193675838539874,0.00968990801982469,0.03998175161307766,0.12051580700215994,0.24594355724743566,0.43214695174918927,0.6465558583148006,0.8448728599439467,0.9382766340731518,0.9156178712181982,0.7982683440938021,0.6272735549722137,0.4466675173149655,0.28936449916113044,0.17109213034857687,0.0925772589642771,0.0404378348916069]
1176,0,1,[-0.00000039580255258,0.00000781694175446,0.00016915617478209,0.0014001749032392,0.00719558816065236,0.03051260155163456,0.09457389304537078,0.2010189021839485,0.36957406181402513,0.5791278532398394,0.792472660473918,0.9135970737963345,0.9216048702328538,0.8292749576393731,0.6724545580364977,0.494388047178704,0.3309278016555477,0.20234258122600407,0.11332280719313909,0.05266842227510293]
1200,0,1,[-0.00000026153677105,0.00000529596992154,0.00011755746130698,0.00099862917268443,0.00526939633033455,0.02295444260763862,0.07312732657782209,0.1619892596928144,0.31202172225108854,0.5128999719863947,0.7361017474249906,0.8815930430443271,0.9194890146726016,0.8536707774490897,0.7138903409126734,0.541437571986104,0.3741179941275473,0.2363179395868831,0.13684400748247008,0.06763975013061407]
1224,0,1,[-0.00000017063775149,0.00000354169489721,0.00008061756053944,0.00070257753438871,0.00380508933312733,0.01702139305141219,0.05571215846895104,0.12869708170140481,0.2600579624109381,0.4491376120767946,0.6771263824337527,0.8431506863680056,0.909475972643326,0.8710615645775001,0.7508237490236536,0.5870038089535664,0.418327916539667,0.27272808236634094,0.1631274518746274,0.08571851601919958]
1248,0,1,[-0.00000010990941187,0.00000233759549823,0.00005454673400947,0.00048753114915898,0.00270917104136824,0.0124403083191769,0.04181752679686408,0.1008021842273562,0.21396964403204038,0.3888854098488867,0.6168861763722913,0.7992830069882214,0.8919512107611705,0.8812115901861769,0.7825935189732992,0.6302890415171997,0.46289621041091633,0.3111991175817282,0.19208661751664313,0.10726964614684273]
1272,0,1,[-0.00000006987783671,0.00000152248701937,0.00003640889978626,0.0003336381982314,0.0019016492774382,0.00896061809462114,0.03092264816162055,0.07783504521158102,0.17379232096770358,0.33294625365155583,0.556642800630422,0.751089305850845,0.8674660061526802,0.8840492604602265,0.8086508239973389,0.6705316073754789,0.5071254881216797,0.3512811975747333,0.22355905160706735,0.13264663599317192]
1296,0,1,[-0.00000004384442444,0.00000097835193026,0.00002397086021151,0.00022514317769131,0.00131582599550422,0.00636026152446695,0.0225254110251951,0.05924732833872739,0.13935075562344323,0.28187659992502034,0.49753670490410284,0.6997117861420025,0.836716437233301,0.8796675593128732,0.8285729339421591,0.7070260805783511,0.5503013791102577,0.39245906857842794,0.25730636459821804,0.1621815190372547]
1320,0,1,[-0.00000002714459218,0.00000062018733786,0.00001556438522965,0.00014979348597747,0.00089740594422955,0.00444833974334748,0.01616256022500587,0.0444563551250288,0.11030516361053845,0.2359963871428816,0.4405540335960565,0.646292187732856,0.8005164594879197,0.8683188229668068,0.8420733829166641,0.7391417303153678,0.5917118761999889,0.4341648653015153,0.29301701264804897,0.1961748345853253]
1344,0,1,[-0.00000001657937264,0.00000038776059714,0.00000996517827657,0.00009824643496566,0.00060318018929249,0.00306520216700581,0.01142217172838681,0.03288153934263759,0.08619867775971005,0.19541080640457822,0.3865049032178659,0.5919311383684476,0.7597666370486041,0.850403781181952,0.8490080697186428,0.7663387889829503,0.6306664474168773,0.47579263664319754,0.330311725522128,0.23488596319441182]
1368,0,1,[-0.00000000998823336,0.00000023907920044,0.00000629032047007,0.00006351351529127,0.0003994982360827,0.00208068916467575,0.00794957901337168,0.02397197362731152,0.06650231444571096,0.16004059890017683,0.3360131717561029,0.5376525056247121,0.7154203957443016,0.8264552321772487,0.8493768508038684,0.7881820337123862,0.6665143964188575,0.5167140831684901,0.3687513383601658,0.2785241791881527]
1392,0,1,[-0.00000000593421748,0.00000014533799752,0.00000391401290129,0.00004046446530889,0.00026069407703505,0.0013911930653165,0.00544814266812888,0.01722532172099437,0.05065471757512297,0.12965739316309116,0.28951691655279155,0.48437446476628465,0.6684497738353856,0.7971171142679796,0.8433203988691153,0.8043512002275256,0.6986619602225359,0.5562949876320918,0.40784671232405356,0.3272407378446934]
1416,0,1,[-0.0000000034762388,0.00000008709540296,0.00000240025826826,0.00002540210118969,0.00016758362781842,0.00091609695817362,0.00367629108351162,0.01219887270710114,0.03809499389524809,0.10392080289617026,0.24727812288411746,0.43288833745118344,0.6198125776621343,0.7631200577949603,0.8311123616893396,0.8146478150675606,0.7265876408883459,0.5939118217935568,0.4470703753142213,0.38112227322343606]
1440,0,1,[-0.00000000200744632,0.00000005144069716,0.00000145044612601,0.00001571015711988,0.00010610809706696,0.00059402885976313,0.00244215256670168,0.00851404937612387,0.02828791453729726,0.08241448333777561,0.20939961473228416,0.3838455817263046,0.5704226242422381,0.7252547185511287,0.8131471330038287,0.8189981507426517,0.7498552914399841,0.6289680163119489,0.48586947485069365,0.4401857338726939]
1464,0,1,[-0.0000000011425748,0.00000002993837852,0.00000086351907485,0.00000957040409885,0.00006616237610461,0.00037924549805593,0.00159690032226835,0.00585585733019488,0.02074155805338599,0.06467898399088219,0.17584703900686663,0.33775269310789985,0.5211244089402292,0.6843442945355432,0.7899238086726328,0.8174521688344,0.7681245249884144,0.6609093893564147,0.5236796073902183,0.5043750297712418]
1488,0,1,[-0.00000000064084727,0.0000000171660811,0.00000050638965337,0.00000574168764419,0.0000406204828372,0.00023834787696538,0.00102768921331006,0.00396876099409991,0.01501806542097212,0.05023993650684807,0.1464737214915809,0.2949732616898913,0.47267311929869166,0.6412176110318105,0.7620271202632457,0.8101785031793634,0.781158094252179,0.6892382489457104,0.5599390702158179,0.5735595062916811]
1512,0,1,[-0.00000000035415035,0.00000000969492739,0.00000029245098075,0.00000339176583211,0.00002455120961974,0.00014743741378634,0.00065081539811169,0.00265033298895432,0.0107385582440181,0.0386307934497411,0.12104640317025325,0.2557360532625985,0.4257204732421071,0.5966840364323661,0.7301062948695591,0.7974557308056621,0.7888259956625144,0.7135257189545571,0.5941030738115672,0.6475343010125992]
1536,0,1,[-0.00000000019281561,0.00000000539206515,0.00000016629776139,0.0000019724379436,0.00001460540088347,0.00008974983236183,0.00040550395961068,0.00174379976824296,0.00758345519156492,0.0294099242607709,0.09927018452373304,0.22014775536878045,0.380806434402515,0.5515112840224211,0.694852872831017,0.7796603635489232,0.7911061826316556,0.7334218926927176,0.6256574558127247,0.726022578159143]
1560,0,1,[-0.00000000010342515,0.00000000295261995,0.00000009308747875,0.00000112897106977,0.00000855031774574,0.00005375382523587,0.00024854153865136,0.00113034746717744,0.00528944352952678,0.02217234139576961,0.0808113961055187,0.18820894643308866,0.3383564842782125,0.5064068900617309,0.656978521241299,0.7572521514760063,0.7880819174496165,0.7486634921232046,0.654131454218801,0.8086795748240111]
1584,0,1,[-0.00000000005467004,0.00000000159149574,0.00000005128269893,0.00000063587470392,0.00000492482712326,0.00003167024139996,0.00014982727232047,0.00072179519998694,0.00364426570548755,0.01655665764805984,0.0653175244844132,0.159831888422296,0.2986838345891533,0.4620038650475558,0.6171938157267864,0.7307574072900879,0.7799359396798802,0.7590788036342182,0.6791091293641791,0.8950983346860087]
1608,0,1,[-0.00000000002849896,0.00000000084421604,0.0000000277987387,0.00000035234915994,0.0000027902796465,0.00001835152903743,0.00008881537573268,0.0004540140889526,0.0024803093470182,0.01224806911176628,0.05243371156082818,0.13485888317089093,0.26199575632972893,0.418850720823066,0.576188837310755,0.7007511304627605,0.7669417693077024,0.7645897688070855,0.7002390720764972,0.9848169507105221]
1632,0,1,[-0.00000000001467583,0.00000000044061757,0.00000001482349126,0.00000019203829842,0.00000155473604452,0.00001045636320361,0.00005176117396004,0.00028128328764794,0.00166778196045404,0.00897823433230667,0.04181568253223454,0.1130801380394219,0.22840308672101667,0.3774058050579286,0.5346162609785937,0.6678387278246111,0.7494525845679617,0.7652112248313956,0.7172420991342736,1.0773270904163637]
1656,0,1,[-0.00000000000749301,0.00000000022623201,0.00000000777392931,0.00000010292277529,0.00000085176150375,0.00000585707979321,0.00002965157926939,0.00017163394925603,0.00110804027064017,0.0065229037836951,0.03313922604273745,0.09425032691368489,0.19793194473750014,0.33803564466678526,0.4930774156887616,0.632638095608143,0.7278882086559704,0.7610474068712753,0.729916714695636,1.1720835378066259]
1680,0,1,[-0.00000000000382162,0.00000000011425804,0.00000000400854045,0.00000005422958887,0.00000045869905321,0.00000322458649992,0.00001669260223006,0.00010313644887913,0.00072745047118656,0.00469807237960244,0.0261065430953603,0.07810328027035866,0.17053672692605706,0.3010168224655924,0.4521115899602653,0.5957627525670889,0.702720800505144,0.7522859361628909,0.7381422045237519,1.2685144568210172]
1704,0,1,[-0.0000000000019757,0.00000000005676597,0.00000000203178232,0.00000002808344802,0.00000024276048569,0.00000174443706914,0.00000923279225103,0.00006102892601096,0.00047199269519681,0.00335530749021602,0.02044990182588573,0.06436447130603479,0.146113550886325,0.26654079178252915,0.412188659043815,0.5578066040126908,0.6744598697688093,0.7391896157572304,0.7418793241506754,1.3660320635731993]
1728,0,1,[-0.00000000000106254,0.00000000002775501,0.00000000101205575,0.00000001429018604,0.00000012622804806,0.00000092707831658,0.00000501615082706,0.00003555811420616,0.00030269625637697,0.00237676829985665,0.01593309214396391,0.052761168606334,0.12451344579544346,0.23472097102713937,0.3737049323124736,0.519330783482421,0.6436372254960744,0.7220864346200915,0.7411686374461807,1.4640433895029743]
1752,0,1,[-0.0000000000006177,0.00000000001337106,0.00000000049529829,0.00000000714296951,0.0000000644680093,0.00000048388721648,0.0000026762553834,0.0000203979353283,0.00019190146057932,0.0016702965475834,0.01235118001501883,0.04303029058340878,0.10555474025708168,0.20560144895995067,0.3369819724317844,0.4808528739405697,0.6107924249826756,0.7013582359654363,0.736126653016198,1.5619608250331094]
1776,0,1,[-0.00000000000040388,0.00000000000636507,0.00000000023811363,0.00000000350630633,0.00000003233115713,0.00000024798212388,0.00000140181262645,0.00001151976549484,0.00012028513589653,0.00116483554021898,0.00952902952054786,0.03492411965433859,0.08903425231232835,0.17916666298959202,0.3022680266790439,0.4428386649969996,0.5764592193688445,0.6774285349227798,0.7269399873559121,1.6592121527971788]
1800,0,1,[-0.00000000000030199,0.00000000000301322,0.00000000011244172,0.00000000168976211,0.00000001591695707,0.00000012474464754,0.0000007206737356,0.00000640437894045,0.00007455458647866,0.00080633060641964,0.00731900501748081,0.02821411608612062,0.07473703260178491,0.15535147690164042,0.2697416373157064,0.4056964662597282,0.5411534026972447,0.6507499736702649,0.7138578513704225,1.7552498097485876]
1824,0,1,[-0.00000000000025337,0.00000000000143794,0.00000000005216563,0.00000000079924742,0.00000000769004676,0.00000006157725404,0.00000036353753317,0.00000350471848437,0.00004570195214292,0.00055418255444494,0.00559819724296085,0.02269311698392311,0.06244454085714481,0.1340511701867535,0.23951696079344825,0.36977387718740157,0.5053623689955676,0.6217918806523185,0.6971832074798183,1.8495591566471463]
1848,0,1,[-0.00000000000022967,0.0000000000007103,0.00000000002379634,0.0000000003709367,0.00000000364495103,0.00000002981821279,0.00000017988360842,0.00000188772931769,0.0000277118176495,0.00037826585848785,0.00426544526689873,0.01817622132196888,0.05194124299028088,0.1151309483730728,0.21165032092063996,0.33535681588996885,0.46953657514923974,0.5910283576820584,0.6772629760744521,1.9416655792911481]
1872,0,1,[-0.00000000000021743,0.00000000000037947,0.00000000001069706,0.00000000016888359,0.00000000169436847,0.00000001416009448,0.00000008728302906,0.00000100070393739,0.00001662414092667,0.0002564829187344,0.00323835744939837,0.01450065425469548,0.04301969891693012,0.09843468360853096,0.18614754338434064,0.30267053605072364,0.434083002877238,0.5589272590047327,0.6544776819853801,2.0311402959024965]
1896,0,1,[-0.00000000000021038,0.00000000000023085,0.00000000000476397,0.00000000007542403,0.0000000007722093,0.0000000065921714,0.00000004151661405,0.00000052206059345,0.00000986808832088,0.00017280146882211,0.00245047330977446,0.01152488014435597,0.03548427020068654,0.08379269009504384,0.16297166178779704,0.27188231311267963,0.39936061690937114,0.5259403548561871,0.6292309246095592,2.117604796684029]
1920,0,1,[-0.00000000000020567,0.00000000000016431,0.00000000000212771,0.00000000003305031,0.00000000034493183,0.00000000300758159,0.00000001935172076,0.00000026801378879,0.00000579726453223,0.00011571036762574,0.00184865673422769,0.00912720004482825,0.02915361368703293,0.07102842471309927,0.14205064202424575,0.2431054568323187,0.3656777329802445,0.4924948939890447,0.6019390312570637,2.200733892251695]
1944,0,1,[-0.00000000000020203,0.00000000000013406,0.00000000000097784,0.00000000001422444,0.00000000015096498,0.00000000134423885,0.00000000883624627,0.00000013539021588,0.00000337121463425,0.00007702610844881,0.00139076994421559,0.00720403098623245,0.02386214567924675,0.05996407605660516,0.12328483615114791,0.2164043045869278,0.3332911414783379,0.4589867001453828,0.5730212149500522,2.280257395147435]
1968,0,1,[-0.00000000000019888,0.00000000000011956,0.00000000000048456,0.00000000000603045,0.00000000006472578,0.00000000058836291,0.00000000395097953,0.00000006729547811,0.00000194088272524,0.00005098537166065,0.00104364670979203,0.0056680253201997,0.01946066458817636,0.05042506357917759,0.10655394352827428,0.19179986482385583,0.30240678200227267,0.4257748610567405,0.5428905086911596,2.355960501077011]
1992,0,1,[-0.00000000000019598,0.00000000000011181,0.00000000000027538,0.00000000000253674,0.00000000002718652,0.00000000025209479,0.00000000172926604,0.00000003291008802,0.00000110646293971,0.00003356539882536,0.00078136131975002,0.00444615145351326,0.0158163121477761,0.04224351247529397,0.09172332143737752,0.16927580867536945,0.27318173082006686,0.3931779989744041,0.5119456918237654,2.4276829724539044]
2016,0,1,[-0.00000000000019323,0.00000000000010693,0.00000000000018666,0.00000000000107701,0.00000000001119389,0.00000000010570175,0.00000000074056601,0.0000000158341361,0.00000062470078397,0.00002198205423017,0.00058377535839812,0.00347782431843449,0.01281203776135851,0.03526080016510212,0.07864954643043058,0.14878454586237866,0.24572724632417683,0.361472051752068,0.48056436422816706,2.4953172553167167]
2040,0,1,[-0.00000000000019058,0.00000000000010329,0.00000000000014801,0.00000000000047856,0.00000000000452769,0.00000000004335958,0.00000000031019199,0.00000000749481457,0.00000034936126445,0.00001432389775505,0.00043533583502144,0.00271314584136927,0.01034571040522176,0.02932928840288305,0.06718517907725227,0.13025316464002423,0.2201126152051557,0.33088944490435973,0.44909726419221746,2.558805681263241]
2064,0,1,[-0.00000000000018801,0.00000000000010021,0.00000000000012981,0.0000000000002369,0.00000000000180941,0.00000000001740018,0.00000000012702273,0.00000000348986701,0.00000019355798831,0.00000928861820762,0.00032409419002484,0.00211129275914772,0.00832900027785913,0.02431336306334839,0.05718272741573641,0.11358906122723827,0.19636955185103785,0.3016194986808388,0.4178638688770581,2.6181369187057992]
2088,0,1,[-0.00000000000018552,0.00000000000009741,0.00000000000011989,0.00000000000013984,0.0000000000007248,0.00000000000683475,0.00000000005083303,0.00000000159852591,0.00000010625336687,0.0000059953217341,0.00024091486287696,0.00163907121109456,0.00668612996643723,0.02008990369536581,0.04849783789860469,0.09868512904384164,0.17449692275076045,0.2738098900099486,0.38714926480624967,2.673341842894334]
2112,0,1,[-0.00000000000018309,0.00000000000009479,0.00000000000011332,0.00000000000010016,0.00000000000030082,0.00000000000263318,0.00000000001987436,0.00000000072023727,0.00000005779975298,0.00000385224399992,0.00017884337775885,0.00126964412751107,0.00535257367351067,0.0165482990357698,0.04099176728160017,0.08542441995048683,0.15446559371800614,0.24756897646450884,0.3572022315294971,2.724488992492867]
2136,0,1,[-0.00000000000018073,0.0000000000000923,0.00000000000010818,0.00000000000008282,0.00000000000013783,0.0000000000010009,0.00000000000759112,0.00000000031919779,0.00000003116101979,0.0000024644346789,0.00013260644275517,0.00098142790600954,0.00427376388476394,0.01359011472794624,0.03453320547752532,0.0736842270083519,0.1362232279735516,0.22296878693374098,0.32823444567775206,2.771679772984497]
2160,0,1,[-0.00000000000017844,0.00000000000008992,0.00000000000010371,0.00000000000007408,0.00000000000007558,0.00000000000038122,0.00000000000283452,0.00000000013914172,0.00000001665115371,0.00000156992659268,0.00009821974304407,0.00075714852691657,0.0034038482416681,0.01112850710729277,0.02899952897081366,0.06333957011651982,0.11969889522188737,0.20004848985728285,0.3004206855350675,2.815043554922382]
2184,0,1,[-0.0000000000001762,0.00000000000008763,0.00000000000009962,0.00000000000006866,0.00000000000005135,0.00000000000015098,0.0000000000010374,0.00000000005965632,0.00000000881986973,0.00000099597923353,0.00007268249903983,0.00058304343543266,0.00270452548138567,0.00908746341425867,0.02427756815712222,0.05426609184152712,0.10480738388772735,0.1788181628977039,0.2738998979497683,2.854732799207126]
2208,0,1,[-0.00000000000017401,0.00000000000008543,0.00000000000009579,0.00000000000006458,0.0000000000000412,0.00000000000006685,0.00000000000037502,0.00000000002515674,0.0000000046312351,0.00000062932480604,0.00005374116820937,0.00044819360082947,0.00214397806756441,0.00740093518854072,0.02026397117876017,0.04634239084783821,0.09145313910317797,0.1592627059716927,0.248776979381239,2.8909183233162046]
2232,0,1,[-0.00000000000017188,0.00000000000008331,0.00000000000009217,0.00000000000006111,0.0000000000000362,0.00000000000003621,0.00000000000013672,0.00000000001043446,0.00000000241086784,0.00000039608864066,0.00003970772092199,0.00034396962617812,0.0016959103598787,0.00601191861668054,0.01686524264746668,0.03945183491316349,0.07953377673180625,0.14134576087522294,0.2251251202691007,2.923784802831411]
2256,0,1,[-0.00000000000016981,0.00000000000008127,0.00000000000008874,0.00000000000005798,0.00000000000003311,0.0000000000000247,0.00000000000005283,0.00000000000425771,0.00000000124425845,0.00000024833456266,0.00002932062674392,0.00026357619346394,0.00133869457134015,0.00487152373518878,0.0139975291410399,0.03348390513231811,0.06894314794461716,0.12501352373899552,0.20298856562352757,2.953526582686145]
2280,0,1,[-0.00000000000016778,0.00000000000007931,0.00000000000008549,0.00000000000005509,0.00000000000003078,0.00000000000001991,0.00000000000002371,0.00000000000170993,0.00000000063667965,0.00000015510962614,0.00002163901650963,0.00020168014661847,0.00105462201582649,0.00393806391400133,0.01158621543771289,0.02833512827252951,0.05957394923166476,0.11019835987584507,0.18238565354404068,2.98034385312041]
2304,0,1,[-0.00000000000016581,0.00000000000007742,0.00000000000008239,0.00000000000005239,0.00000000000002879,0.00000000000001747,0.00000000000001352,0.0000000000006767,0.00000000032300655,0.00000009652111976,0.00001596244316069,0.00015410887913756,0.00082925392476181,0.00317618808195784,0.00956538685454956,0.02390965609293504,0.05131988913585916,0.09682215312596736,0.16331200601840914,3.004439227061283]
2328,0,1,[-0.00000000000016388,0.0000000000000756,0.00000000000007945,0.00000000000004987,0.00000000000002701,0.00000000000001587,0.00000000000000973,0.00000000000026468,0.00000000016247377,0.00000005984242949,0.00001177027873257,0.00011760721391575,0.00065086410053452,0.00255607070941885,0.00787720436193864,0.02011954953036884,0.04407743555311051,0.08479934272730107,0.14574376161336533,3.0260147390469188]
2352,0,1,[-0.00000000000016199,0.00000000000007384,0.00000000000007665,0.00000000000004749,0.00000000000002537,0.00000000000001462,0.00000000000000807,0.00000000000010307,0.00000000008102775,0.00000003696723787,0.00000867609521264,0.00008964250857362,0.00050996459621548,0.00205266855268481,0.00647123078172041,0.01688482268629224,0.03774717644189585,0.07403961944993162,0.12964075642480302,3.045269271228505]
2376,0,1,[-0.00000000000016015,0.00000000000007214,0.00000000000007398,0.00000000000004526,0.00000000000002386,0.00000000000001354,0.00000000000000713,0.00000000000004064,0.0000000000400642,0.00000002275412494,0.00000639342642779,0.00006824920302929,0.00039890522635229,0.00164504845769493,0.00530373863394616,0.01413329715637643,0.03223483262251908,0.0644502688786091,0.11494957692779004,3.0623963996146113]
2400,0,1,[-0.00000000000015835,0.0000000000000705,0.00000000000007143,0.00000000000004316,0.00000000000002246,0.00000000000001257,0.00000000000000646,0.00000000000001683,0.00000000001964005,0.00000001395565368,0.00000471013908134,0.00005190539485518,0.00031153782246985,0.00131578695538219,0.00433702325674881,0.01180031196596519,0.02745196448036523,0.05593816314906815,0.10160642534150575,3.0775826436343534]
2424,0,1,[-0.00000000000015659,0.00000000000006892,0.000000000000069,0.00000000000004118,0.00000000000002116,0.00000000000001168,0.0000000000000059,0.00000000000000781,0.00000000000954517,0.00000000852896152,0.00000346929262675,0.00003943525464394,0.00024293658866673,0.00105043978670824,0.0035387387751504,0.0098283286571584,0.02331641529873892,0.04841141314720006,0.08953975416014189,3.09100609425026]
2448,0,1,[-0.00000000000015487,0.00000000000006739,0.00000000000006669,0.00000000000003932,0.00000000000001995,0.00000000000001087,0.00000000000000541,0.00000000000000435,0.00000000000459914,0.00000000519403461,0.00000255487427186,0.00002993216833087,0.00018916656185305,0.00083707770326378,0.00288126935868936,0.0081664652682688,0.01975253310668457,0.0417807012961904,0.07867264112774912,3.1028353901248993]
2472,0,1,[-0.00000000000015319,0.00000000000006592,0.00000000000006447,0.00000000000003756,0.00000000000001883,0.00000000000001012,0.00000000000000497,0.00000000000000297,0.00000000000219699,0.00000000315196277,0.00000188118642907,0.00002269841803283,0.00014709294277598,0.00066588374223235,0.00234114395532351,0.00676998731819378,0.01669121077517076,0.03596032080633325,0.06892488884161563,3.1132290075506814]
2496,0,1,[-0.00000000000015154,0.00000000000006449,0.00000000000006236,0.0000000000000359,0.00000000000001778,0.00000000000000944,0.00000000000000458,0.00000000000000235,0.00000000000104058,0.00000000190602255,0.0000013849638166,0.00001719799658893,0.00011422486865237,0.0005288065317491,0.00189849925714317,0.00559977864354949,0.01406978102451127,0.03086895092403329,0.06021484418431498,3.122334827762961]
2520,0,1,[-0.00000000000014993,0.00000000000006311,0.00000000000006033,0.00000000000003434,0.0000000000000168,0.00000000000000881,0.00000000000000422,0.00000000000000202,0.00000000000048878,0.00000000114854341,0.00000101952614009,0.00001301980679839,0.00008858799733871,0.00041926392236907,0.00153659295847142,0.00462181015598308,0.01183179935562794,0.02643019959946542,0.05246094185706907,3.1302899446223074]
2544,0,1,[-0.00000000000014836,0.00000000000006177,0.0000000000000584,0.00000000000003286,0.00000000000001588,0.00000000000000823,0.00000000000000389,0.0000000000000018,0.00000000000022779,0.00000000068966739,0.00000075044588593,0.00000984903931489,0.00006862103421719,0.00033189125996907,0.0012413673152616,0.00380662035768096,0.00992674396887612,0.02257294541330775,0.04558298345992767,3.137220676216447]
2568,0,1,[-0.00000000000014682,0.00000000000006048,0.00000000000005655,0.00000000000003145,0.00000000000001503,0.00000000000000769,0.00000000000000359,0.00000000000000163,0.00000000000010544,0.00000000041267133,0.00000055234196603,0.00000744496852592,0.00005309203654764,0.00026232883097615,0.00100106151031779,0.00312881779910248,0.00830965771115071,0.01923150986929199,0.03950316895309917,3.1432427454442826]
2592,0,1,[-0.00000000000014531,0.00000000000005922,0.00000000000005478,0.00000000000003013,0.00000000000001423,0.0000000000000072,0.00000000000000332,0.00000000000000148,0.00000000000004858,0.0000000002460593,0.00000040650875507,0.00000562376810617,0.00004103096538424,0.00020704335532629,0.00080587027893305,0.00256661257695819,0.00694075316649032,0.01634568955652387,0.03414690110488861,3.148461596868599]
2616,0,1,[-0.00000000000014383,0.00000000000005801,0.00000000000005308,0.00000000000002887,0.00000000000001348,0.00000000000000674,0.00000000000000307,0.00000000000000135,0.00000000000002238,0.00000000014619885,0.00000029916422021,0.00000424524065548,0.00003167551837363,0.00016317882391448,0.00064764556805481,0.00210138142242335,0.00578499830171072,0.01386067546901678,0.02944338588289755,3.152972819846147]
