cycle,hour_cyc,stp,RCLFA
0,0,0,[0.0,0.0,0.0,0.0,0.0,0.0,0.0,0.0,0.0,0.0,0.0,0.0,0.0,0.0,0.0,0.0,0.0,0.0,0.0,0.0]
0,0,1,[-0.0,0.0,0.0,0.0,0.0,0.0,0.0,0.0,0.0,0.0,0.0,0.0,0.0,0.0,0.0,0.0,0.0,0.0,0.0,0.0]
0,0,2,[-0.0,0.0,0.0,0.0,0.0,0.0,0.0,0.0,0.0,0.0,0.0,0.0,0.0,0.0,0.0,0.0,0.0,0.0,0.0,0.0]
24,0,1,[-3.743749440000001,0.0,0.0,0.0,0.0,0.0,0.0,0.0,0.0,0.0,0.0,0.0,0.0,0.0,0.0,0.0,0.0,0.0,0.0,0.0]
24,0,2,[-0.00121297481857208,0.0,0.0,0.0,0.0,0.0,0.0,0.0,0.0,0.0,0.0,0.0,0.0,0.0,0.0,0.0,0.0,0.0,0.0,0.0]
48,0,1,[-1.42821287444417,0.6617457069504752,0.0,0.0,0.0,0.0,0.0,0.0,0.0,0.0,0.0,0.0,0.0,0.0,0.0,0.0,0.0,0.0,0.0,0.0]
48,0,2,[-0.00046274097134242,0.00021440560906238,0.0,0.0,0.0,0.0,0.0,0.0,0.0,0.0,0.0,0.0,0.0,0.0,0.0,0.0,0.0,0.0,0.0,0.0]
72,0,1,[-3.9994922923718508,0.9655794654048274,0.5010767278967253,0.0,0.0,0.0,0.0,0.0,0.0,0.0,0.0,0.0,0.0,0.0,0.0,0.0,0.0,0.0,0.0,0.0]
72,0,2,[-0.00129583550274756,0.00031284774679577,0.00016234885984093,0.0,0.0,0.0,0.0,0.0,0.0,0.0,0.0,0.0,0.0,0.0,0.0,0.0,0.0,0.0,0.0,0.0]
96,0,1,[-5.811196506112046,2.033957931432922,1.0847233844381778,0.22018398333041775,0.0,0.0,0.0,0.0,0.0,0.0,0.0,0.0,0.0,0.0,0.0,0.0,0.0,0.0,0.0,0.0]
96,0,2,[-0.0018828276680087,0.00065900236979421,0.00035145037656327,0.00007133961060013,0.0,0.0,0.0,0.0,0.0,0.0,0.0,0.0,0.0,0.0,0.0,0.0,0.0,0.0,0.0,0.0]
120,0,1,[-7.137301223977486,3.4112686820357165,2.303270174076999,0.6339142927480916,0.08141879976358488,0.0,0.0,0.0,0.0,0.0,0.0,0.0,0.0,0.0,0.0,0.0,0.0,0.0,0.0,0.0]
120,0,2,[-0.00231248559669059,0.00110525105303783,0.00074625953644028,0.00020538823086121,0.00002637969112479,0.0,0.0,0.0,0.0,0.0,0.0,0.0,0.0,0.0,0.0,0.0,0.0,0.0,0.0,0.0]
144,0,1,[-8.118928052015772,4.8586836620653715,4.2148154879466615,1.4659343133598972,0.29314675606128987,0.03166983167859255,0.0,0.0,0.0,0.0,0.0,0.0,0.0,0.0,0.0,0.0,0.0,0.0,0.0,0.0]
144,0,2,[-0.0000179276855819,0.00001072862728643,0.00000930687972224,0.00000323698021281,0.00000064730748177,0.00000006993124968,0.0,0.0,0.0,0.0,0.0,0.0,0.0,0.0,0.0,0.0,0.0,0.0,0.0,0.0]
168,0,1,[-8.84581325065692,6.2456468661551945,6.686451101207791,2.9049669363408595,0.7539566538734507,0.13699973143034164,0.01103900015206223,0.0,0.0,0.0,0.0,0.0,0.0,0.0,0.0,0.0,0.0,0.0,0.0,0.0]
168,0,2,[-0.00000013153892755,0.00000009287395826,0.00000009942880118,0.00000004319741154,0.00000001121147902,0.0000000020372121,0.00000000016415203,0.0,0.0,0.0,0.0,0.0,0.0,0.0,0.0,0.0,0.0,0.0,0.0,0.0]
192,0,1,[-6.5386672588101655,7.516875300420614,9.540307414816349,5.039823586275019,1.6226428342914028,0.3933937460337013,0.05587347623721054,0.00296381931061915,0.0,0.0,0.0,0.0,0.0,0.0,0.0,0.0,0.0,0.0,0.0,0.0]
192,0,2,[-0.00000000060480304,0.00000000069528374,0.00000000088244388,0.00000000046616543,0.00000000015008858,0.0000000000363875,0.00000000000516809,0.00000000000027414,0.0,0.0,0.0,0.0,0.0,0.0,0.0,0.0,0.0,0.0,0.0,0.0]
216,0,1,[-4.811194770084244,7.690326788401292,12.580721921726525,7.849463765657949,3.046623627946946,0.9191641191051798,0.17822826970532857,0.01718195876755945,0.00079554388387649,0.0,0.0,0.0,0.0,0.0,0.0,0.0,0.0,0.0,0.0,0.0]
216,0,2,[-0.00000000000258756,0.00000000000413602,0.00000000000676617,0.00000000000422161,0.00000000000163854,0.00000000000049435,0.00000000000009585,0.00000000000000924,0.00000000000000043,0.0,0.0,0.0,0.0,0.0,0.0,0.0,0.0,0.0,0.0,0.0]
240,0,1,[-3.5399607730365945,7.2473985414566044,14.946110151411213,11.236521263328733,5.127224511119508,1.8586311273756446,0.451511939212073,0.06049388337145048,0.00519729704493029,0.00021020214031243,0.0,0.0,0.0,0.0,0.0,0.0,0.0,0.0,0.0,0.0]
240,0,2,[-0.00000000000001036,0.00000000000002122,0.00000000000004376,0.0000000000000329,0.00000000000001501,0.00000000000000544,0.00000000000000132,0.00000000000000018,0.00000000000000002,0.0,0.0,0.0,0.0,0.0,0.0,0.0,0.0,0.0,0.0,0.0]
264,0,1,[-2.604616613741611,6.501638900458198,16.358814086227294,14.755410237739277,7.903218406239011,3.35730685517156,0.9800399186727725,0.16573461319641275,0.02006172050976131,0.00152791451812691,0.00005554054362922,0.0,0.0,0.0,0.0,0.0,0.0,0.0,0.0,0.0]
264,0,2,[-0.00000000000000004,0.0000000000000001,0.00000000000000024,0.00000000000000022,0.00000000000000012,0.00000000000000005,0.00000000000000001,0.0,0.0,0.0,0.0,0.0,0.0,0.0,0.0,0.0,0.0,0.0,0.0,0.0]
288,0,1,[-1.9164132374608074,5.644001197991085,16.84651291557157,17.95775351309719,11.2393289206426,5.53730256690653,1.8912834008654997,0.3850706007033358,0.0592471569671237,0.00642499909949132,0.00044457773824372,0.00001467516925396,0.0,0.0,0.0,0.0,0.0,0.0,0.0,0.0]
288,0,2,[-0.0,0.00000000000000001,0.00000000000000002,0.00000000000000002,0.00000000000000001,0.00000000000000001,0.0,0.0,0.0,0.0,0.0,0.0,0.0,0.0,0.0,0.0,0.0,0.0,0.0,0.0]
312,0,1,[-1.4100500155275615,4.785672147541318,16.570845026955894,20.52566119560663,14.87119209286271,8.435966731375874,3.3215946251205524,0.791108893514874,0.1469526762326897,0.02038190438730636,0.0020247512466665,0.00012826593647354,0.00000387753843517,0.0,0.0,0.0,0.0,0.0,0.0,0.0]
312,0,2,[-0.0,0.00000000000000001,0.00000000000000002,0.00000000000000003,0.00000000000000002,0.00000000000000001,0.0,0.0,0.0,0.0,0.0,0.0,0.0,0.0,0.0,0.0,0.0,0.0,0.0,0.0]
336,0,1,[-1.037480334317609,3.986892687219925,15.732999088017955,22.295402150515873,18.487433774635623,11.978185164826266,5.3843160970246435,1.4738806673194185,0.3204724359124969,0.05382499619128827,0.00687515982671473,0.00062936371291094,0.00003674399373362,0.00000102454043671,0.0,0.0,0.0,0.0,0.0,0.0]
336,0,2,[-0.0,0.00000000000000001,0.00000000000000002,0.00000000000000003,0.00000000000000002,0.00000000000000002,0.00000000000000001,0.0,0.0,0.0,0.0,0.0,0.0,0.0,0.0,0.0,0.0,0.0,0.0,0.0]
360,0,1,[-0.7633526699368317,3.2761177645588138,14.525572762013196,23.233839594526746,21.79876219291381,15.987852715845092,8.136661308194594,2.530059550992352,0.6314125971313016,0.1242797676671749,0.01928045423102175,0.00227965571775117,0.00019332860947341,0.00001046249312025,0.00000027070862713,0.0,0.0,0.0,0.0,0.0]
360,0,2,[-0.0,0.0,0.00000000000000002,0.00000000000000003,0.00000000000000002,0.00000000000000002,0.00000000000000001,0.0,0.0,0.0,0.0,0.0,0.0,0.0,0.0,0.0,0.0,0.0,0.0,0.0]
384,0,1,[-0.5616562352328133,2.6626079134751364,13.111326481253625,23.40019566682207,24.580141900312228,20.223127268116958,11.559344851213478,4.046136666440896,1.143692700567608,0.2582766575123275,0.04702383943285894,0.00677168225066073,0.00074458722943744,0.00005878019102058,0.00000296362721711,0.00000007152783646,0.0,0.0,0.0,0.0]
384,0,2,[-0.0,0.0,0.00000000000000001,0.00000000000000002,0.00000000000000002,0.00000000000000002,0.00000000000000001,0.0,0.0,0.0,0.0,0.0,0.0,0.0,0.0,0.0,0.0,0.0,0.0,0.0]
408,0,1,[-0.4132529288237104,2.1445859512484176,11.616866599724155,22.90869610896834,26.687768357880284,24.41873562591817,15.553882587927333,6.080572202611258,1.9275589975183063,0.4922252191027411,0.10284199781078138,0.0174072860976294,0.00233709305971174,0.00023998717436433,0.00001771172774811,0.000000835691187,0.00000001889940281,0.0,0.0,0.0]
408,0,2,[-0.0,0.0,0.00000000000000001,0.00000000000000002,0.00000000000000002,0.00000000000000002,0.00000000000000001,0.00000000000000001,0.0,0.0,0.0,0.0,0.0,0.0,0.0,0.0,0.0,0.0,0.0,0.0]
432,0,1,[-0.30406140352246785,1.714423327530703,10.134032167609814,21.89834309734008,28.057824981757307,28.32368864071749,19.95535095463881,8.649938112566556,3.0503887578102087,0.8714754885057412,0.2057265629179983,0.03998122528921418,0.00631900643451895,0.00079409381070544,0.0000764423340214,0.00000529475256248,0.00000023471575776,0.0000000049936842,0.0,0.0]
432,0,2,[-0.0,0.0,0.00000000000000001,0.00000000000000002,0.00000000000000002,0.00000000000000002,0.00000000000000002,0.00000000000000001,0.0,0.0,0.0,0.0,0.0,0.0,0.0,0.0,0.0,0.0,0.0,0.0]
456,0,1,[-0.2237209482717988,1.3618563462852356,8.724752294607322,20.511276807355443,28.694456599381,31.728548714523182,24.554920606935926,11.722147945176673,4.566204748115433,1.4471976353792606,0.381633702553925,0.08377519495207285,0.01521338749161249,0.00225391077629117,0.00026606339635738,0.00002409368270781,0.00000157170116857,0.00000006569187134,0.00000000131945343,0.0]
456,0,2,[-0.0,0.0,0.00000000000000001,0.00000000000000002,0.00000000000000002,0.00000000000000002,0.00000000000000002,0.00000000000000001,0.0,0.0,0.0,0.0,0.0,0.0,0.0,0.0,0.0,0.0,0.0,0.0]
480,0,1,[-0.1646084051318661,1.0759112894560434,7.426999531585684,18.878962880279207,28.652965963975202,34.48082530539267,29.12594025105144,15.217525491825285,6.506143003097478,2.271315555240953,0.6631817401373653,0.16247669348203495,0.03332909294016626,0.00567812130454401,0.00079130126486497,0.00008802799573587,0.00000752255921615,0.0000004636163404,0.00000001832821975,0.00000000017431592]
480,0,2,[-0.0,0.0,0.0,0.00000000000000001,0.00000000000000002,0.00000000000000002,0.00000000000000002,0.00000000000000001,0.0,0.0,0.0,0.0,0.0,0.0,0.0,0.0,0.0,0.0,0.0,0.0]
504,0,1,[-0.12111484083019594,0.845996182703732,6.260594484535147,17.11461376078911,28.022372443918545,36.489781473251114,33.44849461429456,19.016594217432488,8.871726088952943,3.3902604826345577,1.0880900031389826,0.29477520598906515,0.0674530458734844,0.01298418390807332,0.00208251857225538,0.00027384998417647,0.00002879406341095,0.00000232876159622,0.0000001359842258,0.00000000259569776]
504,0,2,[-0.0,0.0,0.0,0.00000000000000001,0.00000000000000002,0.00000000000000002,0.00000000000000002,0.00000000000000001,0.00000000000000001,0.0,0.0,0.0,0.0,0.0,0.0,0.0,0.0,0.0,0.0,0.0]
528,0,1,[-0.08911333936906857,0.6624651886250218,5.232284426967802,15.310132186732854,26.909793090465694,37.72320180105436,37.329148927647964,22.972402007801485,11.632004562409206,4.8385976841838,1.6963797178310704,0.5043883670982586,0.12751711721462755,0.02737618867038024,0.00496300503312179,0.00075174443604874,0.00009354382779796,0.00000932154125068,0.00000071536960708,0.00000002056087598]
528,0,2,[-0.0,0.0,0.0,0.00000000000000001,0.00000000000000001,0.00000000000000002,0.00000000000000002,0.00000000000000001,0.00000000000000001,0.0,0.0,0.0,0.0,0.0,0.0,0.0,0.0,0.0,0.0,0.0]
552,0,1,[-0.06556741683525553,0.5168580957347851,4.339897572937666,13.53606682298701,25.42782698520694,38.198952920382226,40.61434988784615,26.924890537142705,14.724761916111072,6.6335818387232175,2.5266305125818764,0.8193416188711534,0.2270957136344695,0.05383586982593382,0.01088511601555284,0.00186446242539976,0.0002674565174832,0.00003157512807705,0.00000298933052366,0.00000011506994429]
552,0,2,[-0.0,0.0,0.0,0.00000000000000001,0.00000000000000001,0.00000000000000002,0.00000000000000002,0.00000000000000001,0.00000000000000001,0.0,0.0,0.0,0.0,0.0,0.0,0.0,0.0,0.0,0.0,0.0]
576,0,1,[-0.04824290258889207,0.40194719563106796,3.5755768703429394,11.843382917292447,23.685256641573993,37.97387807441672,43.19734416713155,30.715065869881,18.06125815181072,8.771469395110843,3.6117874428280556,1.2704490773769241,0.3835815585936637,0.09961535570526878,0.02223375505589498,0.00424793960381126,0.00068942451539662,0.00009390075701765,0.00001054239698545,0.0000005099970419]
576,0,2,[-0.0,0.0,0.0,0.00000000000000001,0.00000000000000001,0.00000000000000002,0.00000000000000002,0.00000000000000001,0.00000000000000001,0.0,0.0,0.0,0.0,0.0,0.0,0.0,0.0,0.0,0.0,0.0]
600,0,1,[-0.03549594848499408,0.31167661402644253,2.9281940280512897,10.266168840282685,21.78085724587085,37.13201741197368,45.019398068061555,34.19728236697971,21.53352363700516,11.226058663235243,4.9751015373358,1.8890879049540845,0.6179136355511212,0.17464616774792133,0.04267986545504224,0.00900023168960399,0.00162967118571858,0.00025125269090053,0.00003256771330881,0.00000190277653229]
600,0,2,[-0.0,0.0,0.0,0.0,0.00000000000000001,0.00000000000000002,0.00000000000000002,0.00000000000000001,0.00000000000000001,0.0,0.0,0.0,0.0,0.0,0.0,0.0,0.0,0.0,0.0,0.0]
624,0,1,[-0.02611705124053088,0.24104765557192304,2.385080813421845,8.824675379651245,19.799836617241407,35.773538260207395,46.066589082766065,37.248608344344966,25.023022973856975,13.949542863878305,6.626757207726864,2.704488140817003,0.9537889499754749,0.2917682679241727,0.07754858829102133,0.01789921419180387,0.00357715343603896,0.00061546455114594,0.00009034962990078,0.00000620536950124]
624,0,2,[-0.0,0.0,0.0,0.0,0.00000000000000001,0.00000000000000001,0.00000000000000002,0.00000000000000001,0.00000000000000001,0.00000000000000001,0.0,0.0,0.0,0.0,0.0,0.0,0.0,0.0,0.0,0.0]
648,0,1,[-0.01921628790481759,0.18598292700186878,1.9332180735417965,7.528303505355865,17.812333112276352,34.00520871075685,46.363586831794585,39.77485567351281,28.40954357798561,16.875426987899903,8.561616175472635,3.740847503820792,1.416366470099867,0.4666903144849807,0.1341506640130721,0.03366003689174758,0.00736139197463569,0.0013980151497415,0.00022909782794681,0.00001814165985948]
648,0,2,[-0.0,0.0,0.0,0.0,0.00000000000000001,0.00000000000000001,0.00000000000000002,0.00000000000000001,0.00000000000000001,0.00000000000000001,0.0,0.0,0.0,0.0,0.0,0.0,0.0,0.0,0.0,0.0]
672,0,1,[-0.01413887492392184,0.14318845777284606,1.5600100624258697,6.378318828146417,15.873408772078514,31.932805384637504,45.96575678610901,41.71334648279618,31.579354133738125,19.923022529714693,10.758328214019555,5.014612425225794,2.0305511785750867,0.7176179685809635,0.22201576823145386,0.06021211695935928,0.01431013680300453,0.00297368507502481,0.00053795435725515,0.00004840828295268]
672,0,2,[-0.0,0.0,0.0,0.0,0.00000000000000001,0.00000000000000001,0.00000000000000001,0.00000000000000001,0.00000000000000001,0.00000000000000001,0.0,0.0,0.0,0.0,0.0,0.0,0.0,0.0,0.0,0.0]
696,0,1,[-0.01040303856431945,0.1100243626009504,1.2537521649690593,5.37018495408316,14.024042160103765,29.655524591747938,44.9507040946106,43.03282878724853,34.43195001987708,23.00291026562256,13.179864473035323,6.532242535400454,2.8190131020146385,1.0645270158605835,0.3529659840110529,0.10296459673661892,0.02643856198341441,0.00596905272857245,0.00118153395163144,0.00011947862839551]
696,0,2,[-0.0,0.0,0.0,0.0,0.0,0.00000000000000001,0.00000000000000001,0.00000000000000001,0.00000000000000001,0.00000000000000001,0.0,0.0,0.0,0.0,0.0,0.0,0.0,0.0,0.0,0.0]
720,0,1,[-0.00765430148930904,0.08438915792733051,1.0038793492644356,4.495483340778543,12.292716647871126,27.26225549881163,43.41010374099085,43.731144046244395,36.88499378243991,26.022741938923758,15.775353284919165,8.288706745084296,3.8001390840988876,1.528105126293006,0.5409778019475713,0.16902107426173635,0.04665861095943207,0.01137759742819991,0.00244651343809696,0.00027557370405089]
720,0,2,[-0.0,0.0,0.0,0.0,0.0,0.00000000000000001,0.00000000000000001,0.00000000000000001,0.00000000000000001,0.00000000000000001,0.0,0.0,0.0,0.0,0.0,0.0,0.0,0.0,0.0,0.0]
744,0,1,[-0.00563184793935191,0.06461954654636988,0.8010633857762643,3.7434337296223723,10.697294807822244,24.829454398812402,41.44239038033582,43.83131751980375,38.87732414324941,28.89281439170469,18.48296385338103,10.266861763697136,4.986128378199776,2.128432035300741,0.8018009702745307,0.2673011337868624,0.07898976477888615,0.02069970360847839,0.00480632413874543,0.0005987880303801]
744,0,2,[-0.0,0.0,0.0,0.0,0.0,0.00000000000000001,0.00000000000000001,0.00000000000000001,0.00000000000000001,0.00000000000000001,0.0,0.0,0.0,0.0,0.0,0.0,0.0,0.0,0.0,0.0]
768,0,1,[-0.00414377605393205,0.0494055726578569,0.6372102366486877,3.102055043839581,9.246956481921842,22.42030806413472,39.14663877323676,43.37671897087387,40.37012053420056,31.53096592835279,21.233500822880927,12.437756769313633,6.381427220331086,2.8835052623188795,1.15232932568253,0.40852905584382515,0.12874623153378667,0.03610136260573026,0.0090057434907193,0.00123376219174535]
768,0,2,[-0.0,0.0,0.0,0.0,0.0,0.00000000000000001,0.00000000000000001,0.00000000000000001,0.00000000000000001,0.00000000000000001,0.00000000000000001,0.0,0.0,0.0,0.0,0.0,0.0,0.0,0.0,0.0]
792,0,1,[-0.00304888913491038,0.03772002135144441,0.5053953641172221,2.559018415647506,7.944051530577353,20.084870287243135,36.61776954436533,42.425859009806004,41.346460976172246,33.8664866385689,23.954342813883866,14.76180735049439,7.98165752744497,3.807741746456479,1.6097483248215652,0.6050592685095718,0.20267169269797658,0.06058040157780476,0.01616506838332514,0.00242353097458543]
792,0,2,[-0.0,0.0,0.0,0.0,0.0,0.0,0.00000000000000001,0.00000000000000001,0.00000000000000001,0.00000000000000001,0.00000000000000001,0.0,0.0,0.0,0.0,0.0,0.0,0.0,0.0,0.0]
816,0,1,[-0.00224329810319316,0.02876045848142375,0.3997638997497745,2.102246741267121,6.785776626963819,17.860881358132566,33.943069288267374,41.04727318449959,41.80960001981758,35.84287869825747,26.57337350375065,17.190699921276984,9.773138843952786,4.91059232254522,2.1905119143339666,0.8705226756991946,0.3089923261463294,0.09812439395609937,0.02790068509696785,0.00455913407662527]
816,0,2,[-0.0,0.0,0.0,0.0,0.0,0.0,0.00000000000000001,0.00000000000000001,0.00000000000000001,0.00000000000000001,0.00000000000000001,0.0,0.0,0.0,0.0,0.0,0.0,0.0,0.0,0.0]
840,0,1,[-0.00165056391383678,0.02190216007530952,0.3154143108652406,1.7203124840080208,5.765629407686149,15.77502174556313,31.19991577827602,39.31482351566071,41.78032849173051,37.41943232131233,29.02260335893431,19.669831630837496,11.733039794652619,6.195395973068953,2.909223647538378,1.2192960982224783,0.4573623704860907,0.1538408560739724,0.04645550551839004,0.00824515557861812]
840,0,2,[-0.0,0.0,0.0,0.0,0.0,0.0,0.00000000000000001,0.00000000000000001,0.00000000000000001,0.00000000000000001,0.00000000000000001,0.0,0.0,0.0,0.0,0.0,0.0,0.0,0.0,0.0]
864,0,1,[-0.00121444458603958,0.01666022317465554,0.24827798096559775,1.4026798696227125,4.87462464031578,13.844398851350617,28.45454120317652,37.303630731441444,41.293769705436,38.57168768681697,31.241250821984906,22.141062539553896,13.830134203864652,7.658576832305513,3.7775107027889208,1.6658162651602721,0.6586838859807116,0.23403865942913676,0.07482934005121535,0.01438249563430522]
864,0,2,[-0.0,0.0,0.0,0.0,0.0,0.0,0.00000000000000001,0.00000000000000001,0.00000000000000001,0.00000000000000001,0.00000000000000001,0.0,0.0,0.0,0.0,0.0,0.0,0.0,0.0,0.0]
888,0,1,[-0.00089355864510068,0.01265929240292727,0.19500257648372304,1.1398308156390244,4.102278084773274,12.078112897705847,25.761640397256365,35.08674925132029,40.39593032834404,39.29092829441817,33.17813142608931,24.545554727802607,16.026084621598365,9.289253146760702,4.802983242573177,2.2237775536150663,0.9247928787962671,0.34624030826662894,0.11689633392646168,0.02426836601526904]
888,0,2,[-0.0,0.0,0.0,0.0,0.0,0.0,0.0,0.00000000000000001,0.00000000000000001,0.00000000000000001,0.00000000000000001,0.0,0.0,0.0,0.0,0.0,0.0,0.0,0.0,0.0]
912,0,1,[-0.0006574586134595,0.00960952295279196,0.152843833741255,0.9233069585709319,3.437376688199463,10.478790885445523,23.164628377767563,32.732615535720335,39.14027009818269,39.582896842332985,34.793281779255516,26.826492505272757,18.277136872674895,11.069288696801875,5.988365413161919,2.9052667424661984,1.2680163821260528,0.4991080394778039,0.17749461800674876,0.03971180042770563]
912,0,2,[-0.0,0.0,0.0,0.0,0.0,0.0,0.0,0.00000000000000001,0.00000000000000001,0.00000000000000001,0.00000000000000001,0.0,0.0,0.0,0.0,0.0,0.0,0.0,0.0,0.0]
936,0,1,[-0.00048374198138188,0.00728759789016669,0.11956815517165173,0.7456936030693824,2.8685607254161525,9.044014139905347,20.696364497968965,30.30323978926688,37.584492994075184,39.46594403700749,36.05881515575955,28.931512970805077,20.536085610343207,12.973778372738508,7.33086954224568,3.7198967741986313,1.7006179481008663,0.7022724187188784,0.2624727454435272,0.06316100879614012]
936,0,2,[-0.0,0.0,0.0,0.0,0.0,0.0,0.0,0.00000000000000001,0.00000000000000001,0.00000000000000001,0.00000000000000001,0.00000000000000001,0.0,0.0,0.0,0.0,0.0,0.0,0.0,0.0]
960,0,1,[-0.00035592552980998,0.00552180696034315,0.09336689806365625,0.6005656307746569,2.3847462230884564,7.7675945811955645,18.380182834351906,27.85306988529304,35.787700878387156,38.96881868147633,36.95906188967965,30.814720427083397,22.75436273590695,14.9719247971441,8.821863989922658,4.674004045749343,2.2341607729918573,0.9660597110330947,0.3786785695391173,0.09783686639710867]
960,0,2,[-0.0,0.0,0.0,0.0,0.0,0.0,0.0,0.0,0.00000000000000001,0.00000000000000001,0.00000000000000001,0.00000000000000001,0.0,0.0,0.0,0.0,0.0,0.0,0.0,0.0]
984,0,1,[-0.00026188130907506,0.00418036586843766,0.07278227119022374,0.4824104955714786,1.9754158842930016,6.640677706879811,16.231095166150784,25.428432113937884,33.80799427231298,38.12828959899621,37.490088760352585,32.438205633127716,24.88410626443824,17.028235133647,10.446860386620072,5.769970032845397,2.87882700492276,1.3011230089295205,0.5338790250037148,0.14786493362248104]
984,0,2,[-0.0,0.0,0.0,0.0,0.0,0.0,0.0,0.0,0.00000000000000001,0.00000000000000001,0.00000000000000001,0.00000000000000001,0.0,0.0,0.0,0.0,0.0,0.0,0.0,0.0]
1008,0,1,[-0.0001905035260229,0.00312746894341309,0.05603765070432001,0.38251931090219227,1.614343036444273,5.597328060683601,14.121801418027374,22.908514980866887,31.55969030885088,36.907328032184246,37.658717022035255,33.77303664303203,26.8800839692441,19.103948314476895,12.18582046920597,7.005718785720956,3.642737663691307,1.717990969898907,0.7366036399869111,0.2183968778664053]
1008,0,2,[-0.0,0.0,0.0,0.0,0.0,0.0,0.0,0.0,0.0,0.00000000000000001,0.00000000000000001,0.00000000000000001,0.0,0.0,0.0,0.0,0.0,0.0,0.0,0.0]
1032,0,1,[-0.00013699278347928,0.00231191032893516,0.04261096324344405,0.2993980292217015,1.3015088833497797,4.651582049290751,12.10606943324067,20.360676702145714,29.106920100047105,35.34057089512667,37.4601816840443,34.799728380320786,28.70137055625777,21.158593433495778,14.013758951904695,8.37442827234998,4.531319480482904,2.22655609470147,0.9959101614767365,0.3157112214390282]
1032,0,2,[-0.0,0.0,0.0,0.0,0.0,0.0,0.0,0.0,0.0,0.00000000000000001,0.00000000000000001,0.00000000000000001,0.0,0.0,0.0,0.0,0.0,0.0,0.0,0.0]
1056,0,1,[-0.00009737112630662,0.00168849540225819,0.03199724811438812,0.23130149611271406,1.035144391156635,3.811319932344861,10.226013641599186,17.84943724821226,26.517505768750667,33.472609412277755,36.90012870207242,35.50268517500086,30.312705760982478,23.15157952416784,15.901598869512,9.864477285085151,5.5467627638350265,2.8355309186149653,1.3210768988124635,0.4472831257309147]
1056,0,2,[-0.0,0.0,0.0,0.0,0.0,0.0,0.0,0.0,0.0,0.0,0.00000000000000001,0.00000000000000001,0.0,0.0,0.0,0.0,0.0,0.0,0.0,0.0]
1080,0,1,[-0.00006839759484329,0.00121823025312955,0.02372541501240303,0.17636539899239684,0.8121594006601407,3.0789505200339784,8.511624628189466,15.432486498627563,23.86009298703762,31.355962608078197,35.994494323793134,35.871923913813404,31.68402518546855,25.043724121739107,17.817220976224828,11.45963237844592,6.687608482101904,3.551904645183753,1.7212326699965919,0.6218135301953495]
1080,0,2,[-0.0,0.0,0.0,0.0,0.0,0.0,0.0,0.0,0.0,0.0,0.00000000000000001,0.00000000000000001,0.0,0.0,0.0,0.0,0.0,0.0,0.0,0.0]
1104,0,1,[-0.00004747538304357,0.0008681748436585,0.01736930285703304,0.1327155909102155,0.6285619110781658,2.452309463652745,6.981166814040062,13.157834275986819,21.200952525755017,29.048746015461962,34.768880860727315,35.90431001222797,32.790570398046405,26.79825397758635,19.72663975114072,13.139462690195744,7.948493842358426,4.380434247707202,2.204940954591273,0.8492094027156725]
1104,0,2,[-0.0,0.0,0.0,0.0,0.0,0.0,0.0,0.0,0.0,0.0,0.0,0.0,0.0,0.0,0.0,0.0,0.0,0.0,0.0,0.0]
1128,0,1,[-0.0000325574616546,0.00061105328206198,0.01255374376871895,0.09855282751255855,0.4798408507491258,1.9256659738740727,5.642269436424492,11.06214049634548,18.600924733270478,26.612057819662144,33.25748141224288,35.60430187609247,33.61329651603164,28.381570451414376,21.595133087550458,14.879955885949895,9.320074699445112,5.323202809881684,2.7797594601581963,1.140509051487774]
1128,0,2,[-0.0,0.0,0.0,0.0,0.0,0.0,0.0,0.0,0.0,0.0,0.0,0.0,0.0,0.0,0.0,0.0,0.0,0.0,0.0,0.0]
1152,0,1,[-0.00002205580363767,0.00042470639013342,0.00895651068100698,0.07221321347497164,0.36129410961315034,1.4907439080193015,4.493505108208797,9.170155005497229,16.112861735614814,24.10722812508578,31.501598059058416,34.984214544114536,34.13936880008196,29.763920361439308,23.388275726033324,16.654269847687008,10.78913121406154,6.379274062213903,3.451799364812718,1.5077492502463423]
1152,0,2,[-0.0,0.0,0.0,0.0,0.0,0.0,0.0,0.0,0.0,0.0,0.0,0.0,0.0,0.0,0.0,0.0,0.0,0.0,0.0,0.0]
1176,0,1,[-0.00001475773872423,0.00029145942410378,0.0063070907823298,0.052206372231141,0.2682918777275304,1.1376808930512516,3.5262450799914538,7.495111938253114,13.779793505370066,21.593133976131224,29.547824775313874,34.06402214005722,34.36259769697441,30.920020791922934,25.07287688428403,18.433558806066518,12.338844207887686,7.544466115809249,4.225309738744932,1.9637741340455974]
1176,0,2,[-0.0,0.0,0.0,0.0,0.0,0.0,0.0,0.0,0.0,0.0,0.0,0.0,0.0,0.0,0.0,0.0,0.0,0.0,0.0,0.0]
1200,0,1,[-0.0000097515574589,0.00019746345717916,0.00438320139101358,0.03723449562581777,0.19647264468063183,0.855870343312402,2.7265968149821806,6.0398679974949445,11.633919547020453,19.123787173243652,27.446001022557443,32.8707324028459,34.28370673648776,31.829633760219608,26.61783523164331,20.187828933113497,13.94921678327917,8.811258001002354,5.102311986669281,2.521989192043776]
1200,0,2,[-0.0,0.0,0.0,0.0,0.0,0.0,0.0,0.0,0.0,0.0,0.0,0.0,0.0,0.0,0.0,0.0,0.0,0.0,0.0,0.0]
1224,0,1,[-0.0000063623322705,0.00013205424672684,0.00300587474047136,0.0261960303649781,0.1418750683492665,0.6346529847655552,2.077261687880352,4.798548907584072,9.696419180124463,16.74636883209525,25.247068696262218,31.437385770619155,33.91036437894579,32.478059827647286,27.994919799539662,21.886793771572204,15.597610609234417,10.168832302995563,6.082306184736294,3.1960669656673972]
1224,0,2,[-0.0,0.0,0.0,0.0,0.0,0.0,0.0,0.0,0.0,0.0,0.0,0.0,0.0,0.0,0.0,0.0,0.0,0.0,0.0,0.0]
1248,0,1,[-0.00000409803921952,0.00008715866883763,0.00203380812861555,0.01817789519608435,0.10101308879076201,0.4638444563451491,1.5591919014490712,3.7584707019894186,7.977988218942595,14.49982885342605,23.000976001949713,29.80175268412459,33.25694298140084,32.85650970119974,29.179474980361643,23.500709974541376,17.2593665328455,11.603248231980919,7.162066275788335,3.9996139502924213]
1248,0,2,[-0.0,0.0,0.0,0.0,0.0,0.0,0.0,0.0,0.0,0.0,0.0,0.0,0.0,0.0,0.0,0.0,0.0,0.0,0.0,0.0]
1272,0,1,[-0.00000260543761025,0.00005676685381706,0.00135752795623656,0.01243990299147641,0.07090414904691263,0.33410209152204096,1.1529697301126232,2.902126965383334,6.47995231050349,12.414103417283961,20.75476512417681,28.004821247235085,32.343997246557805,32.962313961977124,30.15103743465097,25.001178500204286,18.908482032873962,13.09773294462093,8.335535108391774,4.945810439715583]
1272,0,2,[-0.0,0.0,0.0,0.0,0.0,0.0,0.0,0.0,0.0,0.0,0.0,0.0,0.0,0.0,0.0,0.0,0.0,0.0,0.0,0.0]
1296,0,1,[-0.00000163476601199,0.00003647844631842,0.00089376809140606,0.00839460021220403,0.04906137194273742,0.23714621642307804,0.8398736400147315,2.2090726449935643,5.195777614595199,10.50994034023193,18.55095842297177,26.08917919992552,31.197480881181992,32.7989395716955,30.893845411713617,26.36189711328677,20.51832136876427,14.63307489106741,9.59382418337875,6.047036503999057]
1296,0,2,[-0.0,0.0,0.0,0.0,0.0,0.0,0.0,0.0,0.0,0.0,0.0,0.0,0.0,0.0,0.0,0.0,0.0,0.0,0.0,0.0]
1320,0,1,[-0.0000010121026167,0.00002312406181421,0.00058032756262664,0.0055851411624708,0.03346032603391303,0.1658590508332394,0.6026308808727021,1.6575822194268757,4.112795063778466,8.799268722702521,16.426324891724704,24.097397007190754,29.847742710213264,32.37579503977655,31.397217856698887,27.559348632191195,22.062336920208388,16.188100868811162,10.925317399256114,7.314497933830176]
1320,0,2,[-0.0,0.0,0.0,0.0,0.0,0.0,0.0,0.0,0.0,0.0,0.0,0.0,0.0,0.0,0.0,0.0,0.0,0.0,0.0,0.0]
1344,0,1,[-0.00000061817198507,0.00001445788952785,0.00037155772843295,0.00366317803749678,0.02248993994379151,0.11428792569000022,0.42588261477952316,1.2260081783235492,3.213970087983223,7.286010678768764,14.411070216922669,22.070512243417134,28.328360814638483,31.70782181886473,31.655781868704064,28.573407493771455,23.514781782881332,17.740217622788872,12.315873434829532,8.757865890917667]
1344,0,2,[-0.0,0.0,0.0,0.0,0.0,0.0,0.0,0.0,0.0,0.0,0.0,0.0,0.0,0.0,0.0,0.0,0.0,0.0,0.0,0.0]
1368,0,1,[-0.00000037241735126,0.00000891421329,0.00023453842170283,0.00236814001831715,0.01489553452955621,0.07757976005502416,0.2964048849131874,0.8938096057908844,2.4795792112494768,5.967210995532321,12.528455322748059,20.046700433434456,26.67488425593966,30.814885614364236,31.669532095595393,29.387846148858547,24.851394348204977,19.265998626714772,13.749117761378294,10.384943295605993]
1368,0,2,[-0.0,0.0,0.0,0.0,0.0,0.0,0.0,0.0,0.0,0.0,0.0,0.0,0.0,0.0,0.0,0.0,0.0,0.0,0.0,0.0]
1392,0,1,[-0.00000022126090548,0.00000541901556737,0.00014593634978694,0.00150874218153962,0.00972013710048646,0.05187147894543251,0.20313731051934683,0.6422565891496784,1.8886919304669267,4.834354704067531,10.794814189142116,18.060196300010613,24.923556071416318,29.720996057717365,31.443713604366717,29.99072334927389,26.05003580248083,20.74179670514884,15.20681254004674,12.201369792867018]
1392,0,2,[-0.0,0.0,0.0,0.0,0.0,0.0,0.0,0.0,0.0,0.0,0.0,0.0,0.0,0.0,0.0,0.0,0.0,0.0,0.0,0.0]
1416,0,1,[-0.00000012961367647,0.00000324740503216,0.00008949508830191,0.00094713278112202,0.00624845741306565,0.03415723184838269,0.13707274733451227,0.45484238281510597,1.4203949998228222,3.874750294413507,9.219915096350391,16.140504752094834,23.110088652577716,28.45339514522596,30.98852951861818,30.37463889140793,27.091261778088963,22.144363228693397,16.669290653028387,14.21037558625787]
1416,0,2,[-0.0,0.0,0.0,0.0,0.0,0.0,0.0,0.0,0.0,0.0,0.0,0.0,0.0,0.0,0.0,0.0,0.0,0.0,0.0,0.0]
1440,0,1,[-0.00000007484885596,0.000001917997657,0.00005408076532477,0.00058576275614759,0.00395630488691123,0.0221487270605193,0.09105714268089787,0.31745150544831724,1.0547320856561244,3.072874099096779,7.80759189904117,14.311915798892791,21.268554222305674,27.041562958655064,30.318685048614046,30.53684380099373,27.95881026994721,23.45145474690339,18.115938659608265,16.41259261270298]
1440,0,2,[-0.0,0.0,0.0,0.0,0.0,0.0,0.0,0.0,0.0,0.0,0.0,0.0,0.0,0.0,0.0,0.0,0.0,0.0,0.0,0.0]
1464,0,1,[-0.00000004260159581,0.0000011162706382,0.00003219683351412,0.00035683833329048,0.00246690440360216,0.01414039888351733,0.05954139904057993,0.21833919948526756,0.773361597814541,2.4115952271022443,6.556563721359681,12.593314433553314,19.430440303513393,25.516192935702584,29.45278928682449,30.479200925965696,28.639989746025893,24.642408253408455,19.52571243065691,18.805929521671956]
1464,0,2,[-0.0,0.0,0.0,0.0,0.0,0.0,0.0,0.0,0.0,0.0,0.0,0.0,0.0,0.0,0.0,0.0,0.0,0.0,0.0,0.0]
1488,0,1,[-0.0000000238943801,0.0000006400477666,0.00001888104598687,0.00021408231335541,0.00151455938990323,0.00888694544986514,0.03831801690194108,0.1479776657009661,0.5599576965313992,1.87322656625086,5.461361726009727,10.998257333702139,17.62390452269544,23.90818833079085,28.41264430511729,30.207997881408037,29.12595429724754,25.698667000212918,20.87766853899396,21.385514775976176]
1488,0,2,[-0.0,0.0,0.0,0.0,0.0,0.0,0.0,0.0,0.0,0.0,0.0,0.0,0.0,0.0,0.0,0.0,0.0,0.0,0.0,0.0]
1512,0,1,[-0.00000001320471097,0.00000036148125998,0.00001090421255583,0.00012646405041427,0.00091540677180226,0.00549729357890886,0.02426604765517121,0.09881927624736464,0.4003936705450447,1.44037261184717,4.5132887088088465,9.535274170864971,15.873246578751198,22.247726936329833,27.222456930259476,29.733621581120886,29.411856661540437,26.604240080333973,22.151494176419362,24.143709955727044]
1512,0,2,[-0.0,0.0,0.0,0.0,0.0,0.0,0.0,0.0,0.0,0.0,0.0,0.0,0.0,0.0,0.0,0.0,0.0,0.0,0.0,0.0]
1536,0,1,[-0.00000000718924714,0.00000020104642619,0.00000620051310168,0.00007354354748709,0.00054457124845141,0.00334637704555683,0.01511946158130788,0.06501863416267555,0.28275373570339013,1.0965669001033147,3.7013491619587264,8.208342854913516,14.198599343867079,20.563433408740536,25.908011664094595,29.070110497722716,29.496874818480823,27.346081010168447,23.328018486678776,27.0701930708107]
1536,0,2,[-0.0,0.0,0.0,0.0,0.0,0.0,0.0,0.0,0.0,0.0,0.0,0.0,0.0,0.0,0.0,0.0,0.0,0.0,0.0,0.0]
1560,0,1,[-0.0000000038562694,0.00000011009022933,0.00000347082321964,0.00004209437247449,0.00031880379365165,0.00200424404309716,0.00926702232107978,0.042145692288495,0.19722011668630798,0.8267092243016262,3.0131020173571477,7.017484952762441,12.615827154295769,18.88168866747692,24.495843446730014,28.234606691871974,29.384113253154982,27.91437330809861,24.389688822475804,30.15210942669691]
1560,0,2,[-0.0,0.0,0.0,0.0,0.0,0.0,0.0,0.0,0.0,0.0,0.0,0.0,0.0,0.0,0.0,0.0,0.0,0.0,0.0,0.0]
1584,0,1,[-0.00000000203840582,0.00000005933988606,0.00000191210659676,0.0000237089747918,0.00018362517238091,0.00118084419835812,0.00558640090680353,0.02691257270644812,0.13587866165128828,0.6173250428061088,2.4354035974799855,5.959429098519613,11.136608299371861,17.226094893644884,23.012446522251548,27.246734052575988,29.080385521248328,28.30271452774863,25.320996620588335,33.374285409620015]
1584,0,2,[-0.0,0.0,0.0,0.0,0.0,0.0,0.0,0.0,0.0,0.0,0.0,0.0,0.0,0.0,0.0,0.0,0.0,0.0,0.0,0.0]
1608,0,1,[-0.0000000010626011,0.00000003147710816,0.00000103649286744,0.00001313755257039,0.00010403727242741,0.0006842479134017,0.00331153526221762,0.01692819123611494,0.09247984142498872,0.45667670066242666,1.9550228024171583,5.028295420242018,9.76867100409131,15.617103684678076,21.483550981012492,26.127931784592114,28.59588998164439,28.50819421353787,26.108839376454036,36.71949853506794]
1608,0,2,[-0.0,0.0,0.0,0.0,0.0,0.0,0.0,0.0,0.0,0.0,0.0,0.0,0.0,0.0,0.0,0.0,0.0,0.0,0.0,0.0]
1632,0,1,[-0.00000000054719718,0.0000000164286939,0.00000055270288068,0.00000716026466892,0.00005796927831929,0.00038987185695802,0.00192994682923347,0.01048781833139231,0.06218426399903203,0.33475892365050963,1.5591231369214968,4.216261671865097,8.516147901603903,14.071804812003306,19.933492206509833,24.900772849538072,27.943795099476574,28.531365579097525,26.74280757398485,40.1687953175378]
1632,0,2,[-0.0,0.0,0.0,0.0,0.0,0.0,0.0,0.0,0.0,0.0,0.0,0.0,0.0,0.0,0.0,0.0,0.0,0.0,0.0,0.0]
1656,0,1,[-0.00000000027938149,0.00000000843519807,0.00000028985567893,0.00000383753822872,0.00003175844532996,0.00021838477976181,0.0011055771539668,0.00639947610947172,0.04131395490828364,0.24321043190511177,1.2356161835472577,3.5141807201224795,7.3800128537472105,12.603864454391696,18.384691114420644,23.58829588397252,27.139754237731932,28.376115095871562,27.215388318256377,43.70184704722692]
1656,0,2,[-0.0,0.0,0.0,0.0,0.0,0.0,0.0,0.0,0.0,0.0,0.0,0.0,0.0,0.0,0.0,0.0,0.0,0.0,0.0,0.0]
1680,0,1,[-0.00000000014249139,0.00000000426018062,0.00000014946086707,0.0000020219831794,0.00001710287297585,0.00012023066740944,0.000622393819167,0.00384550517819286,0.02712343293014771,0.17517048395236534,0.9733983257032176,2.912128272571166,6.35856550805582,11.223595170230888,16.857255404931593,22.213376307497725,26.2013721292,28.049438335678257,27.522080705583594,47.297332469090875]
1680,0,2,[-0.0,0.0,0.0,0.0,0.0,0.0,0.0,0.0,0.0,0.0,0.0,0.0,0.0,0.0,0.0,0.0,0.0,0.0,0.0,0.0]
1704,0,1,[-0.00000000007366535,0.00000000211655375,0.00000007575623861,0.00000104710842721,0.0000090514722481,0.00006504239631404,0.00034425027035904,0.00227550059697846,0.01759853449652536,0.1251046789789718,0.7624870181165447,2.399868430500925,5.44793254609713,9.938135413218836,15.36870466233464,20.7981582405925,25.14764615096232,27.561134069993678,27.661421482128095,50.93333570369871]
1704,0,2,[-0.0,0.0,0.0,0.0,0.0,0.0,0.0,0.0,0.0,0.0,0.0,0.0,0.0,0.0,0.0,0.0,0.0,0.0,0.0,0.0]
1728,0,1,[-0.00000000003961747,0.00000000103486236,0.00000003773511362,0.00000053281827143,0.00000470648948777,0.00003456667847053,0.00018703023217963,0.00132580589881283,0.01128621388430157,0.08861925055393907,0.594075024010586,1.9672322373726328,4.642559500202963,8.751714057686032,13.933815522463597,19.363563888233447,23.9984051266247,26.92343156674465,27.634923096427322,54.5877475579036]
1728,0,2,[-0.0,0.0,0.0,0.0,0.0,0.0,0.0,0.0,0.0,0.0,0.0,0.0,0.0,0.0,0.0,0.0,0.0,0.0,0.0,0.0]
1752,0,1,[-0.00000000002303142,0.00000000049854801,0.00000001846749785,0.00000026632995947,0.0000024037289075,0.00001804202895135,0.00009978580847886,0.00076054941567129,0.00715516258684999,0.06227802190840405,0.46052125335640687,1.604410536294138,3.9356726419493544,7.6659749798639325,12.564577644734692,17.92889164580797,22.77376677787754,26.150568082231036,27.44692964266212,58.23865865149551]
1752,0,2,[-0.0,0.0,0.0,0.0,0.0,0.0,0.0,0.0,0.0,0.0,0.0,0.0,0.0,0.0,0.0,0.0,0.0,0.0,0.0,0.0]
1776,0,1,[-0.00000000001505883,0.00000000023732557,0.00000000887821159,0.00000013073476233,0.00000120548684295,0.0000092461642012,0.00005226743573629,0.00042952145767501,0.00448490439584396,0.04343160105216178,0.35529565699283605,1.3021670266345486,3.3196962085133617,6.68033791907502,11.270247079755553,16.511508762005953,21.493632340374514,25.258334635450403,27.10439923027264,61.86473351219907]
1776,0,2,[-0.0,0.0,0.0,0.0,0.0,0.0,0.0,0.0,0.0,0.0,0.0,0.0,0.0,0.0,0.0,0.0,0.0,0.0,0.0,0.0]
1800,0,1,[-0.00000000001125977,0.00000000011234975,0.00000000419245799,0.00000006300380732,0.00000059347341788,0.00000465117999778,0.00002687075822534,0.0002387911610907,0.00277981306780997,0.03006452671214184,0.2728935502416408,1.051980465552596,2.7866156823931734,5.792374231977645,10.057480884254527,15.126639308714699,20.17723350847296,24.263608265110552,26.616623839314787,65.44555591903757]
1800,0,2,[-0.0,0.0,0.0,0.0,0.0,0.0,0.0,0.0,0.0,0.0,0.0,0.0,0.0,0.0,0.0,0.0,0.0,0.0,0.0,0.0]
1824,0,1,[-0.00000000000944708,0.0000000000536144,0.0000000019450274,0.0000000298004257,0.00000028672806707,0.00000229594534086,0.00001355471786618,0.00013067555870135,0.0017040250612572,0.02066303334992336,0.20873218653843598,0.8461266586101085,2.328282656865951,4.998179350736522,8.930535450911568,13.78724374300528,18.842743064711694,23.183888167498825,25.994899607748636,68.96193723516579]
1824,0,2,[-0.0,0.0,0.0,0.0,0.0,0.0,0.0,0.0,0.0,0.0,0.0,0.0,0.0,0.0,0.0,0.0,0.0,0.0,0.0,0.0]
1848,0,1,[-0.00000000000856332,0.00000000002648403,0.00000000088726086,0.00000001383060044,0.00000013590421458,0.00000111179018618,0.00000670706966528,0.00007038513488767,0.00103325196306855,0.0141038724268402,0.15903971912374085,0.6777114586863865,1.9366608124638658,4.292727381546339,7.89151084715287,12.503982695375425,17.506956567831462,22.036851516855272,25.25216167317122,72.39618118162373]
1848,0,2,[-0.0,0.0,0.0,0.0,0.0,0.0,0.0,0.0,0.0,0.0,0.0,0.0,0.0,0.0,0.0,0.0,0.0,0.0,0.0,0.0]
1872,0,1,[-0.00000000000810684,0.00000000001414869,0.00000000039884639,0.00000000629692746,0.00000006317555812,0.00000052796772873,0.00000325440078533,0.00003731185448868,0.0006198411978623,0.00956312150389246,0.12074412563006592,0.5406657067373408,1.6040156195723385,3.6701970025552186,6.9406242872610235,11.285254886305879,16.185048578569653,20.83994254305491,24.402598135174504,75.7323003692206]
1872,0,2,[-0.0,0.0,0.0,0.0,0.0,0.0,0.0,0.0,0.0,0.0,0.0,0.0,0.0,0.0,0.0,0.0,0.0,0.0,0.0,0.0]
1896,0,1,[-0.00000000000784417,0.00000000000860738,0.00000000017762768,0.00000000281223072,0.00000002879229318,0.00000024579311706,0.00000154797218681,0.00001946534651207,0.00036793767042821,0.00644300778605938,0.09136738664334303,0.42971216049052835,1.3230525801896547,3.1242613756541333,6.076497456666557,10.137297282351962,14.89040331503994,19.610005773907048,23.46125744256373,78.95618183012786]
1896,0,2,[-0.0,0.0,0.0,0.0,0.0,0.0,0.0,0.0,0.0,0.0,0.0,0.0,0.0,0.0,0.0,0.0,0.0,0.0,0.0,0.0]
1920,0,1,[-0.00000000000766871,0.00000000000612648,0.00000000007933309,0.0000000012323008,0.00000001286099299,0.00000011213950746,0.00000072154066948,0.00000999305700183,0.00021615453140309,0.00431433138052738,0.06892828986680408,0.3403132007765941,1.0870102045873578,2.6483379833370346,5.296444519919678,9.064334706648722,13.63451651678764,18.362971438815986,22.4436626121202,82.05570068052553]
1920,0,2,[-0.0,0.0,0.0,0.0,0.0,0.0,0.0,0.0,0.0,0.0,0.0,0.0,0.0,0.0,0.0,0.0,0.0,0.0,0.0,0.0]
1944,0,1,[-0.00000000000753273,0.00000000000499838,0.00000000003645952,0.00000000053036702,0.00000000562882086,0.00000005012076233,0.0000003294648125,0.00000504810648316,0.00012569778651209,0.00287196526654769,0.05185570261803112,0.26860667361045665,0.8897146039987602,2.2357970192619376,4.59675004292125,8.068766017409688,12.42696276951297,17.113598066569082,21.365444256154074,85.02078281683204]
1944,0,2,[-0.0,0.0,0.0,0.0,0.0,0.0,0.0,0.0,0.0,0.0,0.0,0.0,0.0,0.0,0.0,0.0,0.0,0.0,0.0,0.0]
1968,0,1,[-0.00000000000741523,0.00000000000445782,0.00000000001806696,0.00000000022484882,0.00000000241334007,0.00000002193746882,0.00000014731467295,0.0000025091528006,0.00007236699199249,0.00190102056900244,0.03891300185652624,0.211335768836678,0.7256027064942715,1.8801291416546455,3.9729285431869608,7.151374527362262,11.275420656311436,15.875274461474293,20.242002561191637,87.8434191303882]
1968,0,2,[-0.0,0.0,0.0,0.0,0.0,0.0,0.0,0.0,0.0,0.0,0.0,0.0,0.0,0.0,0.0,0.0,0.0,0.0,0.0,0.0]
1992,0,1,[-0.00000000000730713,0.00000000000416882,0.00000000001026781,0.00000000009458374,0.00000000101366577,0.0000000093995074,0.00000006447673522,0.00000122707263327,0.00004125514316593,0.00125150629475601,0.02913353168344582,0.16577745911682554,0.5897208108790493,1.5750750363644286,3.4199597851371184,6.311551404749048,10.185746861300034,14.659880647815218,19.088206257411088,90.5176350653954]
1992,0,2,[-0.0,0.0,0.0,0.0,0.0,0.0,0.0,0.0,0.0,0.0,0.0,0.0,0.0,0.0,0.0,0.0,0.0,0.0,0.0,0.0]
2016,0,1,[-0.00000000000720454,0.00000000000398689,0.00000000000695972,0.00000000004015698,0.00000000041737081,0.00000000394115403,0.00000002761245367,0.00000059038538795,0.00002329234839565,0.00081961425168416,0.02176641903050401,0.12967279337936205,0.47770461451746876,1.3147203640977674,2.93249613834566,5.547522217090927,9.16208972125939,13.477705136169575,17.9181343858377,93.03942040703642]
2016,0,2,[-0.0,0.0,0.0,0.0,0.0,0.0,0.0,0.0,0.0,0.0,0.0,0.0,0.0,0.0,0.0,0.0,0.0,0.0,0.0,0.0]
2040,0,1,[-0.00000000000710578,0.00000000000385112,0.00000000000551851,0.0000000000178434,0.00000000016881765,0.00000000161668811,0.00000001156569684,0.00000027944871623,0.00001302614707134,0.00053407523322342,0.01623176118648156,0.10116129162450686,0.3857461001201253,1.0935603431350878,2.5050402340511666,4.856568405668316,8.207032632556142,12.33741405310812,16.744864436697146,95.40662495388669]
2040,0,2,[-0.0,0.0,0.0,0.0,0.0,0.0,0.0,0.0,0.0,0.0,0.0,0.0,0.0,0.0,0.0,0.0,0.0,0.0,0.0,0.0]
2064,0,1,[-0.00000000000701011,0.00000000000373629,0.00000000000484011,0.00000000000883295,0.00000000006746481,0.00000000064877625,0.0000000047361196,0.00000013012181232,0.00000721692722987,0.00034633177507915,0.01208404884507233,0.07872083367441167,0.31055183735492653,0.9065385183947945,2.1320927448074727,4.23523718222365,7.32175808542274,11.246066319196078,15.580308310106568,97.6188262008128]
2064,0,2,[-0.0,0.0,0.0,0.0,0.0,0.0,0.0,0.0,0.0,0.0,0.0,0.0,0.0,0.0,0.0,0.0,0.0,0.0,0.0,0.0]
2088,0,1,[-0.00000000000691717,0.00000000000363213,0.00000000000447007,0.00000000000521412,0.00000000002702459,0.00000000025483786,0.00000000189534038,0.00000005960201019,0.00000396172135964,0.00022353921454517,0.00898265707967804,0.06111376626005077,0.2492964193302473,0.7490642690292996,1.8082713608726584,3.679535012820345,6.5062238162103085,10.209168158461917,14.435095630359795,99.67717535027346]
2088,0,2,[-0.0,0.0,0.0,0.0,0.0,0.0,0.0,0.0,0.0,0.0,0.0,0.0,0.0,0.0,0.0,0.0,0.0,0.0,0.0,0.0]
2112,0,1,[-0.00000000000682678,0.00000000000353446,0.00000000000422534,0.00000000000373461,0.0000000000112162,0.00000000009817967,0.00000000074102757,0.0000000268544843,0.00000215509891807,0.00014363325875922,0.0066682840327686,0.0473394529273328,0.19957396247243372,0.617013386866883,1.5284029560626464,3.1851014150069665,5.759343539075546,9.23075974886312,13.318502294164695,101.58422790801146]
2112,0,2,[-0.0,0.0,0.0,0.0,0.0,0.0,0.0,0.0,0.0,0.0,0.0,0.0,0.0,0.0,0.0,0.0,0.0,0.0,0.0,0.0]
2136,0,1,[-0.00000000000673878,0.00000000000344154,0.00000000000403366,0.00000000000308814,0.00000000000513903,0.00000000003731911,0.0000000002830396,0.00000001190148345,0.00000116185756123,0.00009188794477624,0.00494431181040886,0.03659313594368149,0.15934988384653034,0.5067156870971754,1.2875915539718612,2.7473611859937326,5.079165845397152,8.313526731310255,12.238420793353919,103.34376483909385]
2136,0,2,[-0.0,0.0,0.0,0.0,0.0,0.0,0.0,0.0,0.0,0.0,0.0,0.0,0.0,0.0,0.0,0.0,0.0,0.0,0.0,0.0]
2160,0,1,[-0.00000000000665308,0.00000000000335259,0.00000000000386694,0.00000000000276213,0.00000000000281799,0.0000000000142142,0.00000000010568674,0.00000000518798351,0.00000062084838594,0.00005853566713934,0.00366218281297816,0.02823074298719493,0.12691455039776653,0.41493315090577065,1.0812650622973028,2.36165436676062,4.463046055998784,7.458929524880047,11.201367842470825,104.9606098032208]
2160,0,2,[-0.0,0.0,0.0,0.0,0.0,0.0,0.0,0.0,0.0,0.0,0.0,0.0,0.0,0.0,0.0,0.0,0.0,0.0,0.0,0.0]
2184,0,1,[-0.00000000000656957,0.00000000000326722,0.00000000000371432,0.00000000000255999,0.00000000000191465,0.00000000000562948,0.00000000003867996,0.00000000222432203,0.00000032885420335,0.00003713569103404,0.0027100111498817,0.02173912883790674,0.100839876263448,0.3388315963556553,0.9052038835616043,2.0233442148220404,3.9078070055081042,6.667343881346156,10.212524159200907,106.4404473977303]
2184,0,2,[-0.0,0.0,0.0,0.0,0.0,0.0,0.0,0.0,0.0,0.0,0.0,0.0,0.0,0.0,0.0,0.0,0.0,0.0,0.0,0.0]
2208,0,1,[-0.00000000000648818,0.00000000000318518,0.0000000000035715,0.0000000000024079,0.00000000000153612,0.00000000000249254,0.00000000001398295,0.00000000093798416,0.00000017267841528,0.00002346475786862,0.00200377211817199,0.01671117079901075,0.07993952526340067,0.2759483664631141,0.7555544809381124,1.7279042076002316,3.4098858726017145,5.938206784925157,9.275800871783707,107.7896466560852]
2208,0,2,[-0.0,0.0,0.0,0.0,0.0,0.0,0.0,0.0,0.0,0.0,0.0,0.0,0.0,0.0,0.0,0.0,0.0,0.0,0.0,0.0]
2232,0,1,[-0.00000000000640882,0.00000000000310625,0.00000000000343666,0.00000000000227858,0.00000000000134977,0.00000000000134999,0.00000000000509781,0.00000000038905519,0.00000008989067267,0.00001476840569218,0.0014805265071583,0.01282511656145109,0.06323304846676742,0.22415803939897633,0.6288308220531946,1.470985641803262,2.9654652025281973,5.270162597883033,8.393926930242383,109.01509331959028]
2232,0,2,[-0.0,0.0,0.0,0.0,0.0,0.0,0.0,0.0,0.0,0.0,0.0,0.0,0.0,0.0,0.0,0.0,0.0,0.0,0.0,0.0]
2256,0,1,[-0.00000000000633141,0.00000000000303028,0.00000000000330884,0.00000000000216195,0.00000000000123462,0.00000000000092086,0.00000000000196985,0.00000000015875146,0.0000000463929324,0.00000925930509546,0.00109323738791651,0.00982759856315967,0.04991404069128079,0.1816377231614011,0.5219063810976847,1.2484677528828527,2.5705871716859496,4.661205210253375,7.568552036671424,110.12403365720155]
2256,0,2,[-0.0,0.0,0.0,0.0,0.0,0.0,0.0,0.0,0.0,0.0,0.0,0.0,0.0,0.0,0.0,0.0,0.0,0.0,0.0,0.0]
2280,0,1,[-0.00000000000625588,0.00000000000295712,0.00000000000318748,0.00000000000205414,0.00000000000114759,0.00000000000074229,0.0000000000008839,0.0000000000637557,0.00000002373898767,0.0000057833566793,0.00080682388179074,0.00751976683886902,0.03932222281232253,0.14683310641317399,0.4319990841801971,1.056492478468662,2.2212509034923476,4.1088128216198765,6.800359938256551,111.12393188368418]
2280,0,2,[-0.0,0.0,0.0,0.0,0.0,0.0,0.0,0.0,0.0,0.0,0.0,0.0,0.0,0.0,0.0,0.0,0.0,0.0,0.0,0.0]
2304,0,1,[-0.00000000000618216,0.00000000000288663,0.0000000000030721,0.00000000000195354,0.00000000000107353,0.0000000000006513,0.00000000000050396,0.00000000002523118,0.00000001204349539,0.00000359884861152,0.00059516939450729,0.0057460432191485,0.03091923656830003,0.11842610298127655,0.35665126228745553,0.891486058647839,1.9134932563705875,3.6100728234887165,6.089187398150975,112.02234254516345]
2304,0,2,[-0.0,0.0,0.0,0.0,0.0,0.0,0.0,0.0,0.0,0.0,0.0,0.0,0.0,0.0,0.0,0.0,0.0,0.0,0.0,0.0]
2328,0,1,[-0.00000000000611019,0.00000000000281866,0.00000000000296234,0.00000000000185926,0.00000000000100705,0.00000000000059189,0.00000000000036263,0.00000000000986888,0.00000000605793311,0.00000223126135301,0.00043886199599441,0.00438505644726884,0.02426786355460545,0.09530464986647463,0.29370635204842044,0.7501696320048038,1.643453972897484,3.1617950308464233,5.434144728313399,112.82679862218193]
2328,0,2,[-0.0,0.0,0.0,0.0,0.0,0.0,0.0,0.0,0.0,0.0,0.0,0.0,0.0,0.0,0.0,0.0,0.0,0.0,0.0,0.0]
2352,0,1,[-0.00000000000603991,0.00000000000275312,0.00000000000285783,0.00000000000177075,0.00000000000094611,0.00000000000054516,0.00000000000030087,0.00000000000384285,0.00000000302116898,0.00000137834593117,0.00032349348294712,0.00334237541288658,0.01901433990363446,0.07653499450726374,0.24128377262193937,0.6295608757006802,1.4074264146866462,2.76061220916971,4.83373439316939,113.5447155566184]
2352,0,2,[-0.0,0.0,0.0,0.0,0.0,0.0,0.0,0.0,0.0,0.0,0.0,0.0,0.0,0.0,0.0,0.0,0.0,0.0,0.0,0.0]
2376,0,1,[-0.00000000000597124,0.00000000000268987,0.00000000000275827,0.00000000000168755,0.0000000000008898,0.00000000000050479,0.00000000000026597,0.00000000000151522,0.00000000149381794,0.00000084840137736,0.00023838278999951,0.00254471301376922,0.01487342380135326,0.06133663153224928,0.19775311834251152,0.5269685740632524,1.201895325224425,2.403067445138296,4.2859648369794945,114.18331094759922]
2376,0,2,[-0.0,0.0,0.0,0.0,0.0,0.0,0.0,0.0,0.0,0.0,0.0,0.0,0.0,0.0,0.0,0.0,0.0,0.0,0.0,0.0]
2400,0,1,[-0.00000000000590415,0.00000000000262881,0.00000000000266336,0.00000000000160926,0.00000000000083758,0.00000000000046853,0.00000000000024087,0.00000000000062753,0.0000000007322912,0.00000052034502914,0.00017562039826032,0.00193532419295969,0.01161587704958428,0.04905991630806096,0.16170854797721154,0.43998180335440673,1.0235631797302471,2.0856884097340846,3.78845732071237,114.74953928539722]
2400,0,2,[-0.0,0.0,0.0,0.0,0.0,0.0,0.0,0.0,0.0,0.0,0.0,0.0,0.0,0.0,0.0,0.0,0.0,0.0,0.0,0.0]
2424,0,1,[-0.00000000000583857,0.00000000000256983,0.00000000000257282,0.00000000000153554,0.00000000000078907,0.00000000000043552,0.0000000000002201,0.00000000000029107,0.0000000003558976,0.00000031800751378,0.00012935468406965,0.00147036743638857,0.00905803835446433,0.03916628585787639,0.13194402591910503,0.36645520720202845,0.8693667150909364,1.805048961491427,3.3385441521305705,115.250040799786]
2424,0,2,[-0.0,0.0,0.0,0.0,0.0,0.0,0.0,0.0,0.0,0.0,0.0,0.0,0.0,0.0,0.0,0.0,0.0,0.0,0.0,0.0]
2448,0,1,[-0.00000000000577445,0.00000000000251286,0.0000000000024864,0.00000000000146606,0.00000000000074396,0.00000000000040528,0.00000000000020186,0.00000000000016229,0.00000000017148158,0.00000019366273727,0.00009526003996485,0.00111603908765347,0.00705319022569148,0.0312109509046898,0.10742987914576296,0.3044916207408205,0.7364852015915201,1.5578188402755557,2.933357238171108,115.69110328579043]
2448,0,2,[-0.0,0.0,0.0,0.0,0.0,0.0,0.0,0.0,0.0,0.0,0.0,0.0,0.0,0.0,0.0,0.0,0.0,0.0,0.0,0.0]
2472,0,1,[-0.00000000000571175,0.00000000000245778,0.00000000000240388,0.00000000000140053,0.00000000000070196,0.00000000000037752,0.00000000000018549,0.00000000000011072,0.00000000008191611,0.0000001175228476,0.00007014117930896,0.00084632431144016,0.00548444976793377,0.0248278800235775,0.08729097521713296,0.2524230916552493,0.6223419379258299,1.340802416343522,2.5699063699334688,116.07863562828793]
2472,0,2,[-0.0,0.0,0.0,0.0,0.0,0.0,0.0,0.0,0.0,0.0,0.0,0.0,0.0,0.0,0.0,0.0,0.0,0.0,0.0,0.0]
2496,0,1,[-0.00000000000565041,0.00000000000240452,0.00000000000232501,0.00000000000133868,0.00000000000066282,0.00000000000035199,0.00000000000017068,0.00000000000008767,0.00000000003879861,0.00000007106720904,0.00005163921762109,0.00064123775499355,0.00425894364848506,0.019716872921294,0.07078669862577053,0.20879115002048806,0.5246003364843876,1.1509675959743955,2.2451470613092837,116.41815166901421]
2496,0,2,[-0.0,0.0,0.0,0.0,0.0,0.0,0.0,0.0,0.0,0.0,0.0,0.0,0.0,0.0,0.0,0.0,0.0,0.0,0.0,0.0]
2520,0,1,[-0.0000000000055904,0.000000000002353,0.00000000000224961,0.00000000000128025,0.0000000000006263,0.00000000000032848,0.00000000000015724,0.00000000000007526,0.0000000000182243,0.00000004282413892,0.00003801365175587,0.00048545140933609,0.00330305732060827,0.01563251015544632,0.05729280232928481,0.1723270005959387,0.44115582981461365,0.9854660551627674,1.95603810056186,116.71476303588024]
2520,0,2,[-0.0,0.0,0.0,0.0,0.0,0.0,0.0,0.0,0.0,0.0,0.0,0.0,0.0,0.0,0.0,0.0,0.0,0.0,0.0,0.0]
2544,0,1,[-0.00000000000553166,0.00000000000230314,0.00000000000217748,0.00000000000122503,0.00000000000059221,0.00000000000030682,0.00000000000014501,0.00000000000006702,0.00000000000849345,0.00000002571466779,0.00002798083094462,0.00036722741666266,0.00255857696559232,0.01237476733665437,0.04628513479722602,0.1419321535302372,0.3701246819118613,0.8416459885647932,1.6995892416080416,116.97317957555731]
2544,0,2,[-0.0,0.0,0.0,0.0,0.0,0.0,0.0,0.0,0.0,0.0,0.0,0.0,0.0,0.0,0.0,0.0,0.0,0.0,0.0,0.0]
2568,0,1,[-0.00000000000547416,0.00000000000225487,0.00000000000210845,0.00000000000117279,0.00000000000056036,0.00000000000028683,0.00000000000013388,0.0000000000000606,0.00000000000393156,0.00000001538670135,0.0000205944058924,0.00027759017620866,0.00197956884965087,0.00978108989471117,0.03732518681274397,0.11665987319546921,0.3098306379996537,0.7170585335306483,1.4728996626808044,117.19771608666228]
2568,0,2,[-0.0,0.0,0.0,0.0,0.0,0.0,0.0,0.0,0.0,0.0,0.0,0.0,0.0,0.0,0.0,0.0,0.0,0.0,0.0,0.0]
2592,0,1,[-0.00000000000541786,0.00000000000220812,0.00000000000204234,0.00000000000112334,0.00000000000053057,0.00000000000026836,0.00000000000012373,0.00000000000005516,0.00000000000181145,0.00000000917447049,0.00001515692599078,0.00020968561171395,0.00152986448114259,0.00771973733505939,0.03004736312203765,0.09569770980455593,0.258790200092853,0.609458969296192,1.2731879606595304,117.3923041338031]
2592,0,2,[-0.0,0.0,0.0,0.0,0.0,0.0,0.0,0.0,0.0,0.0,0.0,0.0,0.0,0.0,0.0,0.0,0.0,0.0,0.0,0.0]
2616,0,1,[-0.00000000000536273,0.00000000000216283,0.00000000000197901,0.00000000000107651,0.00000000000050268,0.00000000000025128,0.00000000000011446,0.00000000000005036,0.00000000000083438,0.00000000545111311,0.0000111545197691,0.00015828637790748,0.00118104095352832,0.00608422162246391,0.02414785861501893,0.07835128346097488,0.21569717754327827,0.5168037087627434,1.0978145370207888,117.56050782424116]
2616,0,2,[-0.0,0.0,0.0,0.0,0.0,0.0,0.0,0.0,0.0,0.0,0.0,0.0,0.0,0.0,0.0,0.0,0.0,0.0,0.0,0.0]
