cycle,hour_cyc,stp,WLVS
0,0,0,[0.015,0.0,0.0,0.0,0.0,0.0,0.0,0.0,0.0,0.0,0.0,0.0,0.0,0.0,0.0,0.0,0.0,0.0,0.0,0.0]
0,0,1,[0.015,0.0,0.0,0.0,0.0,0.0,0.0,0.0,0.0,0.0,0.0,0.0,0.0,0.0,0.0,0.0,0.0,0.0,0.0,0.0]
24,0,1,[-0.08946381185679585,0.004056451875,0.0,0.0,0.0,0.0,0.0,0.0,0.0,0.0,0.0,0.0,0.0,0.0,0.0,0.0,0.0,0.0,0.0,0.0]
48,0,1,[-0.10085537283160145,-0.00348622487474742,0.00109698678761274,0.0,0.0,0.0,0.0,0.0,0.0,0.0,0.0,0.0,0.0,0.0,0.0,0.0,0.0,0.0,0.0,0.0]
72,0,1,[-0.17812802653658136,-0.00392093446532427,0.01329642612724722,0.00029665827409746,0.0,0.0,0.0,0.0,0.0,0.0,0.0,0.0,0.0,0.0,0.0,0.0,0.0,0.0,0.0,0.0]
96,0,1,[-0.283624922514008,0.0040384677653304,0.03778395754245621,0.00967875545051495,0.00007934068104574,0.0,0.0,0.0,0.0,0.0,0.0,0.0,0.0,0.0,0.0,0.0,0.0,0.0,0.0,0.0]
120,0,1,[-0.39695127751262005,0.01907875808283566,0.09058940205550613,0.03414962542540955,0.00481415048355463,0.00002108572092398,0.0,0.0,0.0,0.0,0.0,0.0,0.0,0.0,0.0,0.0,0.0,0.0,0.0,0.0]
144,0,1,[-0.29059313256325503,-0.0902084491773475,0.07242197366156432,0.04936425897252029,0.01263651053491257,0.00129619952077623,0.00000558403339321,0.0,0.0,0.0,0.0,0.0,0.0,0.0,0.0,0.0,0.0,0.0,0.0,0.0]
168,0,1,[-0.21379220715886524,-0.1431483218183063,0.02945843598793498,0.05546036500459103,0.02234199610566837,0.00429281376232449,0.00034661640849148,0.00000147546679294,0.0,0.0,0.0,0.0,0.0,0.0,0.0,0.0,0.0,0.0,0.0,0.0]
192,0,1,[-0.15730293078929236,-0.1618141080199007,-0.0161484215134723,0.04859005746113804,0.03109269227715305,0.00906185256445829,0.00138929877374009,0.00009267017477759,0.00000038985444375,0.0,0.0,0.0,0.0,0.0,0.0,0.0,0.0,0.0,0.0,0.0]
216,0,1,[-0.11573965036479857,-0.16062214438150146,-0.05463685599611344,0.03148456919114759,0.0357159240018757,0.01488293898169211,0.00341657504191382,0.00043527114631756,0.00002477257082146,0.00000010300907368,0.0,0.0,0.0,0.0,0.0,0.0,0.0,0.0,0.0,0.0]
240,0,1,[-0.08515840560453286,-0.1487630923575848,-0.08264075987711483,0.00872918351636797,0.03459789663133359,0.02038752286376237,0.00644626867750275,0.00122300451022655,0.00013323632865265,0.00000662131030766,0.00000002721751521,0.0,0.0,0.0,0.0,0.0,0.0,0.0,0.0,0.0]
264,0,1,[-0.06265747324080666,-0.1319571793712487,-0.10011189640566995,-0.01541298896531251,0.0277627502943081,0.02414225097001792,0.01012988881204254,0.00260311858013273,0.00042117972040157,0.0000400760931184,0.00000176953801628,0.00000000719153282,0.0,0.0,0.0,0.0,0.0,0.0,0.0,0.0]
288,0,1,[-0.04610183721799617,-0.11364650305696841,-0.10852619858787045,-0.03779251068210242,0.01635466459875734,0.02509887539059487,0.0138322974108642,0.00459187525897119,0.00099770130222305,0.00014077298710298,0.0000118910662356,0.00000047284655236,0.00000000190017876,0.0,0.0,0.0,0.0,0.0,0.0,0.0]
312,0,1,[-0.03392060491661135,-0.09579955128771205,-0.10987910818877993,-0.05648208003351821,0.00204765732178516,0.02278844115683747,0.01680920271213851,0.0070334206633938,0.00194736991720034,0.00036719439462194,0.00004594482010467,0.00000348981929841,0.00000012633572243,0.00000000050207368,0.0,0.0,0.0,0.0,0.0,0.0]
336,0,1,[-0.02495795194599404,-0.07944962109410922,-0.1061589450963307,-0.0705908801033905,-0.01341732998213413,0.01730821908211255,0.01838906366509461,0.00961642123884484,0.00329122884722603,0.0007847153933289,0.00013082681028243,0.00001470746827693,0.00000101505029984,0.00000003375039954,0.00000000013266014,0.0,0.0,0.0,0.0,0.0]
360,0,1,[-0.01836345097234598,-0.06505159011663492,-0.09910168881507858,-0.07998883229650582,-0.02852397946832213,0.00918977796729965,0.01810347810622194,0.01193436780539498,0.00496249928941919,0.00144699751679575,0.00030360015750601,0.00004538903684358,0.00000463292182539,0.00000029303381999,0.00000000901528864,0.00000000003505205,0.0,0.0,0.0,0.0]
384,0,1,[-0.01351137835121335,-0.05271544251482577,-0.09010482042197203,-0.0850389161813346,-0.0421222515868932,-0.00077511861824952,0.01574826064398527,0.01356439754394725,0.00680463737094962,0.00237587901767282,0.00060571368891332,0.00011361472660766,0.00001540168365132,0.00000143973831477,0.00000008405992714,0.00000000240785007,0.00000000000926161,0.0,0.0,0.0]
408,0,1,[-0.009941341920129,-0.04235677046284111,-0.08022563283694209,-0.08637745191213159,-0.05346188342310918,-0.01170004183346646,0.01138237994718574,0.01414142755709417,0.00859073124351158,0.00354606523070486,0.00107343463850386,0.0002436393012633,0.00004135197030952,0.00000512882555699,0.00000044226329521,0.00000002398232473,0.00000000064302731,0.00000000000244714,0.0,0.0]
432,0,1,[-0.00731459637972643,-0.0337918218825826,-0.07021975373527582,-0.08475199093805648,-0.06215898120254829,-0.02273454120344447,0.00528343988848561,0.01341241973669179,0.01005736089018828,0.00487898930256579,0.00172676408168154,0.00046289151279088,0.00009480122783743,0.00001469986583529,0.0000016805676026,0.00000013450238154,0.00000000680984019,0.00000000017170408,0.0000000000006466,0.0]
456,0,1,[-0.00538190121898572,-0.02679589169825508,-0.06059460369931747,-0.08091221864462621,-0.0681286066357852,-0.03315144193800719,-0.00211959558453875,0.01126454455688107,0.01094384944813496,0.00624724165557786,0.00255965903769587,0.00079683753945791,0.00019205967868175,0.00003586460366539,0.00000512058443801,0.0000005430106048,0.00000004054933092,0.0000000019256619,0.00000000004584416,0.00000000000017085]
480,0,1,[-0.00395987136230683,-0.02113779197233548,-0.05166415781652942,-0.0755438081344645,-0.07150634940976627,-0.04239326382923709,-0.01031896793026205,0.0077281275710264,0.01102858493490303,0.00748820023775092,0.00353400850421606,0.00126261806951285,0.00035185677262426,0.00007713516050045,0.00001324390582141,0.00000175251750526,0.00000017331188159,0.00000001213097937,0.00000000054253796,0.000000000012284]
504,0,1,[-0.00291357655370846,-0.01659896545190883,-0.04359834577726616,-0.06923422080884285,-0.07257314469604009,-0.05008565267676617,-0.01879378092743347,0.00295964379831167,0.0101565234233399,0.00842365641552415,0.00457880261605651,0.00186277494398668,0.00059250216981411,0.00014972332568931,0.00003012553705862,0.00000478882319266,0.0000005905766093,0.00000005471891363,0.00000000360448745,0.00000000015563579]
528,0,1,[-0.00214373840906036,-0.01298295118081946,-0.03646444952533703,-0.06246059598490791,-0.07169091938874243,-0.05602739775011021,-0.02706185833877699,-0.00278814275262019,0.00825493190665094,0.00888152223700538,0.00559470697307163,0.00258041584523793,0.00092813928716255,0.00026671631954587,0.00006172619625042,0.00001148340232397,0.00000169985597811,0.00000019630561527,0.00000001711016828,0.00000000110802948]
552,0,1,[-0.00157731032006968,-0.01011896621396118,-0.0302600636834773,-0.05559177864326073,-0.06925204232040871,-0.06016608304448556,-0.0347152618818018,-0.00920185175459339,0.00533708164593439,0.00871596175541888,0.00646316390836435,0.00337686524222207,0.00136471114187782,0.00044148043534259,0.00011588959758176,0.00002475877660883,0.00000428490807065,0.00000059358037376,0.00000006445798561,0.00000000562895418]
576,0,1,[-0.00116054637789807,-0.00786205193547051,-0.0249382934051953,-0.04889852034515017,-0.06564266674687877,-0.06256681558140133,-0.04143999095013591,-0.01594311835727334,0.00149554005338016,0.00782317903750883,0.00705840816670629,0.00419234079097192,0.00189637144006874,0.000685420555362,0.00020191865562584,0.00004883776710193,0.00000969460459949,0.0000015689193817,0.00000020426505437,0.00000002266032958]
600,0,1,[-0.00085390165658149,-0.00609135035627366,-0.02042633299907098,-0.04256764270638511,-0.06121845397541479,-0.06337953064509665,-0.0470222144395599,-0.02268001533913735,-0.0031121797674177,0.00615126214577081,0.00726047932474999,0.00494962584948587,0.00250302266500701,0.00100538337945564,0.00032967167620494,0.00008928547974284,0.00002003718494392,0.00000371592403962,0.00000056484008511,0.00000007663214998]
624,0,1,[-0.00062827996622757,-0.00470748838617827,-0.01663868018205896,-0.03671736746190243,-0.05629045373969759,-0.06280852136383827,-0.05134421721755182,-0.02911181935958316,-0.00828248023954834,0.00370363435772194,0.00696739703247762,0.00556020982390631,0.00314947503085333,0.00140109628683308,0.00050821122522849,0.00015280138882264,0.00003833427712772,0.00000802840012569,0.00000139743349065,0.00000022587670735]
648,0,1,[-0.00046227304153766,-0.00362966180989229,-0.01348616766480911,-0.03141208748127991,-0.05111876590267285,-0.0610862885705904,-0.05437336660522566,-0.03498616232001639,-0.01378610078520181,0.0005366098938184,0.00610503115474113,0.00593202308154481,0.0037864500909218,0.00186306068818655,0.00074413328409152,0.00024670935520116,0.00006857928605937,0.00001603595362325,0.00000314949696227,0.0000005951127943]
672,0,1,[-0.00034012920420637,-0.00279276027398019,-0.01088183788656351,-0.02667562128649849,-0.04591177975579758,-0.05845262543666609,-0.05614708467842146,-0.04010873559091875,-0.01938767525473917,-0.00324780037038852,0.00463371814371098,0.00597773604347427,0.00435336292120151,0.00237126718351438,0.00103978125519541,0.00037814091619139,0.00011564560451902,0.00002991918641648,0.00000655441380727,0.0000014272868777]
696,0,1,[-0.00025025875436892,-0.002144715193494,-0.00874450585276965,-0.02250251765068076,-0.04082911648160506,-0.05513902746068734,-0.05675626490314067,-0.04434645945952824,-0.02486268589894299,-0.00751234983621146,0.00255122829728934,0.00562261366132696,0.00478256200610917,0.00289498532754789,0.00139159238415713,0.00055296246682204,0.00018500328227023,0.00005257020156658,0.00001272795785663,0.00000315912322097]
720,0,1,[-0.0001841342741622,-0.00164415349438626,-0.00700067983601094,-0.01886731463430141,-0.0359867810970499,-0.0513579991900774,-0.05632895123926417,-0.04762543340168863,-0.03001077513292896,-0.01209673273374637,-0.00010781503861039,0.00481107857153257,0.00500452418755075,0.00339372922574657,0.00178882554857754,0.00077454899036212,0.00028222709318383,0.00008756225866857,0.00002325525254435,0.00000652216080754]
744,0,1,[-0.00013548149796583,-0.00125838072784917,-0.00558535464219583,-0.01573185965383925,-0.03146339959118154,-0.04729654763748548,-0.05501550419844711,-0.04992511556223569,-0.03466499841836002,-0.01683006062454909,-0.00327558014948872,0.00351138664282292,0.00495341112723487,0.0038193406287553,0.0022128803301797,0.00104254564991051,0.00041231057268221,0.00013899746631393,0.00004024673547596,0.00001266676697866]
768,0,1,[-0.00009968397450381,-0.00096168330328513,-0.00444206236593716,-0.01305090500967808,-0.02730674219965333,-0.04311304289987156,-0.05297596719369041,-0.05127012066883806,-0.03869709438444492,-0.02154248714498806,-0.00685700521527243,0.00171810411640298,0.00457239300976087,0.00411898977555182,0.00263734640920738,0.00135177667997358,0.00057883408548485,0.00021121346985281,0.00006633909241567,0.00002330093827832]
792,0,1,[-0.00007334503177129,-0.00073392201000157,-0.00352246114357036,-0.01077623834957147,-0.02354000154589989,-0.03893663188734724,-0.05036994150699464,-0.05172084701823351,-0.04201919526249256,-0.02607515370303925,-0.0107372685114548,-0.00054764937808211,0.00381822011420298,0.00423878999297016,0.00302883280372783,0.00169145562676633,0.00078306441267501,0.00030834782258187,0.00010461844422837,0.00004082934808023]
816,0,1,[-0.00005396548153501,-0.00055938142528002,-0.0027856609417287,-0.00885961310119059,-0.02016750331336534,-0.03486846579754875,-0.04734898163088386,-0.0513639047607734,-0.04458260880249798,-0.03028795921749529,-0.01478991269669853,-0.00323999582708075,0.00266465067549383,0.00412766515063476,0.00334853306919001,0.00204482336762446,0.00102308357605577,0.00043377954960611,0.00015844872592853,0.00006847209832744]
840,0,1,[-0.00003970648218281,-0.00042583817860923,-0.00219742347454421,-0.00725472646962282,-0.01717968231044797,-0.03098411216047027,-0.04405132427532003,-0.05030306392950369,-0.04637439295594781,-0.03406495505474019,-0.01888487542008654,-0.00629176618896789,0.00110449873696531,0.00374110096453305,0.00355439881012915,0.00238929533851881,0.00129305220428657,0.0005894880782788,0.0002311978597014,0.00011033812482149]
864,0,1,[-0.00002921505900492,-0.00032381274585142,-0.00172932733491641,-0.00591846339814872,-0.01455726637274126,-0.02733664436008516,-0.04059864742103885,-0.04865120149601131,-0.04741244385917429,-0.03731740943882404,-0.02289582351980692,-0.00961917347244621,-0.00084977524997596,0.00304444620718651,0.00360373008305024,0.00269714415538312,0.00158270643680084,0.00077538691821641,0.00032586689345739,0.00017142625073039]
888,0,1,[-0.00002149572628185,-0.00024597283587218,-0.00135795602423693,-0.00481159125144819,-0.01227468346087654,-0.023960020318078,-0.03709450203734801,-0.04652351987363122,-0.04773975390688537,-0.0399847642946232,-0.02670635903931673,-0.01312718894797436,-0.00316686461858594,0.00201549770827093,0.00345595361197179,0.00293668631796241,0.00187716812324687,0.00098870046905852,0.0004446410720182,0.00025752824943738]
912,0,1,[-0.00001581602995477,-0.00018666049642392,-0.00106414288467266,-0.00389905640412831,-0.0103027520721166,-0.02087246868527906,-0.03362405090924812,-0.04403214287937971,-0.04741839514580421,-0.04203382211232012,-0.03021483828368811,-0.01671513761389008,-0.00579862577551424,0.00064619090440426,0.00307534995186384,0.00307388942995401,0.00215711872904033,0.00122345534090354,0.00058839486364605,0.00037501328942346]
936,0,1,[-0.00001163704823119,-0.00014151921227888,-0.00083229058861156,-0.00315000295596481,-0.00861073914538105,-0.01807969119105735,-0.03025477118736117,-0.04128207056658196,-0.04652366452382556,-0.04345655792769421,-0.03333770271319061,-0.02028208851609171,-0.00868303504526234,-0.00105668719884064,0.00243350675342081,0.00307427533554348,0.00239935195766685,0.00147015203041743,0.00075619336508797,0.00053048159505996]
960,0,1,[-0.00000856225562956,-0.00010720116971173,-0.00064977190584272,-0.0025376066945965,-0.00716787916248504,-0.01557776260253704,-0.02703781744598231,-0.03836838852046313,-0.04513870727535841,-0.04426696246241763,-0.03601135160507811,-0.0237317009170039,-0.0117477884982794,-0.0030717547174973,0.00151131219730524,0.00290496861326795,0.00257768321185685,0.00171566936446053,0.00094483869639738,0.00073028636642605]
984,0,1,[-0.00000622854626297,-0.00008024501441124,-0.00050099668893379,-0.00201764787492085,-0.00588471566822916,-0.01322585113902814,-0.02378447568260404,-0.03513477225106284,-0.0431617456203854,-0.04440507591236981,-0.0381926857928568,-0.02697628479126261,-0.01491423109278135,-0.00536417491842284,0.00030035389041636,0.00253673052178209,0.0026641600150391,0.00194343449391707,0.0011485110010022,0.00097993584555043]
1008,0,1,[-0.00000447900298186,-0.00005935063736902,-0.00038147386690043,-0.00158328409414149,-0.00476486323657452,-0.01106571284939449,-0.02059822105625708,-0.03169656179910038,-0.04068114183222703,-0.04389153650775932,-0.03983415111743224,-0.02993993210839151,-0.01810132052347211,-0.00788753320024127,-0.00119635308401602,0.00194582515002383,0.00263049002804772,0.0021338677939352,0.00135854921885528,0.00128340052609545]
1032,0,1,[-0.00000318356583114,-0.00004336844435343,-0.00028682418903998,-0.0012261543528301,-0.00380509067604865,-0.00912423154315761,-0.01756454384998496,-0.02816979835445205,-0.03779868189645704,-0.04276894965676518,-0.04090621151585132,-0.03255422662381237,-0.02122937108596465,-0.01058626547576507,-0.00296432642921468,0.00111558485352144,0.00244958483139871,0.00226508752756861,0.00156340733819585,0.00164236243794903]
1056,0,1,[-0.0000022362710547,-0.00003130500236129,-0.00021293642398635,-0.00093708855090965,-0.00299683630434207,-0.00741464345411764,-0.01474892222942907,-0.02466338592180196,-0.03462451746565052,-0.04109927550799071,-0.04139839246525249,-0.03476102518731531,-0.02422167474262288,-0.01339843413691633,-0.00497822903517711,0.00003757256370703,0.00209710942909062,0.00231383622507295,0.00174880839602376,0.00205545287246237]
1080,0,1,[-0.00000155221561423,-0.00002231995789888,-0.00015607261161465,-0.0007067045015915,-0.00232773242028366,-0.00593840733948599,-0.01219648807243854,-0.02127301145612904,-0.03127119890906221,-0.03896036871170179,-0.04131935845356054,-0.03651477986524274,-0.02700642875286687,-0.01625819886708111,-0.0072030530456506,-0.0012877248244366,0.00155292944615718,0.0022565717079278,0.00189810255993848,0.0025175307983775]
1104,0,1,[-0.00000106447152204,-0.00001571661484803,-0.00011292826048679,-0.00052587887159309,-0.00178303059891785,-0.00468745839990647,-0.00993312576731357,-0.01807703418298495,-0.02784765341664428,-0.03644169748770242,-0.04069605570086776,-0.03778426697088175,-0.02951876753787526,-0.01909814393148877,-0.00959564391468964,-0.00285069913413244,0.0008023591512168,0.00207065222261176,0.00199281887121885,0.00301905589172949]
1128,0,1,[-0.00000072111794999,-0.00001092835789327,-0.00008065508561641,-0.00038609095850877,-0.00134685026460607,-0.0036466025060346,-0.00796765988788523,-0.01513434426523148,-0.02445379375848623,-0.03363949955053756,-0.03957195026787133,-0.03855363272879638,-0.03170271452906054,-0.02185152740890622,-0.01210643669722322,-0.00463287841786531,-0.00016286814273893,0.0017355381911289,0.00201338434520702,0.00354560734975716]
1152,0,1,[-0.00000048250642672,-0.00000750279840292,-0.00005685457405174,-0.00027964793761505,-0.0010032041535971,-0.00279584491521556,-0.0062947535782763,-0.01248401385780759,-0.02117624094012399,-0.03065175322002379,-0.03800445177615969,-0.03882269711426477,-0.03351289458054314,-0.02445445184741647,-0.01468132787120614,-0.00660757519813185,-0.00134395412188094,0.00123393283327942,0.0019399705996579,0.00407759270871274]
1176,0,1,[-0.00000031882844852,-0.00000508515577958,-0.00003955053552216,-0.00019980688970356,-0.00073678260328423,-0.00211249703823571,-0.00489814986417546,-0.01014643422283661,-0.01808543303785089,-0.02757337088438852,-0.03606168908905009,-0.0386064966948354,-0.03491587420219804,-0.02684791384111488,-0.01726362611891929,-0.00874085800830589,-0.0027347314736177,0.00055279208613274,0.001753418163469,0.0045901803615765]
1200,0,1,[-0.00000020801713774,-0.00000340201260977,-0.00002714806176621,-0.00014081266949794,-0.00053350194370581,-0.00157295823685209,-0.00375393314001429,-0.00812555706784885,-0.01523419578097457,-0.0244919805564357,-0.03381886793183465,-0.03793409632038128,-0.03589102687793451,-0.02897966618087408,-0.0197960292124285,-0.01099278167276315,-0.00432169691719769,-0.000315851998228,0.00143618340586121,0.00505347630073132]
1224,0,1,[-0.00000013398568371,-0.00000224622977679,-0.00001838520280492,-0.00009787187369267,-0.000380839493766,-0.0011541206374664,-0.00283355572124686,-0.00641183511819214,-0.01265768569686667,-0.02148457296803821,-0.03135447630181519,-0.03684675238792377,-0.03643085576519985,-0.03080581661759981,-0.02222257058333272,-0.01331881485838512,-0.00608436057690117,-0.00137429414426504,0.00097325282553461,0.00543295106247362]
1248,0,1,[-0.00000008518481873,-0.00000146350027859,-0.0000122823713514,-0.0000670823649115,-0.00026798858233607,-0.00083438879355274,-0.00210645234805585,-0.00498547860057558,-0.01037449501623315,-0.01861517926330399,-0.0287466065821682,-0.03539555879336358,-0.03654074581905582,-0.03229208945825156,-0.02449047399353511,-0.01567140476337,-0.00799588023629682,-0.0026188088281282,0.00035297353292622,0.00569010824906798]
1272,0,1,[-0.00000005344854821,-0.00000094076977956,-0.00000809317092927,-0.00004533561088934,-0.00018587215234298,-0.00059433989342182,-0.00154214305839807,-0.0038196993537531,-0.00838863333729555,-0.01593362794577447,-0.02606963583299684,-0.03363874309288784,-0.0362381594140383,-0.03341468832247804,-0.02655185150116805,-0.0180016184263657,-0.0100239414360511,-0.00403956253072541,-0.0004322440087949,0.00578337248451443]
1296,0,1,[-0.00000003309046754,-0.00000059656134677,-0.0000052591284383,-0.00003020609329829,-0.00012705387839108,-0.00041707307745477,-0.00111179360406592,-0.00288368961472432,-0.0066920723516339,-0.01347532512608691,-0.02339145478569837,-0.03163879993637501,-0.03555133008213517,-0.03416071840149376,-0.02836518074380812,-0.02026079900571228,-0.01213183870237629,-0.0056207817190311,-0.00138538573919751,0.00566916305166444]
1320,0,1,[-0.00000002021084497,-0.00000037310839914,-0.00000336977318706,-0.00001983873371946,-0.00008558259143417,-0.00028830878118237,-0.00078925725875304,-0.0021451654752914,-0.00526755001886456,-0.01126192002377993,-0.02077137094081464,-0.02945964975034209,-0.03451754398015611,-0.03452815199948234,-0.02989650345847189,-0.02240217476355854,-0.01427970871795487,-0.00734116212961221,-0.0025044808866364,0.00530311027514742]
1344,0,1,[-0.00000001217586265,-0.00000023011645304,-0.00000212867800878,-0.0000128420672858,-0.00005680044499932,-0.00019630239560967,-0.00055166012468112,-0.00157238483327749,-0.00409136969796078,-0.00930266360861519,-0.01825874156053146,-0.02716399411350556,-0.03318112469001272,-0.03452534910147482,-0.03112029821852882,-0.02438235959532456,-0.01642586279189562,-0.00917449574334389,-0.0037824502983502,0.0046413652056348]
1368,0,1,[-0.00000000723378454,-0.00000013993139138,-0.00000132546892008,-0.00000819203509685,-0.00003713883738574,-0.00013163306424338,-0.00037961407533801,-0.00113561852624515,-0.00313598696930911,-0.00759624303697017,-0.01589232684422226,-0.02481100870996744,-0.03159125170960222,-0.03417017215388837,-0.032019995894503,-0.02616268768102691,-0.01852816373511937,-0.01109048416921271,-0.00520716050750035,0.0036419493789996]
1392,0,1,[-0.0000000042373705,-0.00000008387973182,-0.00000081340058834,-0.00000514891520331,-0.0000239195590411,-0.00008692042006477,-0.00025714931928522,-0.00080810658642119,-0.00237224170716107,-0.0061328752439849,-0.01370029871375973,-0.02245447495373055,-0.02979974577356288,-0.03348875833365189,-0.03258812502091121,-0.02771033168644342,-0.02054539157911582,-0.01305570091636997,-0.00676167843025981,0.00226609028964276]
1416,0,1,[-0.00000000244683301,-0.00000004955531619,-0.00000049185491977,-0.00000318812135851,-0.00001517263259722,-0.00005651165275291,-0.00017145537416781,-0.00056656755176611,-0.00177115650622641,-0.00489646429395724,-0.01170080045575417,-0.02014140760498121,-0.02785894567594769,-0.03251403104144721,-0.03282609435712159,-0.02899916391766886,-0.02243854389450226,-0.01503466026666583,-0.00842471302150337,0.00047948956662281]
1440,0,1,[-0.00000000139251081,-0.00000002884888463,-0.00000029301273358,-0.00000194434829895,-0.00000947725968085,-0.00003617026434956,-0.00011250853760383,-0.00039134831239438,-0.00130527828409563,-0.00386666223616756,-0.00990292851734104,-0.01791119287485577,-0.02581978347092196,-0.03128404369947262,-0.03274363960107787,-0.03001033248485097,-0.02417202007171778,-0.01699094730088062,-0.0101712226565196,-0.00174652554644359]
1464,0,1,[-0.00000000078088245,-0.00000001654568532,-0.00000017193695971,-0.00000116776412578,-0.00000582835991649,-0.00002278752377452,-0.00007264910572533,-0.00026630756196368,-0.00094958379570743,-0.0030207155130022,-0.00830799941600676,-0.01579521367844176,-0.02373014051869739,-0.02984025257929603,-0.03235797868566728,-0.03073253903762513,-0.0257146449223524,-0.01888836226031141,-0.01197316060818042,-0.00443401119657624]
1488,0,1,[-0.00000000043138889,-0.00000000934686403,-0.00000009935701132,-0.00000069055215749,-0.00000352838393472,-0.00001412878544383,-0.000046155454247,-0.00017852097428929,-0.00068200033154814,-0.00233502242575797,-0.00691096976702997,-0.0138169086536407,-0.02163353888699766,-0.02822581161795919,-0.03169273390533583,-0.03116201992471083,-0.02704049520447506,-0.02069203300054674,-0.01380032591912384,-0.00759761289991648]
1512,0,1,[-0.00000000023471901,-0.00000000519969596,-0.00000005653070369,-0.00000040198811922,-0.00000210228582466,-0.00000861988304059,-0.00002884676342933,-0.00011788437831184,-0.0004836104132583,-0.00178636709093812,-0.00570189262549787,-0.01199219079176563,-0.0195681941104702,-0.02648397202162858,-0.03077668829193272,-0.03130224753110766,-0.02812950278167122,-0.02236945189595646,-0.01562128339018741,-0.01124399634144165]
1536,0,1,[-0.00000000012575322,-0.00000000284788918,-0.00000003166165666,-0.00000023031220254,-0.00000123256844471,-0.00000517379793322,-0.00001773297452168,-0.00007667580728761,-0.00033861561373177,-0.00135282857770327,-0.00466731506857925,-0.01033014025686119,-0.01756642884665251,-0.02465665444896391,-0.02964244772262028,-0.03116338193340361,-0.02896781949870594,-0.02389139813803074,-0.01740431446092161,-0.01537152125811172]
1560,0,1,[-0.0000000000663241,-0.00000000153532479,-0.00000001745217721,-0.00000012984216436,-0.00000071096275452,-0.00000305455419461,-0.00001072016338048,-0.00004912107519033,-0.00023413225427715,-0.00101438889955341,-0.00379154671873607,-0.00883388342062306,-0.01565442451816428,-0.02278324353211591,-0.02832507926752196,-0.03076151393736115,-0.02954794076204657,-0.0252327127490225,-0.0191183605379942,-0.01997016656789078]
1584,0,1,[-0.00000000003442599,-0.00000000081452594,-0.0000000094652514,-0.00000007201351428,-0.00000040337456032,-0.00000177349997484,-0.00000637201999115,-0.00003099244090445,-0.00015988345082254,-0.00075327995596901,-0.00305775373835892,-0.00750157480964478,-0.01385227083961582,-0.02089963529253934,-0.02686079080218685,-0.03011774834164072,-0.02986859645941763,-0.02637290147103595,-0.02073392185072009,-0.02502170474919163]
1608,0,1,[-0.00000000001758055,-0.0000000004251369,-0.00000000504983748,-0.00000003928369435,-0.00000022506159687,-0.00000101244185551,-0.00000372327409982,-0.00001925714947811,-0.0001078404071869,-0.00055411809686542,-0.00244885543474053,-0.00632740865832346,-0.01217426171276207,-0.01903754933905301,-0.0252857078026894,-0.02925718054699472,-0.02993442847694286,-0.02729654953536117,-0.02222387810502293,-0.03050011371992279]
1632,0,1,[-0.00000000000882982,-0.00000000021825274,-0.00000000264958392,-0.00000002107207799,-0.00000012346016206,-0.00000056816031235,-0.0000021382420017,-0.00001178271873664,-0.00007185316434242,-0.00040387706683786,-0.00194821951531683,-0.00530260008971215,-0.01062938021592786,-0.0172241009827173,-0.02363479160727855,-0.02820782036969365,-0.02975548301927442,-0.02799354163175803,-0.02356420189275679,-0.03637220555337227]
1656,0,1,[-0.00000000000435952,-0.00000000011017451,-0.0000000013668515,-0.0000000111119867,-0.00000006657052245,-0.0000003133542544,-0.00000120664622415,-0.00000709879446425,-0.00004729882690013,-0.00029174732972048,-0.00154016649068684,-0.00441629074783646,-0.00922191469933726,-0.01548161455548153,-0.02194093044203258,-0.02699951438803695,-0.02934655271635462,-0.02845908961504684,-0.02473454172210826,-0.04259844369427251]
1680,0,1,[-0.00000000000211438,-0.00000000005467283,-0.0000000006930947,-0.00000000575908794,-0.0000000352743919,-0.00000016980939728,-0.00000066895509497,-0.00000421092091071,-0.00003076464232313,-0.0002089238518949,-0.00121030363213491,-0.00365634841542341,-0.00795215138319221,-0.01382764884205358,-0.02023422129397822,-0.02566291285801693,-0.02872640781925884,-0.02869357905946553,-0.02571865831787339,-0.04913391422574916]
1704,0,1,[-0.0000000000010061,-0.00000000002666268,-0.00000000034535945,-0.00000000293276517,-0.00000001836317674,-0.00000009039453351,-0.00000036425520187,-0.00000245918103691,-0.00001977473374995,-0.00014835683505332,-0.00094571461657512,-0.0030100435928212,-0.00681709523295883,-0.01227519879339014,-0.01854144825060705,-0.02422851984844118,-0.02791695756675509,-0.02870225322026556,-0.02650470509644679,-0.05592941241746788]
1728,0,1,[-0.0000000000004685,-0.00000000001277445,-0.00000000016905703,-0.00000000146703952,-0.00000000938923858,-0.00000004725688026,-0.00000019475979943,-0.00000141381421639,-0.00001256291029738,-0.00010449184517179,-0.00073503320016863,-0.00246459741706001,-0.00581117913047085,-0.01083303441542379,-0.01688575197247797,-0.02272585651812274,-0.02694238216179893,-0.02849475891292497,-0.02708535102739124,-0.06293260338212917]
1752,0,1,[-0.00000000000021228,-0.00000000000601088,-0.0000000000812736,-0.00000000072064587,-0.00000000471396024,-0.00000002425568252,-0.00000010222697868,-0.0000008001110595,-0.00000788964641999,-0.00007301815912154,-0.00056842876129294,-0.00200760427367434,-0.00492693043830179,-0.00950613749544508,-0.01528647604192285,-0.02118275814227171,-0.02582827301843724,-0.02808458302914595,-0.02745775104216499,-0.07008921519499306]
1776,0,1,[-0.00000000000009228,-0.00000000000277662,-0.0000000000383608,-0.00000000034752605,-0.00000000232320785,-0.00000001221983937,-0.0000000526607466,-0.00000044568942686,-0.00000489871797283,-0.00005063749446714,-0.00043752917043542,-0.00162733892425069,-0.00415557310591031,-0.00829619905729969,-0.01375916930396546,-0.01962481628326973,-0.0246008144336849,-0.0274884107713158,-0.02762337537533945,-0.07734422419466634]
1800,0,1,[-0.00000000000003705,-0.00000000000125846,-0.00000000001777101,-0.00000000016447625,-0.0000000011235831,-0.00000000604078855,-0.00000002661588689,-0.00000024434708094,-0.00000300772261103,-0.00003485987437889,-0.0003353029325058,-0.00131296210371017,-0.00348755183522958,-0.00720214446792418,-0.01231571902853523,-0.01807496897208936,-0.02328603408957796,-0.02672543723481727,-0.027587714427896,-0.0846429951916678]
1824,0,1,[-0.00000000000001209,-0.00000000000055913,-0.00000000000807771,-0.00000000007637128,-0.0000000005330897,-0.0000000029293071,-0.00000001319467788,-0.00000013183908477,-0.00000182641285712,-0.00002382926671303,-0.00025591853255066,-0.00105464065288164,-0.00291297207272306,-0.00622065829526076,-0.01096458763395148,-0.01655323435851196,-0.0219091433068184,-0.02581666285144195,-0.02735987971607297,-0.09193234369466229]
1848,0,1,[-0.00000000000000103,-0.00000000000024305,-0.00000000000360153,-0.00000000003477968,-0.00000000024804523,-0.00000000139296588,-0.00000000641395798,-0.00000007000254471,-0.00000109709306281,-0.00001617873557998,-0.00019459487535113,-0.00084359874481201,-0.00242195548674625,-0.00534668674253762,-0.00971112554256742,-0.01507657728559956,-0.02049398124340964,-0.02478420067276207,-0.02695212409820925,-0.09916149269762575]
1872,0,1,[0.00000000000000375,-0.00000000000010285,-0.00000000000157472,-0.00000000001552915,-0.00000000011314866,-0.00000000064934504,-0.00000000305620347,-0.00000003657528212,-0.0000006520042407,-0.00001091298040636,-0.00014745297003853,-0.00067211605831919,-0.00200491505434363,-0.00457390125293917,-0.00855793412772376,-0.01365889378256123,-0.01906257069531259,-0.02365061982986172,-0.02637930573671746,-0.10628290269921484]
1896,0,1,[0.00000000000000574,-0.00000000000004177,-0.0000000000006751,-0.00000000000679617,-0.00000000005058297,-0.00000000029663278,-0.00000000142698757,-0.00000001880349795,-0.00000038344217774,-0.00000731510002741,-0.00011137576720879,-0.00053348724558696,-0.0016527569807977,-0.00389511230324603,-0.00750525525693168,-0.01231109555444029,-0.01763478716806249,-0.02243834509873092,-0.02565832022041935,-0.11325296008778694]
1920,0,1,[0.00000000000000652,-0.00000000000001559,-0.00000000000028378,-0.00000000000291457,-0.00000000002215355,-0.00000000013274392,-0.00000000065265877,-0.00000000951132546,-0.00000022318869623,-0.00000487399491811,-0.00008388039529164,-0.00042195507495157,-0.00135701855744518,-0.00330262721516123,-0.00655136724261924,-0.01104127507439169,-0.01622813771199442,-0.02116912767579141,-0.02480752408454137,-0.12003251547926012]
1944,0,1,[0.00000000000000678,-0.00000000000000456,-0.00000000000011694,-0.00000000000122478,-0.00000000000950216,-0.0000000000581702,-0.00000000029229392,-0.00000000473337284,-0.00000012860184334,-0.00000322881783147,-0.00006300497308894,-0.00033262748072406,-0.0011099519287785,-0.00278854984954247,-0.00569297071551066,-0.00985493167441002,-0.01485764181602357,-0.01986359735032541,-0.02384617081677649,-0.12658726973486448]
1968,0,1,[0.00000000000000683,-0.00000000000000001,-0.00000000000004714,-0.00000000000050455,-0.00000000000399049,-0.0000000000249525,-0.00000000012813098,-0.00000000231742169,-0.00000007336744355,-0.00000212714342606,-0.00004721065170797,-0.00026138662358309,-0.00090456380876675,-0.00234502324740838,-0.0049255517273685,-0.00875523985453976,-0.01353580351089701,-0.01854090153312057,-0.02279387755733975,-0.13288801095790875]
1992,0,1,[0.0000000000000068,0.0000000000000018,-0.00000000000001839,-0.00000000000020406,-0.00000000000164069,-0.0000000000104737,-0.00000000005495628,-0.00000000111615134,-0.00000004144929128,-0.00000139392901087,-0.00003529848680343,-0.00020479609651911,-0.00073462067468682,-0.00196441865328263,-0.00424371302480055,-0.00774334263885366,-0.01227266173730012,-0.01721843229156775,-0.02167013733244946,-0.1389107105796658]
2016,0,1,[0.00000000000000673,0.00000000000000248,-0.00000000000000665,-0.0000000000000813,-0.00000000000066073,-0.00000000000430066,-0.00000000002305346,-0.00000000052881692,-0.00000002319325363,-0.00000090879398335,-0.00002634007387524,-0.00016001068485076,-0.00059462807015953,-0.00163947596628721,-0.0036414677370174,-0.00681865495024842,-0.0110759049172984,-0.01591163881724318,-0.02049388804364607,-0.14463649056542083]
2040,0,1,[0.00000000000000665,0.0000000000000027,-0.0000000000000019,-0.0000000000000321,-0.0000000000002611,-0.0000000000017274,-0.0000000000094547,-0.00000000024645298,-0.00000001285602095,-0.00000058959718736,-0.00001962050808832,-0.00012469164200089,-0.00047979153322001,-0.00136340161197993,-0.00311249257471752,-0.00597916442568797,-0.00995103541224041,-0.01463391971671493,-0.01928314579001987,-0.150051476736962]
2064,0,1,[0.00000000000000657,0.00000000000000275,-0.00000000000000001,-0.00000000000001261,-0.00000000000010175,-0.00000000000067907,-0.00000000000378992,-0.00000000011297792,-0.00000000706019477,-0.00000038070500989,-0.00001459207623873,-0.00009692928007362,-0.00038596546193612,-0.00112993023030119,-0.00265033998776962,-0.00522171965004111,-0.00890157000960319,-0.01339658721554912,-0.01805470661626726,-0.15514655520984086]
2088,0,1,[0.00000000000000648,0.00000000000000272,0.00000000000000072,-0.00000000000000486,-0.00000000000003956,-0.00000000000026186,-0.00000000000148486,-0.00000000005094145,-0.00000000384194938,-0.00000024470155113,-0.00001083708457883,-0.00007517377817863,-0.0003095950375185,-0.00093335655310382,-0.00224861056511278,-0.00454229828873923,-0.00792926359473784,-0.01220889379401784,-0.01682391760802454,-0.1599170500251783]
2112,0,1,[0.0000000000000064,0.00000000000000266,0.00000000000000098,-0.00000000000000171,-0.00000000000001568,-0.00000000000009969,-0.00000000000056909,-0.00000000002259233,-0.00000000207188315,-0.00000015659040198,-0.00000803831806383,-0.0000581744510903,-0.00024765521063268,-0.00076854351352633,-0.00190108830521146,-0.00393624992549945,-0.00703434457027491,-0.01107811088454469,-0.01560451550721491,-0.164362340299263]
2136,0,1,[0.00000000000000632,0.0000000000000026,0.00000000000000106,-0.00000000000000042,-0.0000000000000065,-0.00000000000003811,-0.00000000000021403,-0.00000000000985532,-0.00000000110740156,-0.00000009977756236,-0.00000595577295546,-0.00004492725922243,-0.00019758976231414,-0.00063091209136381,-0.00160184228744436,-0.00339851047814615,-0.00621575223563073,-0.01000964897892285,-0.01440852876295443,-0.1684854347313791]
2160,0,1,[0.00000000000000624,0.00000000000000254,0.00000000000000107,0.00000000000000012,-0.00000000000000281,-0.00000000000001516,-0.00000000000007974,-0.00000000000422906,-0.00000000058669499,-0.00000006331299822,-0.00000440847582928,-0.00003463003993585,-0.0001572525973314,-0.00051641773994417,-0.0013452987963259,-0.00292378682459743,-0.00547136809894677,-0.00900720872173841,-0.01324623719826581,-0.17229252023108937]
2184,0,1,[0.00000000000000617,0.00000000000000248,0.00000000000000104,0.00000000000000033,-0.00000000000000121,-0.00000000000000662,-0.00000000000003017,-0.00000000000178571,-0.00000000030812121,-0.00000004001216988,-0.00000326037759662,-0.00002664476396621,-0.0001248527202948,-0.0004215175298715,-0.00112628816014986,-0.00250671170313537,-0.00479823485345918,-0.00807295319948644,-0.01212618225640807,-0.17579249988847806]
2208,0,1,[0.00000000000000609,0.00000000000000242,0.00000000000000101,0.0000000000000004,-0.00000000000000047,-0.00000000000000328,-0.00000000000001225,-0.00000000000074253,-0.00000000016042095,-0.00000002518673828,-0.0000024094783326,-0.00002046603748192,-0.00009890377764799,-0.00034313143553843,-0.00094007053229233,-0.002141970060153,-0.00419275842339657,-0.00720769256560065,-0.01105522006287135,-0.1789965336517246]
2232,0,1,[0.00000000000000602,0.00000000000000237,0.00000000000000098,0.00000000000000042,-0.00000000000000011,-0.00000000000000178,-0.00000000000000579,-0.00000000000030466,-0.00000000008280438,-0.00000001579313813,-0.00000177949021201,-0.00001569505318207,-0.00007817860937238,-0.000278600518449,-0.00078234463141444,-0.00182439882578856,-0.00365089000857597,-0.00641107326850227,-0.01003860924954136,-0.1819175930249533]
2256,0,1,[0.00000000000000595,0.00000000000000231,0.00000000000000095,0.00000000000000042,0.00000000000000006,-0.000000000000001,-0.00000000000000331,-0.00000000000012394,-0.00000000004237564,-0.00000000986535622,-0.00000131347833347,-0.00001201822129485,-0.00006166892648553,-0.00022564415097922,-0.00064924312330169,-0.00154906263577352,-0.00316828639152821,-0.00568176538160504,-0.00908012557224888,-0.1845700389713741]
2280,0,1,[0.00000000000000588,0.00000000000000226,0.00000000000000092,0.00000000000000041,0.00000000000000014,-0.00000000000000055,-0.00000000000000217,-0.00000000000005055,-0.00000000002150132,-0.00000000613947957,-0.00000096903191951,-0.00000918976653886,-0.00004854999651761,-0.00018231788847512,-0.00053731792040607,-0.00131130832548644,-0.00274044789512533,-0.00501764279321485,-0.00818219574072736,-0.18696923010118163]
2304,0,1,[0.00000000000000581,0.00000000000000221,0.00000000000000089,0.0000000000000004,0.00000000000000018,-0.00000000000000028,-0.00000000000000151,-0.00000000000002118,-0.00000000001081724,-0.00000000380668789,-0.00000071461220003,-0.00000701764750567,-0.00003815006163997,-0.00014697314161189,-0.00044351823438706,-0.00110680114112544,-0.00236283428709179,-0.00441595223763081,-0.00734604349800041,-0.18913116622060028]
2328,0,1,[0.00000000000000575,0.00000000000000216,0.00000000000000086,0.00000000000000039,0.00000000000000019,-0.00000000000000012,-0.00000000000000105,-0.00000000000000953,-0.00000000000539628,-0.00000000235168224,-0.00000052680000887,-0.0000053522315072,-0.00002992411682828,-0.00011821942382357,-0.0003651637721593,-0.00093154558394866,-0.00203095962758746,-0.00387346828890258,-0.00657184176417305,-0.1910721704786744]
2352,0,1,[0.00000000000000568,0.00000000000000211,0.00000000000000084,0.00000000000000037,0.00000000000000019,-0.00000000000000002,-0.00000000000000073,-0.00000000000000488,-0.0000000000026696,-0.00000000144757488,-0.00000038822794142,-0.00000407723455301,-0.00002343162409391,-0.00009488964543436,-0.00029991503904773,-0.00078189366469741,-0.00174046756329867,-0.00338663246249827,-0.00585886553325367,-0.19280861171416683]
2376,0,1,[0.00000000000000562,0.00000000000000207,0.00000000000000081,0.00000000000000036,0.00000000000000019,0.00000000000000004,-0.00000000000000049,-0.00000000000000293,-0.00000000000130999,-0.00000000088786487,-0.00000028603111416,-0.00000310250883254,-0.00001831772128058,-0.00007600868948398,-0.00024574231843626,-0.00065454313036674,-0.00148718890801026,-0.00295167545745082,-0.00520564112495905,-0.19435666720153555]
2400,0,1,[0.00000000000000556,0.00000000000000202,0.00000000000000079,0.00000000000000035,0.00000000000000019,0.00000000000000007,-0.00000000000000032,-0.00000000000000199,-0.00000000000063789,-0.00000000054263265,-0.00000021068929769,-0.00000235832657366,-0.00001429749023278,-0.00006076532549278,-0.00020089454471638,-0.00054652796317134,-0.00126718354045242,-0.00256472231333588,-0.00461008829990742,-0.19573212483288518]
2424,0,1,[0.0000000000000055,0.00000000000000198,0.00000000000000076,0.00000000000000034,0.00000000000000019,0.0000000000000001,-0.0000000000000002,-0.00000000000000143,-0.00000000000030851,-0.00000000033046519,-0.00000015516341198,-0.00000179086830873,-0.0000111428713544,-0.00004848738756228,-0.00016386897969384,-0.00045520316538919,-0.00107676872130682,-0.00222188085264094,-0.00406965260954758,-0.19695022285022656]
2448,0,1,[0.00000000000000544,0.00000000000000194,0.00000000000000074,0.00000000000000033,0.00000000000000018,0.00000000000000011,-0.00000000000000011,-0.00000000000000106,-0.00000000000014846,-0.00000000020054501,-0.00000011425276272,-0.00000135867509202,-0.00000867184355037,-0.0000386200535348,-0.00013338234267737,-0.00037822555218677,-0.00091253590795135,-0.00191931423654388,-0.00358142614463745,-0.1980255245478226]
2472,0,1,[0.00000000000000538,0.0000000000000019,0.00000000000000072,0.00000000000000032,0.00000000000000018,0.00000000000000011,-0.00000000000000005,-0.00000000000000078,-0.00000000000007133,-0.00000000012127419,-0.00000008411737892,-0.00000102986829409,-0.00000673952568137,-0.00003070700440607,-0.00010834382952663,-0.00031353199131313,-0.0007713580513331,-0.00165329879254784,-0.00314225555003324,-0.19897182487923382]
2496,0,1,[0.00000000000000533,0.00000000000000186,0.0000000000000007,0.00000000000000031,0.00000000000000017,0.00000000000000012,-0.0,-0.00000000000000057,-0.00000000000003447,-0.00000000007307993,-0.00000006192355486,-0.00000077997778447,-0.00000523089463339,-0.00002437421066851,-0.00008783028258352,-0.00025931626337164,-0.00065038921522453,-0.00142026849065366,-0.00274883677880571,-0.19980208560451151]
2520,0,1,[0.00000000000000527,0.00000000000000182,0.00000000000000068,0.0000000000000003,0.00000000000000017,0.00000000000000012,0.00000000000000003,-0.00000000000000041,-0.00000000000001697,-0.00000000004388368,-0.00000004558114752,-0.00000059025030496,-0.00000405485360417,-0.00001931607863486,-0.00007106363727013,-0.00021400547546243,-0.00054705818199955,-0.00121684756723854,-0.00239779656169466,-0.2005283954737445]
2544,0,1,[0.00000000000000522,0.00000000000000179,0.00000000000000066,0.00000000000000029,0.00000000000000016,0.00000000000000012,0.00000000000000005,-0.00000000000000029,-0.00000000000000871,-0.00000000002625942,-0.0000000335490893,-0.00000044633539973,-0.00000313942072413,-0.000015283689938,-0.0000573906673669,-0.000176236747757,-0.00045905751582767,-0.00103987283939823,-0.00208576097036831,-0.20116195193682718]
2568,0,1,[0.00000000000000517,0.00000000000000175,0.00000000000000064,0.00000000000000028,0.00000000000000016,0.00000000000000012,0.00000000000000007,-0.00000000000000019,-0.00000000000000479,-0.00000000001565837,-0.00000002469153822,-0.00000033726716641,-0.00000242784175193,-0.00001207487715847,-0.00004626497467173,-0.00014483470825705,-0.00038432935566276,-0.00088640723352318,-0.0018094117605883,-0.2017130609693168]
2592,0,1,[0.00000000000000511,0.00000000000000172,0.00000000000000063,0.00000000000000027,0.00000000000000016,0.00000000000000012,0.00000000000000008,-0.00000000000000012,-0.00000000000000287,-0.00000000000930445,-0.00000001817156759,-0.00000025467704488,-0.00000187546084466,-0.00000952589459296,-0.00003723111516964,-0.00011879017521577,-0.0003210490156366,-0.00075374598545446,-0.00156553140271366,-0.20219115178553196]
2616,0,1,[0.00000000000000506,0.00000000000000168,0.00000000000000061,0.00000000000000027,0.00000000000000016,0.00000000000000012,0.00000000000000009,-0.00000000000000007,-0.00000000000000187,-0.00000000000550965,-0.00000001337265371,-0.00000019218651666,-0.00000144721014649,-0.00000750446299028,-0.00002991071866983,-0.00009724027793063,-0.00026760728600393,-0.00063941686923008,-0.00135103785227778,-0.20260480344981124]
