cycle,hour_cyc,stp,value
0,0,2,5.0
0,0,1,5.0
1,1,2,5.0
1,1,1,5.0
2,2,2,5.0
2,2,1,5.0
3,3,2,5.0
3,3,1,5.0
4,4,1,5.0
4,4,1,5.0
5,5,1,5.0
5,5,1,5.0
6,6,1,5.0
6,6,1,5.0
7,7,1,5.0
7,7,1,5.0
8,8,1,5.0
8,8,1,5.0
9,9,1,5.0
9,9,1,5.0
10,10,1,5.0
10,10,1,5.0
11,11,1,5.0
11,11,1,5.0
12,12,1,5.0
12,12,1,5.0
13,13,1,5.0
13,13,1,5.0
14,14,1,5.0
14,14,1,5.0
15,15,1,5.0
15,15,1,5.0
16,16,1,5.0
16,16,1,5.0
17,17,1,5.0
17,17,1,5.0
18,18,1,5.0
18,18,1,5.0
19,19,1,5.0
19,19,1,5.0
20,20,1,5.0
20,20,1,5.0
21,21,2,5.0
21,21,1,5.0
22,22,2,5.0
22,22,1,5.0
23,23,2,5.0
23,23,1,5.0
24,0,2,5.000000000018548
24,0,1,5.000000000018548
25,1,2,5.000000000018548
25,1,1,5.000000000018548
26,2,2,5.000000000018548
26,2,1,5.000000000018548
27,3,2,5.000000000018548
27,3,1,5.000000000018548
28,4,1,5.000000000018548
28,4,1,5.000000000018548
29,5,1,5.000000000018548
29,5,1,5.000000000018548
30,6,1,5.000000000018548
30,6,1,5.000000000018548
31,7,1,5.000000000018548
31,7,1,5.000000000018548
32,8,1,5.000000000018548
32,8,1,5.000000000018548
33,9,1,5.000000000018548
33,9,1,5.000000000018548
34,10,1,5.000000000018548
34,10,1,5.000000000018548
35,11,1,5.000000000018548
35,11,1,5.000000000018548
36,12,1,5.000000000018548
36,12,1,5.000000000018548
37,13,1,5.000000000018548
37,13,1,5.000000000018548
38,14,1,5.000000000018548
38,14,1,5.000000000018548
39,15,1,5.000000000018548
39,15,1,5.000000000018548
40,16,1,5.000000000018548
40,16,1,5.000000000018548
41,17,1,5.000000000018548
41,17,1,5.000000000018548
42,18,1,5.000000000018548
42,18,1,5.000000000018548
43,19,1,5.000000000018548
43,19,1,5.000000000018548
44,20,1,5.000000000018548
44,20,1,5.000000000018548
45,21,2,5.000000000018548
45,21,1,5.000000000018548
46,22,2,5.000000000018548
46,22,1,5.000000000018548
47,23,2,5.000000000018548
47,23,1,5.000000000018548
48,0,2,17.05600000001855
48,0,1,17.05600000001855
49,1,2,17.05600000001855
49,1,1,17.05600000001855
50,2,2,17.05600000001855
50,2,1,17.05600000001855
51,3,2,17.05600000001855
51,3,1,17.05600000001855
52,4,1,17.05600000001855
52,4,1,17.05600000001855
53,5,1,17.05600000001855
53,5,1,17.05600000001855
54,6,1,17.05600000001855
54,6,1,17.05600000001855
55,7,1,17.05600000001855
55,7,1,17.05600000001855
56,8,1,17.05600000001855
56,8,1,17.05600000001855
57,9,1,17.05600000001855
57,9,1,17.05600000001855
58,10,1,17.05600000001855
58,10,1,17.05600000001855
59,11,1,17.05600000001855
59,11,1,17.05600000001855
60,12,1,17.05600000001855
60,12,1,17.05600000001855
61,13,1,17.05600000001855
61,13,1,17.05600000001855
62,14,1,17.05600000001855
62,14,1,17.05600000001855
63,15,1,17.05600000001855
63,15,1,17.05600000001855
64,16,1,17.05600000001855
64,16,1,17.05600000001855
65,17,1,17.05600000001855
65,17,1,17.05600000001855
66,18,1,17.05600000001855
66,18,1,17.05600000001855
67,19,1,17.05600000001855
67,19,1,17.05600000001855
68,20,1,17.05600000001855
68,20,1,17.05600000001855
69,21,2,17.05600000001855
69,21,1,17.05600000001855
70,22,2,17.05600000001855
70,22,1,17.05600000001855
71,23,2,17.05600000001855
71,23,1,17.05600000001855
72,0,2,29.11200000001855
72,0,1,29.11200000001855
73,1,2,29.11200000001855
73,1,1,29.11200000001855
74,2,2,29.11200000001855
74,2,1,29.11200000001855
75,3,2,29.11200000001855
75,3,1,29.11200000001855
76,4,1,29.11200000001855
76,4,1,29.11200000001855
77,5,1,29.11200000001855
77,5,1,29.11200000001855
78,6,1,29.11200000001855
78,6,1,29.11200000001855
79,7,1,29.11200000001855
79,7,1,29.11200000001855
80,8,1,29.11200000001855
80,8,1,29.11200000001855
81,9,1,29.11200000001855
81,9,1,29.11200000001855
82,10,1,29.11200000001855
82,10,1,29.11200000001855
83,11,1,29.11200000001855
83,11,1,29.11200000001855
84,12,1,29.11200000001855
84,12,1,29.11200000001855
85,13,1,29.11200000001855
85,13,1,29.11200000001855
86,14,1,29.11200000001855
86,14,1,29.11200000001855
87,15,1,29.11200000001855
87,15,1,29.11200000001855
88,16,1,29.11200000001855
88,16,1,29.11200000001855
89,17,1,29.11200000001855
89,17,1,29.11200000001855
90,18,1,29.11200000001855
90,18,1,29.11200000001855
91,19,1,29.11200000001855
91,19,1,29.11200000001855
92,20,1,29.11200000001855
92,20,1,29.11200000001855
93,21,2,29.11200000001855
93,21,1,29.11200000001855
94,22,2,29.11200000001855
94,22,1,29.11200000001855
95,23,2,29.11200000001855
95,23,1,29.11200000001855
96,0,2,41.16800000001855
96,0,1,41.16800000001855
97,1,2,41.16800000001855
97,1,1,41.16800000001855
98,2,2,41.16800000001855
98,2,1,41.16800000001855
99,3,2,41.16800000001855
99,3,1,41.16800000001855
100,4,1,41.16800000001855
100,4,1,41.16800000001855
101,5,1,41.16800000001855
101,5,1,41.16800000001855
102,6,1,41.16800000001855
102,6,1,41.16800000001855
103,7,1,41.16800000001855
103,7,1,41.16800000001855
104,8,1,41.16800000001855
104,8,1,41.16800000001855
105,9,1,41.16800000001855
105,9,1,41.16800000001855
106,10,1,41.16800000001855
106,10,1,41.16800000001855
107,11,1,41.16800000001855
107,11,1,41.16800000001855
108,12,1,41.16800000001855
108,12,1,41.16800000001855
109,13,1,41.16800000001855
109,13,1,41.16800000001855
110,14,1,41.16800000001855
110,14,1,41.16800000001855
111,15,1,41.16800000001855
111,15,1,41.16800000001855
112,16,1,41.16800000001855
112,16,1,41.16800000001855
113,17,1,41.16800000001855
113,17,1,41.16800000001855
114,18,1,41.16800000001855
114,18,1,41.16800000001855
115,19,1,41.16800000001855
115,19,1,41.16800000001855
116,20,1,41.16800000001855
116,20,1,41.16800000001855
117,21,2,41.16800000001855
117,21,1,41.16800000001855
118,22,2,41.16800000001855
118,22,1,41.16800000001855
119,23,2,41.16800000001855
119,23,1,41.16800000001855
120,0,2,53.22400000001855
120,0,1,53.22400000001855
121,1,2,53.22400000001855
121,1,1,53.22400000001855
122,2,2,53.22400000001855
122,2,1,53.22400000001855
123,3,2,53.22400000001855
123,3,1,53.22400000001855
124,4,1,53.22400000001855
124,4,1,53.22400000001855
125,5,1,53.22400000001855
125,5,1,53.22400000001855
126,6,1,53.22400000001855
126,6,1,53.22400000001855
127,7,1,53.22400000001855
127,7,1,53.22400000001855
128,8,1,53.22400000001855
128,8,1,53.22400000001855
129,9,1,53.22400000001855
129,9,1,53.22400000001855
130,10,1,53.22400000001855
130,10,1,53.22400000001855
131,11,1,53.22400000001855
131,11,1,53.22400000001855
132,12,1,53.22400000001855
132,12,1,53.22400000001855
133,13,1,53.22400000001855
133,13,1,53.22400000001855
134,14,1,53.22400000001855
134,14,1,53.22400000001855
135,15,1,53.22400000001855
135,15,1,53.22400000001855
136,16,1,53.22400000001855
136,16,1,53.22400000001855
137,17,1,53.22400000001855
137,17,1,53.22400000001855
138,18,1,53.22400000001855
138,18,1,53.22400000001855
139,19,1,53.22400000001855
139,19,1,53.22400000001855
140,20,1,53.22400000001855
140,20,1,53.22400000001855
141,21,2,53.22400000001855
141,21,1,53.22400000001855
142,22,2,53.22400000001855
142,22,1,53.22400000001855
143,23,2,53.22400000001855
143,23,1,53.22400000001855
144,0,2,65.28000000001855
144,0,1,65.28000000001855
145,1,2,65.28000000001855
145,1,1,65.28000000001855
146,2,2,65.28000000001855
146,2,1,65.28000000001855
147,3,2,65.28000000001855
147,3,1,65.28000000001855
148,4,1,65.28000000001855
148,4,1,65.28000000001855
149,5,1,65.28000000001855
149,5,1,65.28000000001855
150,6,1,65.28000000001855
150,6,1,65.28000000001855
151,7,1,65.28000000001855
151,7,1,65.28000000001855
152,8,1,65.28000000001855
152,8,1,65.28000000001855
153,9,1,65.28000000001855
153,9,1,65.28000000001855
154,10,1,65.28000000001855
154,10,1,65.28000000001855
155,11,1,65.28000000001855
155,11,1,65.28000000001855
156,12,1,65.28000000001855
156,12,1,65.28000000001855
157,13,1,65.28000000001855
157,13,1,65.28000000001855
158,14,1,65.28000000001855
158,14,1,65.28000000001855
159,15,1,65.28000000001855
159,15,1,65.28000000001855
160,16,1,65.28000000001855
160,16,1,65.28000000001855
161,17,1,65.28000000001855
161,17,1,65.28000000001855
162,18,1,65.28000000001855
162,18,1,65.28000000001855
163,19,1,65.28000000001855
163,19,1,65.28000000001855
164,20,1,65.28000000001855
164,20,1,65.28000000001855
165,21,2,65.28000000001855
165,21,1,65.28000000001855
166,22,2,65.28000000001855
166,22,1,65.28000000001855
167,23,2,65.28000000001855
167,23,1,65.28000000001855
168,0,2,67.67652317219816
168,0,1,67.67652317219816
169,1,2,67.67652317219816
169,1,1,67.67652317219816
170,2,2,67.67652317219816
170,2,1,67.67652317219816
171,3,2,67.67652317219816
171,3,1,67.67652317219816
172,4,1,67.67652317219816
172,4,1,67.67652317219816
173,5,1,67.67652317219816
173,5,1,67.67652317219816
174,6,1,67.67652317219816
174,6,1,67.67652317219816
175,7,1,67.67652317219816
175,7,1,67.67652317219816
176,8,1,67.67652317219816
176,8,1,67.67652317219816
177,9,1,67.67652317219816
177,9,1,67.67652317219816
178,10,1,67.67652317219816
178,10,1,67.67652317219816
179,11,1,67.67652317219816
179,11,1,67.67652317219816
180,12,1,67.67652317219816
180,12,1,67.67652317219816
181,13,1,67.67652317219816
181,13,1,67.67652317219816
182,14,1,67.67652317219816
182,14,1,67.67652317219816
183,15,1,67.67652317219816
183,15,1,67.67652317219816
184,16,1,67.67652317219816
184,16,1,67.67652317219816
185,17,1,67.67652317219816
185,17,1,67.67652317219816
186,18,1,67.67652317219816
186,18,1,67.67652317219816
187,19,1,67.67652317219816
187,19,1,67.67652317219816
188,20,1,67.67652317219816
188,20,1,67.67652317219816
189,21,2,67.67652317219816
189,21,1,67.67652317219816
190,22,2,67.67652317219816
190,22,1,67.67652317219816
191,23,2,67.67652317219816
191,23,1,67.67652317219816
192,0,2,68.10954234357065
192,0,1,68.10954234357065
193,1,2,68.10954234357065
193,1,1,68.10954234357065
194,2,2,68.10954234357065
194,2,1,68.10954234357065
195,3,2,68.10954234357065
195,3,1,68.10954234357065
196,4,1,68.10954234357065
196,4,1,68.10954234357065
197,5,1,68.10954234357065
197,5,1,68.10954234357065
198,6,1,68.10954234357065
198,6,1,68.10954234357065
199,7,1,68.10954234357065
199,7,1,68.10954234357065
200,8,1,68.10954234357065
200,8,1,68.10954234357065
201,9,1,68.10954234357065
201,9,1,68.10954234357065
202,10,1,68.10954234357065
202,10,1,68.10954234357065
203,11,1,68.10954234357065
203,11,1,68.10954234357065
204,12,1,68.10954234357065
204,12,1,68.10954234357065
205,13,1,68.10954234357065
205,13,1,68.10954234357065
206,14,1,68.10954234357065
206,14,1,68.10954234357065
207,15,1,68.10954234357065
207,15,1,68.10954234357065
208,16,1,68.10954234357065
208,16,1,68.10954234357065
209,17,1,68.10954234357065
209,17,1,68.10954234357065
210,18,1,68.10954234357065
210,18,1,68.10954234357065
211,19,1,68.10954234357065
211,19,1,68.10954234357065
212,20,1,68.10954234357065
212,20,1,68.10954234357065
213,21,2,68.10954234357065
213,21,1,68.10954234357065
214,22,2,68.10954234357065
214,22,1,68.10954234357065
215,23,2,68.10954234357065
215,23,1,68.10954234357065
216,0,2,68.18880340375387
216,0,1,68.18880340375387
217,1,2,68.18880340375387
217,1,1,68.18880340375387
218,2,2,68.18880340375387
218,2,1,68.18880340375387
219,3,2,68.18880340375387
219,3,1,68.18880340375387
220,4,1,68.18880340375387
220,4,1,68.18880340375387
221,5,1,68.18880340375387
221,5,1,68.18880340375387
222,6,1,68.18880340375387
222,6,1,68.18880340375387
223,7,1,68.18880340375387
223,7,1,68.18880340375387
224,8,1,68.18880340375387
224,8,1,68.18880340375387
225,9,1,68.18880340375387
225,9,1,68.18880340375387
226,10,1,68.18880340375387
226,10,1,68.18880340375387
227,11,1,68.18880340375387
227,11,1,68.18880340375387
228,12,1,68.18880340375387
228,12,1,68.18880340375387
229,13,1,68.18880340375387
229,13,1,68.18880340375387
230,14,1,68.18880340375387
230,14,1,68.18880340375387
231,15,1,68.18880340375387
231,15,1,68.18880340375387
232,16,1,68.18880340375387
232,16,1,68.18880340375387
233,17,1,68.18880340375387
233,17,1,68.18880340375387
234,18,1,68.18880340375387
234,18,1,68.18880340375387
235,19,1,68.18880340375387
235,19,1,68.18880340375387
236,20,1,68.18880340375387
236,20,1,68.18880340375387
237,21,2,68.18880340375387
237,21,1,68.18880340375387
238,22,2,68.18880340375387
238,22,1,68.18880340375387
239,23,2,68.18880340375387
239,23,1,68.18880340375387
240,0,2,68.203026584696
240,0,1,68.203026584696
241,1,2,68.203026584696
241,1,1,68.203026584696
242,2,2,68.203026584696
242,2,1,68.203026584696
243,3,2,68.203026584696
243,3,1,68.203026584696
244,4,1,68.203026584696
244,4,1,68.203026584696
245,5,1,68.203026584696
245,5,1,68.203026584696
246,6,1,68.203026584696
246,6,1,68.203026584696
247,7,1,68.203026584696
247,7,1,68.203026584696
248,8,1,68.203026584696
248,8,1,68.203026584696
249,9,1,68.203026584696
249,9,1,68.203026584696
250,10,1,68.203026584696
250,10,1,68.203026584696
251,11,1,68.203026584696
251,11,1,68.203026584696
252,12,1,68.203026584696
252,12,1,68.203026584696
253,13,1,68.203026584696
253,13,1,68.203026584696
254,14,1,68.203026584696
254,14,1,68.203026584696
255,15,1,68.203026584696
255,15,1,68.203026584696
256,16,1,68.203026584696
256,16,1,68.203026584696
257,17,1,68.203026584696
257,17,1,68.203026584696
258,18,1,68.203026584696
258,18,1,68.203026584696
259,19,1,68.203026584696
259,19,1,68.203026584696
260,20,1,68.203026584696
260,20,1,68.203026584696
261,21,2,68.203026584696
261,21,1,68.203026584696
262,22,2,68.203026584696
262,22,1,68.203026584696
263,23,2,68.203026584696
263,23,1,68.203026584696
264,0,2,68.20549722300161
264,0,1,68.20549722300161
265,1,2,68.20549722300161
265,1,1,68.20549722300161
266,2,2,68.20549722300161
266,2,1,68.20549722300161
267,3,2,68.20549722300161
267,3,1,68.20549722300161
268,4,1,68.20549722300161
268,4,1,68.20549722300161
269,5,1,68.20549722300161
269,5,1,68.20549722300161
270,6,1,68.20549722300161
270,6,1,68.20549722300161
271,7,1,68.20549722300161
271,7,1,68.20549722300161
272,8,1,68.20549722300161
272,8,1,68.20549722300161
273,9,1,68.20549722300161
273,9,1,68.20549722300161
274,10,1,68.20549722300161
274,10,1,68.20549722300161
275,11,1,68.20549722300161
275,11,1,68.20549722300161
276,12,1,68.20549722300161
276,12,1,68.20549722300161
277,13,1,68.20549722300161
277,13,1,68.20549722300161
278,14,1,68.20549722300161
278,14,1,68.20549722300161
279,15,1,68.20549722300161
279,15,1,68.20549722300161
280,16,1,68.20549722300161
280,16,1,68.20549722300161
281,17,1,68.20549722300161
281,17,1,68.20549722300161
282,18,1,68.20549722300161
282,18,1,68.20549722300161
283,19,1,68.20549722300161
283,19,1,68.20549722300161
284,20,1,68.20549722300161
284,20,1,68.20549722300161
285,21,2,68.20549722300161
285,21,1,68.20549722300161
286,22,2,68.20549722300161
286,22,1,68.20549722300161
287,23,2,68.20549722300161
287,23,1,68.20549722300161
288,0,2,68.20590893377957
288,0,1,68.20590893377957
289,1,2,68.20590893377957
289,1,1,68.20590893377957
290,2,2,68.20590893377957
290,2,1,68.20590893377957
291,3,2,68.20590893377957
291,3,1,68.20590893377957
292,4,1,68.20590893377957
292,4,1,68.20590893377957
293,5,1,68.20590893377957
293,5,1,68.20590893377957
294,6,1,68.20590893377957
294,6,1,68.20590893377957
295,7,1,68.20590893377957
295,7,1,68.20590893377957
296,8,1,68.20590893377957
296,8,1,68.20590893377957
297,9,1,68.20590893377957
297,9,1,68.20590893377957
298,10,1,68.20590893377957
298,10,1,68.20590893377957
299,11,1,68.20590893377957
299,11,1,68.20590893377957
300,12,1,68.20590893377957
300,12,1,68.20590893377957
301,13,1,68.20590893377957
301,13,1,68.20590893377957
302,14,1,68.20590893377957
302,14,1,68.20590893377957
303,15,1,68.20590893377957
303,15,1,68.20590893377957
304,16,1,68.20590893377957
304,16,1,68.20590893377957
305,17,1,68.20590893377957
305,17,1,68.20590893377957
306,18,1,68.20590893377957
306,18,1,68.20590893377957
307,19,1,68.20590893377957
307,19,1,68.20590893377957
308,20,1,68.20590893377957
308,20,1,68.20590893377957
309,21,2,68.20590893377957
309,21,1,68.20590893377957
310,22,2,68.20590893377957
310,22,1,68.20590893377957
311,23,2,68.20590893377957
311,23,1,68.20590893377957
312,0,2,68.20595713677329
312,0,1,68.20595713677329
313,1,2,68.20595713677329
313,1,1,68.20595713677329
314,2,2,68.20595713677329
314,2,1,68.20595713677329
315,3,2,68.20595713677329
315,3,1,68.20595713677329
316,4,1,68.20595713677329
316,4,1,68.20595713677329
317,5,1,68.20595713677329
317,5,1,68.20595713677329
318,6,1,68.20595713677329
318,6,1,68.20595713677329
319,7,1,68.20595713677329
319,7,1,68.20595713677329
320,8,1,68.20595713677329
320,8,1,68.20595713677329
321,9,1,68.20595713677329
321,9,1,68.20595713677329
322,10,1,68.20595713677329
322,10,1,68.20595713677329
323,11,1,68.20595713677329
323,11,1,68.20595713677329
324,12,1,68.20595713677329
324,12,1,68.20595713677329
325,13,1,68.20595713677329
325,13,1,68.20595713677329
326,14,1,68.20595713677329
326,14,1,68.20595713677329
327,15,1,68.20595713677329
327,15,1,68.20595713677329
328,16,1,68.20595713677329
328,16,1,68.20595713677329
329,17,1,68.20595713677329
329,17,1,68.20595713677329
330,18,1,68.20595713677329
330,18,1,68.20595713677329
331,19,1,68.20595713677329
331,19,1,68.20595713677329
332,20,1,68.20595713677329
332,20,1,68.20595713677329
333,21,2,68.20595713677329
333,21,1,68.20595713677329
334,22,2,68.20595713677329
334,22,1,68.20595713677329
335,23,2,68.20595713677329
335,23,1,68.20595713677329
336,0,2,68.2059632693635
336,0,1,68.2059632693635
337,1,2,68.2059632693635
337,1,1,68.2059632693635
338,2,2,68.2059632693635
338,2,1,68.2059632693635
339,3,2,68.2059632693635
339,3,1,68.2059632693635
340,4,1,68.2059632693635
340,4,1,68.2059632693635
341,5,1,68.2059632693635
341,5,1,68.2059632693635
342,6,1,68.2059632693635
342,6,1,68.2059632693635
343,7,1,68.2059632693635
343,7,1,68.2059632693635
344,8,1,68.2059632693635
344,8,1,68.2059632693635
345,9,1,68.2059632693635
345,9,1,68.2059632693635
346,10,1,68.2059632693635
346,10,1,68.2059632693635
347,11,1,68.2059632693635
347,11,1,68.2059632693635
348,12,1,68.2059632693635
348,12,1,68.2059632693635
349,13,1,68.2059632693635
349,13,1,68.2059632693635
350,14,1,68.2059632693635
350,14,1,68.2059632693635
351,15,1,68.2059632693635
351,15,1,68.2059632693635
352,16,1,68.2059632693635
352,16,1,68.2059632693635
353,17,1,68.2059632693635
353,17,1,68.2059632693635
354,18,1,68.2059632693635
354,18,1,68.2059632693635
355,19,1,68.2059632693635
355,19,1,68.2059632693635
356,20,1,68.2059632693635
356,20,1,68.2059632693635
357,21,2,68.2059632693635
357,21,1,68.2059632693635
358,22,2,68.2059632693635
358,22,1,68.2059632693635
359,23,2,68.2059632693635
359,23,1,68.2059632693635
360,0,2,68.20596399961407
360,0,1,68.20596399961407
361,1,2,68.20596399961407
361,1,1,68.20596399961407
362,2,2,68.20596399961407
362,2,1,68.20596399961407
363,3,2,68.20596399961407
363,3,1,68.20596399961407
364,4,1,68.20596399961407
364,4,1,68.20596399961407
365,5,1,68.20596399961407
365,5,1,68.20596399961407
366,6,1,68.20596399961407
366,6,1,68.20596399961407
367,7,1,68.20596399961407
367,7,1,68.20596399961407
368,8,1,68.20596399961407
368,8,1,68.20596399961407
369,9,1,68.20596399961407
369,9,1,68.20596399961407
370,10,1,68.20596399961407
370,10,1,68.20596399961407
371,11,1,68.20596399961407
371,11,1,68.20596399961407
372,12,1,68.20596399961407
372,12,1,68.20596399961407
373,13,1,68.20596399961407
373,13,1,68.20596399961407
374,14,1,68.20596399961407
374,14,1,68.20596399961407
375,15,1,68.20596399961407
375,15,1,68.20596399961407
376,16,1,68.20596399961407
376,16,1,68.20596399961407
377,17,1,68.20596399961407
377,17,1,68.20596399961407
378,18,1,68.20596399961407
378,18,1,68.20596399961407
379,19,1,68.20596399961407
379,19,1,68.20596399961407
380,20,1,68.20596399961407
380,20,1,68.20596399961407
381,21,2,68.20596399961407
381,21,1,68.20596399961407
382,22,2,68.20596399961407
382,22,1,68.20596399961407
383,23,2,68.20596399961407
383,23,1,68.20596399961407
384,0,2,68.20596407980479
384,0,1,68.20596407980479
385,1,2,68.20596407980479
385,1,1,68.20596407980479
386,2,2,68.20596407980479
386,2,1,68.20596407980479
387,3,2,68.20596407980479
387,3,1,68.20596407980479
388,4,1,68.20596407980479
388,4,1,68.20596407980479
389,5,1,68.20596407980479
389,5,1,68.20596407980479
390,6,1,68.20596407980479
390,6,1,68.20596407980479
391,7,1,68.20596407980479
391,7,1,68.20596407980479
392,8,1,68.20596407980479
392,8,1,68.20596407980479
393,9,1,68.20596407980479
393,9,1,68.20596407980479
394,10,1,68.20596407980479
394,10,1,68.20596407980479
395,11,1,68.20596407980479
395,11,1,68.20596407980479
396,12,1,68.20596407980479
396,12,1,68.20596407980479
397,13,1,68.20596407980479
397,13,1,68.20596407980479
398,14,1,68.20596407980479
398,14,1,68.20596407980479
399,15,1,68.20596407980479
399,15,1,68.20596407980479
400,16,1,68.20596407980479
400,16,1,68.20596407980479
401,17,1,68.20596407980479
401,17,1,68.20596407980479
402,18,1,68.20596407980479
402,18,1,68.20596407980479
403,19,1,68.20596407980479
403,19,1,68.20596407980479
404,20,1,68.20596407980479
404,20,1,68.20596407980479
405,21,2,68.20596407980479
405,21,1,68.20596407980479
406,22,2,68.20596407980479
406,22,1,68.20596407980479
407,23,2,68.20596407980479
407,23,1,68.20596407980479
408,0,2,68.20596408797574
408,0,1,68.20596408797574
409,1,2,68.20596408797574
409,1,1,68.20596408797574
410,2,2,68.20596408797574
410,2,1,68.20596408797574
411,3,2,68.20596408797574
411,3,1,68.20596408797574
412,4,1,68.20596408797574
412,4,1,68.20596408797574
413,5,1,68.20596408797574
413,5,1,68.20596408797574
414,6,1,68.20596408797574
414,6,1,68.20596408797574
415,7,1,68.20596408797574
415,7,1,68.20596408797574
416,8,1,68.20596408797574
416,8,1,68.20596408797574
417,9,1,68.20596408797574
417,9,1,68.20596408797574
418,10,1,68.20596408797574
418,10,1,68.20596408797574
419,11,1,68.20596408797574
419,11,1,68.20596408797574
420,12,1,68.20596408797574
420,12,1,68.20596408797574
421,13,1,68.20596408797574
421,13,1,68.20596408797574
422,14,1,68.20596408797574
422,14,1,68.20596408797574
423,15,1,68.20596408797574
423,15,1,68.20596408797574
424,16,1,68.20596408797574
424,16,1,68.20596408797574
425,17,1,68.20596408797574
425,17,1,68.20596408797574
426,18,1,68.20596408797574
426,18,1,68.20596408797574
427,19,1,68.20596408797574
427,19,1,68.20596408797574
428,20,1,68.20596408797574
428,20,1,68.20596408797574
429,21,2,68.20596408797574
429,21,1,68.20596408797574
430,22,2,68.20596408797574
430,22,1,68.20596408797574
431,23,2,68.20596408797574
431,23,1,68.20596408797574
432,0,2,68.20596408873821
432,0,1,68.20596408873821
433,1,2,68.20596408873821
433,1,1,68.20596408873821
434,2,2,68.20596408873821
434,2,1,68.20596408873821
435,3,2,68.20596408873821
435,3,1,68.20596408873821
436,4,1,68.20596408873821
436,4,1,68.20596408873821
437,5,1,68.20596408873821
437,5,1,68.20596408873821
438,6,1,68.20596408873821
438,6,1,68.20596408873821
439,7,1,68.20596408873821
439,7,1,68.20596408873821
440,8,1,68.20596408873821
440,8,1,68.20596408873821
441,9,1,68.20596408873821
441,9,1,68.20596408873821
442,10,1,68.20596408873821
442,10,1,68.20596408873821
443,11,1,68.20596408873821
443,11,1,68.20596408873821
444,12,1,68.20596408873821
444,12,1,68.20596408873821
445,13,1,68.20596408873821
445,13,1,68.20596408873821
446,14,1,68.20596408873821
446,14,1,68.20596408873821
447,15,1,68.20596408873821
447,15,1,68.20596408873821
448,16,1,68.20596408873821
448,16,1,68.20596408873821
449,17,1,68.20596408873821
449,17,1,68.20596408873821
450,18,1,68.20596408873821
450,18,1,68.20596408873821
451,19,1,68.20596408873821
451,19,1,68.20596408873821
452,20,1,68.20596408873821
452,20,1,68.20596408873821
453,21,2,68.20596408873821
453,21,1,68.20596408873821
454,22,2,68.20596408873821
454,22,1,68.20596408873821
455,23,2,68.20596408873821
455,23,1,68.20596408873821
456,0,2,68.20596408880316
456,0,1,68.20596408880316
457,1,2,68.20596408880316
457,1,1,68.20596408880316
458,2,2,68.20596408880316
458,2,1,68.20596408880316
459,3,2,68.20596408880316
459,3,1,68.20596408880316
460,4,1,68.20596408880316
460,4,1,68.20596408880316
461,5,1,68.20596408880316
461,5,1,68.20596408880316
462,6,1,68.20596408880316
462,6,1,68.20596408880316
463,7,1,68.20596408880316
463,7,1,68.20596408880316
464,8,1,68.20596408880316
464,8,1,68.20596408880316
465,9,1,68.20596408880316
465,9,1,68.20596408880316
466,10,1,68.20596408880316
466,10,1,68.20596408880316
467,11,1,68.20596408880316
467,11,1,68.20596408880316
468,12,1,68.20596408880316
468,12,1,68.20596408880316
469,13,1,68.20596408880316
469,13,1,68.20596408880316
470,14,1,68.20596408880316
470,14,1,68.20596408880316
471,15,1,68.20596408880316
471,15,1,68.20596408880316
472,16,1,68.20596408880316
472,16,1,68.20596408880316
473,17,1,68.20596408880316
473,17,1,68.20596408880316
474,18,1,68.20596408880316
474,18,1,68.20596408880316
475,19,1,68.20596408880316
475,19,1,68.20596408880316
476,20,1,68.20596408880316
476,20,1,68.20596408880316
477,21,2,68.20596408880316
477,21,1,68.20596408880316
478,22,2,68.20596408880316
478,22,1,68.20596408880316
479,23,2,68.20596408880316
479,23,1,68.20596408880316
480,0,2,68.2059640888217
480,0,1,68.2059640888217
481,1,2,68.2059640888217
481,1,1,68.2059640888217
482,2,2,68.2059640888217
482,2,1,68.2059640888217
483,3,2,68.2059640888217
483,3,1,68.2059640888217
484,4,1,68.2059640888217
484,4,1,68.2059640888217
485,5,1,68.2059640888217
485,5,1,68.2059640888217
486,6,1,68.2059640888217
486,6,1,68.2059640888217
487,7,1,68.2059640888217
487,7,1,68.2059640888217
488,8,1,68.2059640888217
488,8,1,68.2059640888217
489,9,1,68.2059640888217
489,9,1,68.2059640888217
490,10,1,68.2059640888217
490,10,1,68.2059640888217
491,11,1,68.2059640888217
491,11,1,68.2059640888217
492,12,1,68.2059640888217
492,12,1,68.2059640888217
493,13,1,68.2059640888217
493,13,1,68.2059640888217
494,14,1,68.2059640888217
494,14,1,68.2059640888217
495,15,1,68.2059640888217
495,15,1,68.2059640888217
496,16,1,68.2059640888217
496,16,1,68.2059640888217
497,17,1,68.2059640888217
497,17,1,68.2059640888217
498,18,1,68.2059640888217
498,18,1,68.2059640888217
499,19,1,68.2059640888217
499,19,1,68.2059640888217
500,20,1,68.2059640888217
500,20,1,68.2059640888217
501,21,2,68.2059640888217
501,21,1,68.2059640888217
502,22,2,68.2059640888217
502,22,1,68.2059640888217
503,23,2,68.2059640888217
503,23,1,68.2059640888217
504,0,2,68.20596408884025
504,0,1,68.20596408884025
505,1,2,68.20596408884025
505,1,1,68.20596408884025
506,2,2,68.20596408884025
506,2,1,68.20596408884025
507,3,2,68.20596408884025
507,3,1,68.20596408884025
508,4,1,68.20596408884025
508,4,1,68.20596408884025
509,5,1,68.20596408884025
509,5,1,68.20596408884025
510,6,1,68.20596408884025
510,6,1,68.20596408884025
511,7,1,68.20596408884025
511,7,1,68.20596408884025
512,8,1,68.20596408884025
512,8,1,68.20596408884025
513,9,1,68.20596408884025
513,9,1,68.20596408884025
514,10,1,68.20596408884025
514,10,1,68.20596408884025
515,11,1,68.20596408884025
515,11,1,68.20596408884025
516,12,1,68.20596408884025
516,12,1,68.20596408884025
517,13,1,68.20596408884025
517,13,1,68.20596408884025
518,14,1,68.20596408884025
518,14,1,68.20596408884025
519,15,1,68.20596408884025
519,15,1,68.20596408884025
520,16,1,68.20596408884025
520,16,1,68.20596408884025
521,17,1,68.20596408884025
521,17,1,68.20596408884025
522,18,1,68.20596408884025
522,18,1,68.20596408884025
523,19,1,68.20596408884025
523,19,1,68.20596408884025
524,20,1,68.20596408884025
524,20,1,68.20596408884025
525,21,2,68.20596408884025
525,21,1,68.20596408884025
526,22,2,68.20596408884025
526,22,1,68.20596408884025
527,23,2,68.20596408884025
527,23,1,68.20596408884025
528,0,2,68.20596408885879
528,0,1,68.20596408885879
529,1,2,68.20596408885879
529,1,1,68.20596408885879
530,2,2,68.20596408885879
530,2,1,68.20596408885879
531,3,2,68.20596408885879
531,3,1,68.20596408885879
532,4,1,68.20596408885879
532,4,1,68.20596408885879
533,5,1,68.20596408885879
533,5,1,68.20596408885879
534,6,1,68.20596408885879
534,6,1,68.20596408885879
535,7,1,68.20596408885879
535,7,1,68.20596408885879
536,8,1,68.20596408885879
536,8,1,68.20596408885879
537,9,1,68.20596408885879
537,9,1,68.20596408885879
538,10,1,68.20596408885879
538,10,1,68.20596408885879
539,11,1,68.20596408885879
539,11,1,68.20596408885879
540,12,1,68.20596408885879
540,12,1,68.20596408885879
541,13,1,68.20596408885879
541,13,1,68.20596408885879
542,14,1,68.20596408885879
542,14,1,68.20596408885879
543,15,1,68.20596408885879
543,15,1,68.20596408885879
544,16,1,68.20596408885879
544,16,1,68.20596408885879
545,17,1,68.20596408885879
545,17,1,68.20596408885879
546,18,1,68.20596408885879
546,18,1,68.20596408885879
547,19,1,68.20596408885879
547,19,1,68.20596408885879
548,20,1,68.20596408885879
548,20,1,68.20596408885879
549,21,2,68.20596408885879
549,21,1,68.20596408885879
550,22,2,68.20596408885879
550,22,1,68.20596408885879
551,23,2,68.20596408885879
551,23,1,68.20596408885879
552,0,2,68.20596408887734
552,0,1,68.20596408887734
553,1,2,68.20596408887734
553,1,1,68.20596408887734
554,2,2,68.20596408887734
554,2,1,68.20596408887734
555,3,2,68.20596408887734
555,3,1,68.20596408887734
556,4,1,68.20596408887734
556,4,1,68.20596408887734
557,5,1,68.20596408887734
557,5,1,68.20596408887734
558,6,1,68.20596408887734
558,6,1,68.20596408887734
559,7,1,68.20596408887734
559,7,1,68.20596408887734
560,8,1,68.20596408887734
560,8,1,68.20596408887734
561,9,1,68.20596408887734
561,9,1,68.20596408887734
562,10,1,68.20596408887734
562,10,1,68.20596408887734
563,11,1,68.20596408887734
563,11,1,68.20596408887734
564,12,1,68.20596408887734
564,12,1,68.20596408887734
565,13,1,68.20596408887734
565,13,1,68.20596408887734
566,14,1,68.20596408887734
566,14,1,68.20596408887734
567,15,1,68.20596408887734
567,15,1,68.20596408887734
568,16,1,68.20596408887734
568,16,1,68.20596408887734
569,17,1,68.20596408887734
569,17,1,68.20596408887734
570,18,1,68.20596408887734
570,18,1,68.20596408887734
571,19,1,68.20596408887734
571,19,1,68.20596408887734
572,20,1,68.20596408887734
572,20,1,68.20596408887734
573,21,2,68.20596408887734
573,21,1,68.20596408887734
574,22,2,68.20596408887734
574,22,1,68.20596408887734
575,23,2,68.20596408887734
575,23,1,68.20596408887734
576,0,2,68.20596408889588
576,0,1,68.20596408889588
577,1,2,68.20596408889588
577,1,1,68.20596408889588
578,2,2,68.20596408889588
578,2,1,68.20596408889588
579,3,2,68.20596408889588
579,3,1,68.20596408889588
580,4,1,68.20596408889588
580,4,1,68.20596408889588
581,5,1,68.20596408889588
581,5,1,68.20596408889588
582,6,1,68.20596408889588
582,6,1,68.20596408889588
583,7,1,68.20596408889588
583,7,1,68.20596408889588
584,8,1,68.20596408889588
584,8,1,68.20596408889588
585,9,1,68.20596408889588
585,9,1,68.20596408889588
586,10,1,68.20596408889588
586,10,1,68.20596408889588
587,11,1,68.20596408889588
587,11,1,68.20596408889588
588,12,1,68.20596408889588
588,12,1,68.20596408889588
589,13,1,68.20596408889588
589,13,1,68.20596408889588
590,14,1,68.20596408889588
590,14,1,68.20596408889588
591,15,1,68.20596408889588
591,15,1,68.20596408889588
592,16,1,68.20596408889588
592,16,1,68.20596408889588
593,17,1,68.20596408889588
593,17,1,68.20596408889588
594,18,1,68.20596408889588
594,18,1,68.20596408889588
595,19,1,68.20596408889588
595,19,1,68.20596408889588
596,20,1,68.20596408889588
596,20,1,68.20596408889588
597,21,2,68.20596408889588
597,21,1,68.20596408889588
598,22,2,68.20596408889588
598,22,1,68.20596408889588
599,23,2,68.20596408889588
599,23,1,68.20596408889588
600,0,2,68.20596408891443
600,0,1,68.20596408891443
601,1,2,68.20596408891443
601,1,1,68.20596408891443
602,2,2,68.20596408891443
602,2,1,68.20596408891443
603,3,2,68.20596408891443
603,3,1,68.20596408891443
604,4,1,68.20596408891443
604,4,1,68.20596408891443
605,5,1,68.20596408891443
605,5,1,68.20596408891443
606,6,1,68.20596408891443
606,6,1,68.20596408891443
607,7,1,68.20596408891443
607,7,1,68.20596408891443
608,8,1,68.20596408891443
608,8,1,68.20596408891443
609,9,1,68.20596408891443
609,9,1,68.20596408891443
610,10,1,68.20596408891443
610,10,1,68.20596408891443
611,11,1,68.20596408891443
611,11,1,68.20596408891443
612,12,1,68.20596408891443
612,12,1,68.20596408891443
613,13,1,68.20596408891443
613,13,1,68.20596408891443
614,14,1,68.20596408891443
614,14,1,68.20596408891443
615,15,1,68.20596408891443
615,15,1,68.20596408891443
616,16,1,68.20596408891443
616,16,1,68.20596408891443
617,17,1,68.20596408891443
617,17,1,68.20596408891443
618,18,1,68.20596408891443
618,18,1,68.20596408891443
619,19,1,68.20596408891443
619,19,1,68.20596408891443
620,20,1,68.20596408891443
620,20,1,68.20596408891443
621,21,2,68.20596408891443
621,21,1,68.20596408891443
622,22,2,68.20596408891443
622,22,1,68.20596408891443
623,23,2,68.20596408891443
623,23,1,68.20596408891443
624,0,2,68.20596408893297
624,0,1,68.20596408893297
625,1,2,68.20596408893297
625,1,1,68.20596408893297
626,2,2,68.20596408893297
626,2,1,68.20596408893297
627,3,2,68.20596408893297
627,3,1,68.20596408893297
628,4,1,68.20596408893297
628,4,1,68.20596408893297
629,5,1,68.20596408893297
629,5,1,68.20596408893297
630,6,1,68.20596408893297
630,6,1,68.20596408893297
631,7,1,68.20596408893297
631,7,1,68.20596408893297
632,8,1,68.20596408893297
632,8,1,68.20596408893297
633,9,1,68.20596408893297
633,9,1,68.20596408893297
634,10,1,68.20596408893297
634,10,1,68.20596408893297
635,11,1,68.20596408893297
635,11,1,68.20596408893297
636,12,1,68.20596408893297
636,12,1,68.20596408893297
637,13,1,68.20596408893297
637,13,1,68.20596408893297
638,14,1,68.20596408893297
638,14,1,68.20596408893297
639,15,1,68.20596408893297
639,15,1,68.20596408893297
640,16,1,68.20596408893297
640,16,1,68.20596408893297
641,17,1,68.20596408893297
641,17,1,68.20596408893297
642,18,1,68.20596408893297
642,18,1,68.20596408893297
643,19,1,68.20596408893297
643,19,1,68.20596408893297
644,20,1,68.20596408893297
644,20,1,68.20596408893297
645,21,2,68.20596408893297
645,21,1,68.20596408893297
646,22,2,68.20596408893297
646,22,1,68.20596408893297
647,23,2,68.20596408893297
647,23,1,68.20596408893297
648,0,2,68.20596408895152
648,0,1,68.20596408895152
649,1,2,68.20596408895152
649,1,1,68.20596408895152
650,2,2,68.20596408895152
650,2,1,68.20596408895152
651,3,2,68.20596408895152
651,3,1,68.20596408895152
652,4,1,68.20596408895152
652,4,1,68.20596408895152
653,5,1,68.20596408895152
653,5,1,68.20596408895152
654,6,1,68.20596408895152
654,6,1,68.20596408895152
655,7,1,68.20596408895152
655,7,1,68.20596408895152
656,8,1,68.20596408895152
656,8,1,68.20596408895152
657,9,1,68.20596408895152
657,9,1,68.20596408895152
658,10,1,68.20596408895152
658,10,1,68.20596408895152
659,11,1,68.20596408895152
659,11,1,68.20596408895152
660,12,1,68.20596408895152
660,12,1,68.20596408895152
661,13,1,68.20596408895152
661,13,1,68.20596408895152
662,14,1,68.20596408895152
662,14,1,68.20596408895152
663,15,1,68.20596408895152
663,15,1,68.20596408895152
664,16,1,68.20596408895152
664,16,1,68.20596408895152
665,17,1,68.20596408895152
665,17,1,68.20596408895152
666,18,1,68.20596408895152
666,18,1,68.20596408895152
667,19,1,68.20596408895152
667,19,1,68.20596408895152
668,20,1,68.20596408895152
668,20,1,68.20596408895152
669,21,2,68.20596408895152
669,21,1,68.20596408895152
670,22,2,68.20596408895152
670,22,1,68.20596408895152
671,23,2,68.20596408895152
671,23,1,68.20596408895152
672,0,2,68.20596408897006
672,0,1,68.20596408897006
673,1,2,68.20596408897006
673,1,1,68.20596408897006
674,2,2,68.20596408897006
674,2,1,68.20596408897006
675,3,2,68.20596408897006
675,3,1,68.20596408897006
676,4,1,68.20596408897006
676,4,1,68.20596408897006
677,5,1,68.20596408897006
677,5,1,68.20596408897006
678,6,1,68.20596408897006
678,6,1,68.20596408897006
679,7,1,68.20596408897006
679,7,1,68.20596408897006
680,8,1,68.20596408897006
680,8,1,68.20596408897006
681,9,1,68.20596408897006
681,9,1,68.20596408897006
682,10,1,68.20596408897006
682,10,1,68.20596408897006
683,11,1,68.20596408897006
683,11,1,68.20596408897006
684,12,1,68.20596408897006
684,12,1,68.20596408897006
685,13,1,68.20596408897006
685,13,1,68.20596408897006
686,14,1,68.20596408897006
686,14,1,68.20596408897006
687,15,1,68.20596408897006
687,15,1,68.20596408897006
688,16,1,68.20596408897006
688,16,1,68.20596408897006
689,17,1,68.20596408897006
689,17,1,68.20596408897006
690,18,1,68.20596408897006
690,18,1,68.20596408897006
691,19,1,68.20596408897006
691,19,1,68.20596408897006
692,20,1,68.20596408897006
692,20,1,68.20596408897006
693,21,2,68.20596408897006
693,21,1,68.20596408897006
694,22,2,68.20596408897006
694,22,1,68.20596408897006
695,23,2,68.20596408897006
695,23,1,68.20596408897006
696,0,2,68.20596408898861
696,0,1,68.20596408898861
697,1,2,68.20596408898861
697,1,1,68.20596408898861
698,2,2,68.20596408898861
698,2,1,68.20596408898861
699,3,2,68.20596408898861
699,3,1,68.20596408898861
700,4,1,68.20596408898861
700,4,1,68.20596408898861
701,5,1,68.20596408898861
701,5,1,68.20596408898861
702,6,1,68.20596408898861
702,6,1,68.20596408898861
703,7,1,68.20596408898861
703,7,1,68.20596408898861
704,8,1,68.20596408898861
704,8,1,68.20596408898861
705,9,1,68.20596408898861
705,9,1,68.20596408898861
706,10,1,68.20596408898861
706,10,1,68.20596408898861
707,11,1,68.20596408898861
707,11,1,68.20596408898861
708,12,1,68.20596408898861
708,12,1,68.20596408898861
709,13,1,68.20596408898861
709,13,1,68.20596408898861
710,14,1,68.20596408898861
710,14,1,68.20596408898861
711,15,1,68.20596408898861
711,15,1,68.20596408898861
712,16,1,68.20596408898861
712,16,1,68.20596408898861
713,17,1,68.20596408898861
713,17,1,68.20596408898861
714,18,1,68.20596408898861
714,18,1,68.20596408898861
715,19,1,68.20596408898861
715,19,1,68.20596408898861
716,20,1,68.20596408898861
716,20,1,68.20596408898861
717,21,2,68.20596408898861
717,21,1,68.20596408898861
718,22,2,68.20596408898861
718,22,1,68.20596408898861
719,23,2,68.20596408898861
719,23,1,68.20596408898861
720,0,2,68.20596408900715
720,0,1,68.20596408900715
721,1,2,68.20596408900715
721,1,1,68.20596408900715
722,2,2,68.20596408900715
722,2,1,68.20596408900715
723,3,2,68.20596408900715
723,3,1,68.20596408900715
724,4,1,68.20596408900715
724,4,1,68.20596408900715
725,5,1,68.20596408900715
725,5,1,68.20596408900715
726,6,1,68.20596408900715
726,6,1,68.20596408900715
727,7,1,68.20596408900715
727,7,1,68.20596408900715
728,8,1,68.20596408900715
728,8,1,68.20596408900715
729,9,1,68.20596408900715
729,9,1,68.20596408900715
730,10,1,68.20596408900715
730,10,1,68.20596408900715
731,11,1,68.20596408900715
731,11,1,68.20596408900715
732,12,1,68.20596408900715
732,12,1,68.20596408900715
733,13,1,68.20596408900715
733,13,1,68.20596408900715
734,14,1,68.20596408900715
734,14,1,68.20596408900715
735,15,1,68.20596408900715
735,15,1,68.20596408900715
736,16,1,68.20596408900715
736,16,1,68.20596408900715
737,17,1,68.20596408900715
737,17,1,68.20596408900715
738,18,1,68.20596408900715
738,18,1,68.20596408900715
739,19,1,68.20596408900715
739,19,1,68.20596408900715
740,20,1,68.20596408900715
740,20,1,68.20596408900715
741,21,2,68.20596408900715
741,21,1,68.20596408900715
742,22,2,68.20596408900715
742,22,1,68.20596408900715
743,23,2,68.20596408900715
743,23,1,68.20596408900715
744,0,2,68.2059640890257
744,0,1,68.2059640890257
745,1,2,68.2059640890257
745,1,1,68.2059640890257
746,2,2,68.2059640890257
746,2,1,68.2059640890257
747,3,2,68.2059640890257
747,3,1,68.2059640890257
748,4,1,68.2059640890257
748,4,1,68.2059640890257
749,5,1,68.2059640890257
749,5,1,68.2059640890257
750,6,1,68.2059640890257
750,6,1,68.2059640890257
751,7,1,68.2059640890257
751,7,1,68.2059640890257
752,8,1,68.2059640890257
752,8,1,68.2059640890257
753,9,1,68.2059640890257
753,9,1,68.2059640890257
754,10,1,68.2059640890257
754,10,1,68.2059640890257
755,11,1,68.2059640890257
755,11,1,68.2059640890257
756,12,1,68.2059640890257
756,12,1,68.2059640890257
757,13,1,68.2059640890257
757,13,1,68.2059640890257
758,14,1,68.2059640890257
758,14,1,68.2059640890257
759,15,1,68.2059640890257
759,15,1,68.2059640890257
760,16,1,68.2059640890257
760,16,1,68.2059640890257
761,17,1,68.2059640890257
761,17,1,68.2059640890257
762,18,1,68.2059640890257
762,18,1,68.2059640890257
763,19,1,68.2059640890257
763,19,1,68.2059640890257
764,20,1,68.2059640890257
764,20,1,68.2059640890257
765,21,2,68.2059640890257
765,21,1,68.2059640890257
766,22,2,68.2059640890257
766,22,1,68.2059640890257
767,23,2,68.2059640890257
767,23,1,68.2059640890257
768,0,2,68.20596408904424
768,0,1,68.20596408904424
769,1,2,68.20596408904424
769,1,1,68.20596408904424
770,2,2,68.20596408904424
770,2,1,68.20596408904424
771,3,2,68.20596408904424
771,3,1,68.20596408904424
772,4,1,68.20596408904424
772,4,1,68.20596408904424
773,5,1,68.20596408904424
773,5,1,68.20596408904424
774,6,1,68.20596408904424
774,6,1,68.20596408904424
775,7,1,68.20596408904424
775,7,1,68.20596408904424
776,8,1,68.20596408904424
776,8,1,68.20596408904424
777,9,1,68.20596408904424
777,9,1,68.20596408904424
778,10,1,68.20596408904424
778,10,1,68.20596408904424
779,11,1,68.20596408904424
779,11,1,68.20596408904424
780,12,1,68.20596408904424
780,12,1,68.20596408904424
781,13,1,68.20596408904424
781,13,1,68.20596408904424
782,14,1,68.20596408904424
782,14,1,68.20596408904424
783,15,1,68.20596408904424
783,15,1,68.20596408904424
784,16,1,68.20596408904424
784,16,1,68.20596408904424
785,17,1,68.20596408904424
785,17,1,68.20596408904424
786,18,1,68.20596408904424
786,18,1,68.20596408904424
787,19,1,68.20596408904424
787,19,1,68.20596408904424
788,20,1,68.20596408904424
788,20,1,68.20596408904424
789,21,2,68.20596408904424
789,21,1,68.20596408904424
790,22,2,68.20596408904424
790,22,1,68.20596408904424
791,23,2,68.20596408904424
791,23,1,68.20596408904424
792,0,2,68.20596408906279
792,0,1,68.20596408906279
793,1,2,68.20596408906279
793,1,1,68.20596408906279
794,2,2,68.20596408906279
794,2,1,68.20596408906279
795,3,2,68.20596408906279
795,3,1,68.20596408906279
796,4,1,68.20596408906279
796,4,1,68.20596408906279
797,5,1,68.20596408906279
797,5,1,68.20596408906279
798,6,1,68.20596408906279
798,6,1,68.20596408906279
799,7,1,68.20596408906279
799,7,1,68.20596408906279
800,8,1,68.20596408906279
800,8,1,68.20596408906279
801,9,1,68.20596408906279
801,9,1,68.20596408906279
802,10,1,68.20596408906279
802,10,1,68.20596408906279
803,11,1,68.20596408906279
803,11,1,68.20596408906279
804,12,1,68.20596408906279
804,12,1,68.20596408906279
805,13,1,68.20596408906279
805,13,1,68.20596408906279
806,14,1,68.20596408906279
806,14,1,68.20596408906279
807,15,1,68.20596408906279
807,15,1,68.20596408906279
808,16,1,68.20596408906279
808,16,1,68.20596408906279
809,17,1,68.20596408906279
809,17,1,68.20596408906279
810,18,1,68.20596408906279
810,18,1,68.20596408906279
811,19,1,68.20596408906279
811,19,1,68.20596408906279
812,20,1,68.20596408906279
812,20,1,68.20596408906279
813,21,2,68.20596408906279
813,21,1,68.20596408906279
814,22,2,68.20596408906279
814,22,1,68.20596408906279
815,23,2,68.20596408906279
815,23,1,68.20596408906279
816,0,2,68.20596408908133
816,0,1,68.20596408908133
817,1,2,68.20596408908133
817,1,1,68.20596408908133
818,2,2,68.20596408908133
818,2,1,68.20596408908133
819,3,2,68.20596408908133
819,3,1,68.20596408908133
820,4,1,68.20596408908133
820,4,1,68.20596408908133
821,5,1,68.20596408908133
821,5,1,68.20596408908133
822,6,1,68.20596408908133
822,6,1,68.20596408908133
823,7,1,68.20596408908133
823,7,1,68.20596408908133
824,8,1,68.20596408908133
824,8,1,68.20596408908133
825,9,1,68.20596408908133
825,9,1,68.20596408908133
826,10,1,68.20596408908133
826,10,1,68.20596408908133
827,11,1,68.20596408908133
827,11,1,68.20596408908133
828,12,1,68.20596408908133
828,12,1,68.20596408908133
829,13,1,68.20596408908133
829,13,1,68.20596408908133
830,14,1,68.20596408908133
830,14,1,68.20596408908133
831,15,1,68.20596408908133
831,15,1,68.20596408908133
832,16,1,68.20596408908133
832,16,1,68.20596408908133
833,17,1,68.20596408908133
833,17,1,68.20596408908133
834,18,1,68.20596408908133
834,18,1,68.20596408908133
835,19,1,68.20596408908133
835,19,1,68.20596408908133
836,20,1,68.20596408908133
836,20,1,68.20596408908133
837,21,2,68.20596408908133
837,21,1,68.20596408908133
838,22,2,68.20596408908133
838,22,1,68.20596408908133
839,23,2,68.20596408908133
839,23,1,68.20596408908133
840,0,2,68.20596408909988
840,0,1,68.20596408909988
841,1,2,68.20596408909988
841,1,1,68.20596408909988
842,2,2,68.20596408909988
842,2,1,68.20596408909988
843,3,2,68.20596408909988
843,3,1,68.20596408909988
844,4,1,68.20596408909988
844,4,1,68.20596408909988
845,5,1,68.20596408909988
845,5,1,68.20596408909988
846,6,1,68.20596408909988
846,6,1,68.20596408909988
847,7,1,68.20596408909988
847,7,1,68.20596408909988
848,8,1,68.20596408909988
848,8,1,68.20596408909988
849,9,1,68.20596408909988
849,9,1,68.20596408909988
850,10,1,68.20596408909988
850,10,1,68.20596408909988
851,11,1,68.20596408909988
851,11,1,68.20596408909988
852,12,1,68.20596408909988
852,12,1,68.20596408909988
853,13,1,68.20596408909988
853,13,1,68.20596408909988
854,14,1,68.20596408909988
854,14,1,68.20596408909988
855,15,1,68.20596408909988
855,15,1,68.20596408909988
856,16,1,68.20596408909988
856,16,1,68.20596408909988
857,17,1,68.20596408909988
857,17,1,68.20596408909988
858,18,1,68.20596408909988
858,18,1,68.20596408909988
859,19,1,68.20596408909988
859,19,1,68.20596408909988
860,20,1,68.20596408909988
860,20,1,68.20596408909988
861,21,2,68.20596408909988
861,21,1,68.20596408909988
862,22,2,68.20596408909988
862,22,1,68.20596408909988
863,23,2,68.20596408909988
863,23,1,68.20596408909988
864,0,2,68.20596408911842
864,0,1,68.20596408911842
865,1,2,68.20596408911842
865,1,1,68.20596408911842
866,2,2,68.20596408911842
866,2,1,68.20596408911842
867,3,2,68.20596408911842
867,3,1,68.20596408911842
868,4,1,68.20596408911842
868,4,1,68.20596408911842
869,5,1,68.20596408911842
869,5,1,68.20596408911842
870,6,1,68.20596408911842
870,6,1,68.20596408911842
871,7,1,68.20596408911842
871,7,1,68.20596408911842
872,8,1,68.20596408911842
872,8,1,68.20596408911842
873,9,1,68.20596408911842
873,9,1,68.20596408911842
874,10,1,68.20596408911842
874,10,1,68.20596408911842
875,11,1,68.20596408911842
875,11,1,68.20596408911842
876,12,1,68.20596408911842
876,12,1,68.20596408911842
877,13,1,68.20596408911842
877,13,1,68.20596408911842
878,14,1,68.20596408911842
878,14,1,68.20596408911842
879,15,1,68.20596408911842
879,15,1,68.20596408911842
880,16,1,68.20596408911842
880,16,1,68.20596408911842
881,17,1,68.20596408911842
881,17,1,68.20596408911842
882,18,1,68.20596408911842
882,18,1,68.20596408911842
883,19,1,68.20596408911842
883,19,1,68.20596408911842
884,20,1,68.20596408911842
884,20,1,68.20596408911842
885,21,2,68.20596408911842
885,21,1,68.20596408911842
886,22,2,68.20596408911842
886,22,1,68.20596408911842
887,23,2,68.20596408911842
887,23,1,68.20596408911842
888,0,2,68.20596408913697
888,0,1,68.20596408913697
889,1,2,68.20596408913697
889,1,1,68.20596408913697
890,2,2,68.20596408913697
890,2,1,68.20596408913697
891,3,2,68.20596408913697
891,3,1,68.20596408913697
892,4,1,68.20596408913697
892,4,1,68.20596408913697
893,5,1,68.20596408913697
893,5,1,68.20596408913697
894,6,1,68.20596408913697
894,6,1,68.20596408913697
895,7,1,68.20596408913697
895,7,1,68.20596408913697
896,8,1,68.20596408913697
896,8,1,68.20596408913697
897,9,1,68.20596408913697
897,9,1,68.20596408913697
898,10,1,68.20596408913697
898,10,1,68.20596408913697
899,11,1,68.20596408913697
899,11,1,68.20596408913697
900,12,1,68.20596408913697
900,12,1,68.20596408913697
901,13,1,68.20596408913697
901,13,1,68.20596408913697
902,14,1,68.20596408913697
902,14,1,68.20596408913697
903,15,1,68.20596408913697
903,15,1,68.20596408913697
904,16,1,68.20596408913697
904,16,1,68.20596408913697
905,17,1,68.20596408913697
905,17,1,68.20596408913697
906,18,1,68.20596408913697
906,18,1,68.20596408913697
907,19,1,68.20596408913697
907,19,1,68.20596408913697
908,20,1,68.20596408913697
908,20,1,68.20596408913697
909,21,2,68.20596408913697
909,21,1,68.20596408913697
910,22,2,68.20596408913697
910,22,1,68.20596408913697
911,23,2,68.20596408913697
911,23,1,68.20596408913697
912,0,2,68.20596408915551
912,0,1,68.20596408915551
913,1,2,68.20596408915551
913,1,1,68.20596408915551
914,2,2,68.20596408915551
914,2,1,68.20596408915551
915,3,2,68.20596408915551
915,3,1,68.20596408915551
916,4,1,68.20596408915551
916,4,1,68.20596408915551
917,5,1,68.20596408915551
917,5,1,68.20596408915551
918,6,1,68.20596408915551
918,6,1,68.20596408915551
919,7,1,68.20596408915551
919,7,1,68.20596408915551
920,8,1,68.20596408915551
920,8,1,68.20596408915551
921,9,1,68.20596408915551
921,9,1,68.20596408915551
922,10,1,68.20596408915551
922,10,1,68.20596408915551
923,11,1,68.20596408915551
923,11,1,68.20596408915551
924,12,1,68.20596408915551
924,12,1,68.20596408915551
925,13,1,68.20596408915551
925,13,1,68.20596408915551
926,14,1,68.20596408915551
926,14,1,68.20596408915551
927,15,1,68.20596408915551
927,15,1,68.20596408915551
928,16,1,68.20596408915551
928,16,1,68.20596408915551
929,17,1,68.20596408915551
929,17,1,68.20596408915551
930,18,1,68.20596408915551
930,18,1,68.20596408915551
931,19,1,68.20596408915551
931,19,1,68.20596408915551
932,20,1,68.20596408915551
932,20,1,68.20596408915551
933,21,2,68.20596408915551
933,21,1,68.20596408915551
934,22,2,68.20596408915551
934,22,1,68.20596408915551
935,23,2,68.20596408915551
935,23,1,68.20596408915551
936,0,2,68.20596408917406
936,0,1,68.20596408917406
937,1,2,68.20596408917406
937,1,1,68.20596408917406
938,2,2,68.20596408917406
938,2,1,68.20596408917406
939,3,2,68.20596408917406
939,3,1,68.20596408917406
940,4,1,68.20596408917406
940,4,1,68.20596408917406
941,5,1,68.20596408917406
941,5,1,68.20596408917406
942,6,1,68.20596408917406
942,6,1,68.20596408917406
943,7,1,68.20596408917406
943,7,1,68.20596408917406
944,8,1,68.20596408917406
944,8,1,68.20596408917406
945,9,1,68.20596408917406
945,9,1,68.20596408917406
946,10,1,68.20596408917406
946,10,1,68.20596408917406
947,11,1,68.20596408917406
947,11,1,68.20596408917406
948,12,1,68.20596408917406
948,12,1,68.20596408917406
949,13,1,68.20596408917406
949,13,1,68.20596408917406
950,14,1,68.20596408917406
950,14,1,68.20596408917406
951,15,1,68.20596408917406
951,15,1,68.20596408917406
952,16,1,68.20596408917406
952,16,1,68.20596408917406
953,17,1,68.20596408917406
953,17,1,68.20596408917406
954,18,1,68.20596408917406
954,18,1,68.20596408917406
955,19,1,68.20596408917406
955,19,1,68.20596408917406
956,20,1,68.20596408917406
956,20,1,68.20596408917406
957,21,2,68.20596408917406
957,21,1,68.20596408917406
958,22,2,68.20596408917406
958,22,1,68.20596408917406
959,23,2,68.20596408917406
959,23,1,68.20596408917406
960,0,2,68.2059640891926
960,0,1,68.2059640891926
961,1,2,68.2059640891926
961,1,1,68.2059640891926
962,2,2,68.2059640891926
962,2,1,68.2059640891926
963,3,2,68.2059640891926
963,3,1,68.2059640891926
964,4,1,68.2059640891926
964,4,1,68.2059640891926
965,5,1,68.2059640891926
965,5,1,68.2059640891926
966,6,1,68.2059640891926
966,6,1,68.2059640891926
967,7,1,68.2059640891926
967,7,1,68.2059640891926
968,8,1,68.2059640891926
968,8,1,68.2059640891926
969,9,1,68.2059640891926
969,9,1,68.2059640891926
970,10,1,68.2059640891926
970,10,1,68.2059640891926
971,11,1,68.2059640891926
971,11,1,68.2059640891926
972,12,1,68.2059640891926
972,12,1,68.2059640891926
973,13,1,68.2059640891926
973,13,1,68.2059640891926
974,14,1,68.2059640891926
974,14,1,68.2059640891926
975,15,1,68.2059640891926
975,15,1,68.2059640891926
976,16,1,68.2059640891926
976,16,1,68.2059640891926
977,17,1,68.2059640891926
977,17,1,68.2059640891926
978,18,1,68.2059640891926
978,18,1,68.2059640891926
979,19,1,68.2059640891926
979,19,1,68.2059640891926
980,20,1,68.2059640891926
980,20,1,68.2059640891926
981,21,2,68.2059640891926
981,21,1,68.2059640891926
982,22,2,68.2059640891926
982,22,1,68.2059640891926
983,23,2,68.2059640891926
983,23,1,68.2059640891926
984,0,2,68.20596408921115
984,0,1,68.20596408921115
985,1,2,68.20596408921115
985,1,1,68.20596408921115
986,2,2,68.20596408921115
986,2,1,68.20596408921115
987,3,2,68.20596408921115
987,3,1,68.20596408921115
988,4,1,68.20596408921115
988,4,1,68.20596408921115
989,5,1,68.20596408921115
989,5,1,68.20596408921115
990,6,1,68.20596408921115
990,6,1,68.20596408921115
991,7,1,68.20596408921115
991,7,1,68.20596408921115
992,8,1,68.20596408921115
992,8,1,68.20596408921115
993,9,1,68.20596408921115
993,9,1,68.20596408921115
994,10,1,68.20596408921115
994,10,1,68.20596408921115
995,11,1,68.20596408921115
995,11,1,68.20596408921115
996,12,1,68.20596408921115
996,12,1,68.20596408921115
997,13,1,68.20596408921115
997,13,1,68.20596408921115
998,14,1,68.20596408921115
998,14,1,68.20596408921115
999,15,1,68.20596408921115
999,15,1,68.20596408921115
1000,16,1,68.20596408921115
1000,16,1,68.20596408921115
1001,17,1,68.20596408921115
1001,17,1,68.20596408921115
1002,18,1,68.20596408921115
1002,18,1,68.20596408921115
1003,19,1,68.20596408921115
1003,19,1,68.20596408921115
1004,20,1,68.20596408921115
1004,20,1,68.20596408921115
1005,21,2,68.20596408921115
1005,21,1,68.20596408921115
1006,22,2,68.20596408921115
1006,22,1,68.20596408921115
1007,23,2,68.20596408921115
1007,23,1,68.20596408921115
1008,0,2,68.2059640892297
1008,0,1,68.2059640892297
1009,1,2,68.2059640892297
1009,1,1,68.2059640892297
1010,2,2,68.2059640892297
1010,2,1,68.2059640892297
1011,3,2,68.2059640892297
1011,3,1,68.2059640892297
1012,4,1,68.2059640892297
1012,4,1,68.2059640892297
1013,5,1,68.2059640892297
1013,5,1,68.2059640892297
1014,6,1,68.2059640892297
1014,6,1,68.2059640892297
1015,7,1,68.2059640892297
1015,7,1,68.2059640892297
1016,8,1,68.2059640892297
1016,8,1,68.2059640892297
1017,9,1,68.2059640892297
1017,9,1,68.2059640892297
1018,10,1,68.2059640892297
1018,10,1,68.2059640892297
1019,11,1,68.2059640892297
1019,11,1,68.2059640892297
1020,12,1,68.2059640892297
1020,12,1,68.2059640892297
1021,13,1,68.2059640892297
1021,13,1,68.2059640892297
1022,14,1,68.2059640892297
1022,14,1,68.2059640892297
1023,15,1,68.2059640892297
1023,15,1,68.2059640892297
1024,16,1,68.2059640892297
1024,16,1,68.2059640892297
1025,17,1,68.2059640892297
1025,17,1,68.2059640892297
1026,18,1,68.2059640892297
1026,18,1,68.2059640892297
1027,19,1,68.2059640892297
1027,19,1,68.2059640892297
1028,20,1,68.2059640892297
1028,20,1,68.2059640892297
1029,21,2,68.2059640892297
1029,21,1,68.2059640892297
1030,22,2,68.2059640892297
1030,22,1,68.2059640892297
1031,23,2,68.2059640892297
1031,23,1,68.2059640892297
1032,0,2,68.20596408924824
1032,0,1,68.20596408924824
1033,1,2,68.20596408924824
1033,1,1,68.20596408924824
1034,2,2,68.20596408924824
1034,2,1,68.20596408924824
1035,3,2,68.20596408924824
1035,3,1,68.20596408924824
1036,4,1,68.20596408924824
1036,4,1,68.20596408924824
1037,5,1,68.20596408924824
1037,5,1,68.20596408924824
1038,6,1,68.20596408924824
1038,6,1,68.20596408924824
1039,7,1,68.20596408924824
1039,7,1,68.20596408924824
1040,8,1,68.20596408924824
1040,8,1,68.20596408924824
1041,9,1,68.20596408924824
1041,9,1,68.20596408924824
1042,10,1,68.20596408924824
1042,10,1,68.20596408924824
1043,11,1,68.20596408924824
1043,11,1,68.20596408924824
1044,12,1,68.20596408924824
1044,12,1,68.20596408924824
1045,13,1,68.20596408924824
1045,13,1,68.20596408924824
1046,14,1,68.20596408924824
1046,14,1,68.20596408924824
1047,15,1,68.20596408924824
1047,15,1,68.20596408924824
1048,16,1,68.20596408924824
1048,16,1,68.20596408924824
1049,17,1,68.20596408924824
1049,17,1,68.20596408924824
1050,18,1,68.20596408924824
1050,18,1,68.20596408924824
1051,19,1,68.20596408924824
1051,19,1,68.20596408924824
1052,20,1,68.20596408924824
1052,20,1,68.20596408924824
1053,21,2,68.20596408924824
1053,21,1,68.20596408924824
1054,22,2,68.20596408924824
1054,22,1,68.20596408924824
1055,23,2,68.20596408924824
1055,23,1,68.20596408924824
1056,0,2,68.20596408926679
1056,0,1,68.20596408926679
1057,1,2,68.20596408926679
1057,1,1,68.20596408926679
1058,2,2,68.20596408926679
1058,2,1,68.20596408926679
1059,3,2,68.20596408926679
1059,3,1,68.20596408926679
1060,4,1,68.20596408926679
1060,4,1,68.20596408926679
1061,5,1,68.20596408926679
1061,5,1,68.20596408926679
1062,6,1,68.20596408926679
1062,6,1,68.20596408926679
1063,7,1,68.20596408926679
1063,7,1,68.20596408926679
1064,8,1,68.20596408926679
1064,8,1,68.20596408926679
1065,9,1,68.20596408926679
1065,9,1,68.20596408926679
1066,10,1,68.20596408926679
1066,10,1,68.20596408926679
1067,11,1,68.20596408926679
1067,11,1,68.20596408926679
1068,12,1,68.20596408926679
1068,12,1,68.20596408926679
1069,13,1,68.20596408926679
1069,13,1,68.20596408926679
1070,14,1,68.20596408926679
1070,14,1,68.20596408926679
1071,15,1,68.20596408926679
1071,15,1,68.20596408926679
1072,16,1,68.20596408926679
1072,16,1,68.20596408926679
1073,17,1,68.20596408926679
1073,17,1,68.20596408926679
1074,18,1,68.20596408926679
1074,18,1,68.20596408926679
1075,19,1,68.20596408926679
1075,19,1,68.20596408926679
1076,20,1,68.20596408926679
1076,20,1,68.20596408926679
1077,21,2,68.20596408926679
1077,21,1,68.20596408926679
1078,22,2,68.20596408926679
1078,22,1,68.20596408926679
1079,23,2,68.20596408926679
1079,23,1,68.20596408926679
1080,0,2,68.20596408928533
1080,0,1,68.20596408928533
1081,1,2,68.20596408928533
1081,1,1,68.20596408928533
1082,2,2,68.20596408928533
1082,2,1,68.20596408928533
1083,3,2,68.20596408928533
1083,3,1,68.20596408928533
1084,4,1,68.20596408928533
1084,4,1,68.20596408928533
1085,5,1,68.20596408928533
1085,5,1,68.20596408928533
1086,6,1,68.20596408928533
1086,6,1,68.20596408928533
1087,7,1,68.20596408928533
1087,7,1,68.20596408928533
1088,8,1,68.20596408928533
1088,8,1,68.20596408928533
1089,9,1,68.20596408928533
1089,9,1,68.20596408928533
1090,10,1,68.20596408928533
1090,10,1,68.20596408928533
1091,11,1,68.20596408928533
1091,11,1,68.20596408928533
1092,12,1,68.20596408928533
1092,12,1,68.20596408928533
1093,13,1,68.20596408928533
1093,13,1,68.20596408928533
1094,14,1,68.20596408928533
1094,14,1,68.20596408928533
1095,15,1,68.20596408928533
1095,15,1,68.20596408928533
1096,16,1,68.20596408928533
1096,16,1,68.20596408928533
1097,17,1,68.20596408928533
1097,17,1,68.20596408928533
1098,18,1,68.20596408928533
1098,18,1,68.20596408928533
1099,19,1,68.20596408928533
1099,19,1,68.20596408928533
1100,20,1,68.20596408928533
1100,20,1,68.20596408928533
1101,21,2,68.20596408928533
1101,21,1,68.20596408928533
1102,22,2,68.20596408928533
1102,22,1,68.20596408928533
1103,23,2,68.20596408928533
1103,23,1,68.20596408928533
1104,0,2,68.20596408930388
1104,0,1,68.20596408930388
1105,1,2,68.20596408930388
1105,1,1,68.20596408930388
1106,2,2,68.20596408930388
1106,2,1,68.20596408930388
1107,3,2,68.20596408930388
1107,3,1,68.20596408930388
1108,4,1,68.20596408930388
1108,4,1,68.20596408930388
1109,5,1,68.20596408930388
1109,5,1,68.20596408930388
1110,6,1,68.20596408930388
1110,6,1,68.20596408930388
1111,7,1,68.20596408930388
1111,7,1,68.20596408930388
1112,8,1,68.20596408930388
1112,8,1,68.20596408930388
1113,9,1,68.20596408930388
1113,9,1,68.20596408930388
1114,10,1,68.20596408930388
1114,10,1,68.20596408930388
1115,11,1,68.20596408930388
1115,11,1,68.20596408930388
1116,12,1,68.20596408930388
1116,12,1,68.20596408930388
1117,13,1,68.20596408930388
1117,13,1,68.20596408930388
1118,14,1,68.20596408930388
1118,14,1,68.20596408930388
1119,15,1,68.20596408930388
1119,15,1,68.20596408930388
1120,16,1,68.20596408930388
1120,16,1,68.20596408930388
1121,17,1,68.20596408930388
1121,17,1,68.20596408930388
1122,18,1,68.20596408930388
1122,18,1,68.20596408930388
1123,19,1,68.20596408930388
1123,19,1,68.20596408930388
1124,20,1,68.20596408930388
1124,20,1,68.20596408930388
1125,21,2,68.20596408930388
1125,21,1,68.20596408930388
1126,22,2,68.20596408930388
1126,22,1,68.20596408930388
1127,23,2,68.20596408930388
1127,23,1,68.20596408930388
1128,0,2,68.20596408932242
1128,0,1,68.20596408932242
1129,1,2,68.20596408932242
1129,1,1,68.20596408932242
1130,2,2,68.20596408932242
1130,2,1,68.20596408932242
1131,3,2,68.20596408932242
1131,3,1,68.20596408932242
1132,4,1,68.20596408932242
1132,4,1,68.20596408932242
1133,5,1,68.20596408932242
1133,5,1,68.20596408932242
1134,6,1,68.20596408932242
1134,6,1,68.20596408932242
1135,7,1,68.20596408932242
1135,7,1,68.20596408932242
1136,8,1,68.20596408932242
1136,8,1,68.20596408932242
1137,9,1,68.20596408932242
1137,9,1,68.20596408932242
1138,10,1,68.20596408932242
1138,10,1,68.20596408932242
1139,11,1,68.20596408932242
1139,11,1,68.20596408932242
1140,12,1,68.20596408932242
1140,12,1,68.20596408932242
1141,13,1,68.20596408932242
1141,13,1,68.20596408932242
1142,14,1,68.20596408932242
1142,14,1,68.20596408932242
1143,15,1,68.20596408932242
1143,15,1,68.20596408932242
1144,16,1,68.20596408932242
1144,16,1,68.20596408932242
1145,17,1,68.20596408932242
1145,17,1,68.20596408932242
1146,18,1,68.20596408932242
1146,18,1,68.20596408932242
1147,19,1,68.20596408932242
1147,19,1,68.20596408932242
1148,20,1,68.20596408932242
1148,20,1,68.20596408932242
1149,21,2,68.20596408932242
1149,21,1,68.20596408932242
1150,22,2,68.20596408932242
1150,22,1,68.20596408932242
1151,23,2,68.20596408932242
1151,23,1,68.20596408932242
1152,0,2,68.20596408934097
1152,0,1,68.20596408934097
1153,1,2,68.20596408934097
1153,1,1,68.20596408934097
1154,2,2,68.20596408934097
1154,2,1,68.20596408934097
1155,3,2,68.20596408934097
1155,3,1,68.20596408934097
1156,4,1,68.20596408934097
1156,4,1,68.20596408934097
1157,5,1,68.20596408934097
1157,5,1,68.20596408934097
1158,6,1,68.20596408934097
1158,6,1,68.20596408934097
1159,7,1,68.20596408934097
1159,7,1,68.20596408934097
1160,8,1,68.20596408934097
1160,8,1,68.20596408934097
1161,9,1,68.20596408934097
1161,9,1,68.20596408934097
1162,10,1,68.20596408934097
1162,10,1,68.20596408934097
1163,11,1,68.20596408934097
1163,11,1,68.20596408934097
1164,12,1,68.20596408934097
1164,12,1,68.20596408934097
1165,13,1,68.20596408934097
1165,13,1,68.20596408934097
1166,14,1,68.20596408934097
1166,14,1,68.20596408934097
1167,15,1,68.20596408934097
1167,15,1,68.20596408934097
1168,16,1,68.20596408934097
1168,16,1,68.20596408934097
1169,17,1,68.20596408934097
1169,17,1,68.20596408934097
1170,18,1,68.20596408934097
1170,18,1,68.20596408934097
1171,19,1,68.20596408934097
1171,19,1,68.20596408934097
1172,20,1,68.20596408934097
1172,20,1,68.20596408934097
1173,21,2,68.20596408934097
1173,21,1,68.20596408934097
1174,22,2,68.20596408934097
1174,22,1,68.20596408934097
1175,23,2,68.20596408934097
1175,23,1,68.20596408934097
1176,0,2,68.20596408935951
1176,0,1,68.20596408935951
1177,1,2,68.20596408935951
1177,1,1,68.20596408935951
1178,2,2,68.20596408935951
1178,2,1,68.20596408935951
1179,3,2,68.20596408935951
1179,3,1,68.20596408935951
1180,4,1,68.20596408935951
1180,4,1,68.20596408935951
1181,5,1,68.20596408935951
1181,5,1,68.20596408935951
1182,6,1,68.20596408935951
1182,6,1,68.20596408935951
1183,7,1,68.20596408935951
1183,7,1,68.20596408935951
1184,8,1,68.20596408935951
1184,8,1,68.20596408935951
1185,9,1,68.20596408935951
1185,9,1,68.20596408935951
1186,10,1,68.20596408935951
1186,10,1,68.20596408935951
1187,11,1,68.20596408935951
1187,11,1,68.20596408935951
1188,12,1,68.20596408935951
1188,12,1,68.20596408935951
1189,13,1,68.20596408935951
1189,13,1,68.20596408935951
1190,14,1,68.20596408935951
1190,14,1,68.20596408935951
1191,15,1,68.20596408935951
1191,15,1,68.20596408935951
1192,16,1,68.20596408935951
1192,16,1,68.20596408935951
1193,17,1,68.20596408935951
1193,17,1,68.20596408935951
1194,18,1,68.20596408935951
1194,18,1,68.20596408935951
1195,19,1,68.20596408935951
1195,19,1,68.20596408935951
1196,20,1,68.20596408935951
1196,20,1,68.20596408935951
1197,21,2,68.20596408935951
1197,21,1,68.20596408935951
1198,22,2,68.20596408935951
1198,22,1,68.20596408935951
1199,23,2,68.20596408935951
1199,23,1,68.20596408935951
1200,0,2,68.20596408937806
1200,0,1,68.20596408937806
1201,1,2,68.20596408937806
1201,1,1,68.20596408937806
1202,2,2,68.20596408937806
1202,2,1,68.20596408937806
1203,3,2,68.20596408937806
1203,3,1,68.20596408937806
1204,4,1,68.20596408937806
1204,4,1,68.20596408937806
1205,5,1,68.20596408937806
1205,5,1,68.20596408937806
1206,6,1,68.20596408937806
1206,6,1,68.20596408937806
1207,7,1,68.20596408937806
1207,7,1,68.20596408937806
1208,8,1,68.20596408937806
1208,8,1,68.20596408937806
1209,9,1,68.20596408937806
1209,9,1,68.20596408937806
1210,10,1,68.20596408937806
1210,10,1,68.20596408937806
1211,11,1,68.20596408937806
1211,11,1,68.20596408937806
1212,12,1,68.20596408937806
1212,12,1,68.20596408937806
1213,13,1,68.20596408937806
1213,13,1,68.20596408937806
1214,14,1,68.20596408937806
1214,14,1,68.20596408937806
1215,15,1,68.20596408937806
1215,15,1,68.20596408937806
1216,16,1,68.20596408937806
1216,16,1,68.20596408937806
1217,17,1,68.20596408937806
1217,17,1,68.20596408937806
1218,18,1,68.20596408937806
1218,18,1,68.20596408937806
1219,19,1,68.20596408937806
1219,19,1,68.20596408937806
1220,20,1,68.20596408937806
1220,20,1,68.20596408937806
1221,21,2,68.20596408937806
1221,21,1,68.20596408937806
1222,22,2,68.20596408937806
1222,22,1,68.20596408937806
1223,23,2,68.20596408937806
1223,23,1,68.20596408937806
1224,0,2,68.2059640893966
1224,0,1,68.2059640893966
1225,1,2,68.2059640893966
1225,1,1,68.2059640893966
1226,2,2,68.2059640893966
1226,2,1,68.2059640893966
1227,3,2,68.2059640893966
1227,3,1,68.2059640893966
1228,4,1,68.2059640893966
1228,4,1,68.2059640893966
1229,5,1,68.2059640893966
1229,5,1,68.2059640893966
1230,6,1,68.2059640893966
1230,6,1,68.2059640893966
1231,7,1,68.2059640893966
1231,7,1,68.2059640893966
1232,8,1,68.2059640893966
1232,8,1,68.2059640893966
1233,9,1,68.2059640893966
1233,9,1,68.2059640893966
1234,10,1,68.2059640893966
1234,10,1,68.2059640893966
1235,11,1,68.2059640893966
1235,11,1,68.2059640893966
1236,12,1,68.2059640893966
1236,12,1,68.2059640893966
1237,13,1,68.2059640893966
1237,13,1,68.2059640893966
1238,14,1,68.2059640893966
1238,14,1,68.2059640893966
1239,15,1,68.2059640893966
1239,15,1,68.2059640893966
1240,16,1,68.2059640893966
1240,16,1,68.2059640893966
1241,17,1,68.2059640893966
1241,17,1,68.2059640893966
1242,18,1,68.2059640893966
1242,18,1,68.2059640893966
1243,19,1,68.2059640893966
1243,19,1,68.2059640893966
1244,20,1,68.2059640893966
1244,20,1,68.2059640893966
1245,21,2,68.2059640893966
1245,21,1,68.2059640893966
1246,22,2,68.2059640893966
1246,22,1,68.2059640893966
1247,23,2,68.2059640893966
1247,23,1,68.2059640893966
1248,0,2,68.20596408941515
1248,0,1,68.20596408941515
1249,1,2,68.20596408941515
1249,1,1,68.20596408941515
1250,2,2,68.20596408941515
1250,2,1,68.20596408941515
1251,3,2,68.20596408941515
1251,3,1,68.20596408941515
1252,4,1,68.20596408941515
1252,4,1,68.20596408941515
1253,5,1,68.20596408941515
1253,5,1,68.20596408941515
1254,6,1,68.20596408941515
1254,6,1,68.20596408941515
1255,7,1,68.20596408941515
1255,7,1,68.20596408941515
1256,8,1,68.20596408941515
1256,8,1,68.20596408941515
1257,9,1,68.20596408941515
1257,9,1,68.20596408941515
1258,10,1,68.20596408941515
1258,10,1,68.20596408941515
1259,11,1,68.20596408941515
1259,11,1,68.20596408941515
1260,12,1,68.20596408941515
1260,12,1,68.20596408941515
1261,13,1,68.20596408941515
1261,13,1,68.20596408941515
1262,14,1,68.20596408941515
1262,14,1,68.20596408941515
1263,15,1,68.20596408941515
1263,15,1,68.20596408941515
1264,16,1,68.20596408941515
1264,16,1,68.20596408941515
1265,17,1,68.20596408941515
1265,17,1,68.20596408941515
1266,18,1,68.20596408941515
1266,18,1,68.20596408941515
1267,19,1,68.20596408941515
1267,19,1,68.20596408941515
1268,20,1,68.20596408941515
1268,20,1,68.20596408941515
1269,21,2,68.20596408941515
1269,21,1,68.20596408941515
1270,22,2,68.20596408941515
1270,22,1,68.20596408941515
1271,23,2,68.20596408941515
1271,23,1,68.20596408941515
1272,0,2,68.20596408943369
1272,0,1,68.20596408943369
1273,1,2,68.20596408943369
1273,1,1,68.20596408943369
1274,2,2,68.20596408943369
1274,2,1,68.20596408943369
1275,3,2,68.20596408943369
1275,3,1,68.20596408943369
1276,4,1,68.20596408943369
1276,4,1,68.20596408943369
1277,5,1,68.20596408943369
1277,5,1,68.20596408943369
1278,6,1,68.20596408943369
1278,6,1,68.20596408943369
1279,7,1,68.20596408943369
1279,7,1,68.20596408943369
1280,8,1,68.20596408943369
1280,8,1,68.20596408943369
1281,9,1,68.20596408943369
1281,9,1,68.20596408943369
1282,10,1,68.20596408943369
1282,10,1,68.20596408943369
1283,11,1,68.20596408943369
1283,11,1,68.20596408943369
1284,12,1,68.20596408943369
1284,12,1,68.20596408943369
1285,13,1,68.20596408943369
1285,13,1,68.20596408943369
1286,14,1,68.20596408943369
1286,14,1,68.20596408943369
1287,15,1,68.20596408943369
1287,15,1,68.20596408943369
1288,16,1,68.20596408943369
1288,16,1,68.20596408943369
1289,17,1,68.20596408943369
1289,17,1,68.20596408943369
1290,18,1,68.20596408943369
1290,18,1,68.20596408943369
1291,19,1,68.20596408943369
1291,19,1,68.20596408943369
1292,20,1,68.20596408943369
1292,20,1,68.20596408943369
1293,21,2,68.20596408943369
1293,21,1,68.20596408943369
1294,22,2,68.20596408943369
1294,22,1,68.20596408943369
1295,23,2,68.20596408943369
1295,23,1,68.20596408943369
1296,0,2,68.20596408945224
1296,0,1,68.20596408945224
1297,1,2,68.20596408945224
1297,1,1,68.20596408945224
1298,2,2,68.20596408945224
1298,2,1,68.20596408945224
1299,3,2,68.20596408945224
1299,3,1,68.20596408945224
1300,4,1,68.20596408945224
1300,4,1,68.20596408945224
1301,5,1,68.20596408945224
1301,5,1,68.20596408945224
1302,6,1,68.20596408945224
1302,6,1,68.20596408945224
1303,7,1,68.20596408945224
1303,7,1,68.20596408945224
1304,8,1,68.20596408945224
1304,8,1,68.20596408945224
1305,9,1,68.20596408945224
1305,9,1,68.20596408945224
1306,10,1,68.20596408945224
1306,10,1,68.20596408945224
1307,11,1,68.20596408945224
1307,11,1,68.20596408945224
1308,12,1,68.20596408945224
1308,12,1,68.20596408945224
1309,13,1,68.20596408945224
1309,13,1,68.20596408945224
1310,14,1,68.20596408945224
1310,14,1,68.20596408945224
1311,15,1,68.20596408945224
1311,15,1,68.20596408945224
1312,16,1,68.20596408945224
1312,16,1,68.20596408945224
1313,17,1,68.20596408945224
1313,17,1,68.20596408945224
1314,18,1,68.20596408945224
1314,18,1,68.20596408945224
1315,19,1,68.20596408945224
1315,19,1,68.20596408945224
1316,20,1,68.20596408945224
1316,20,1,68.20596408945224
1317,21,2,68.20596408945224
1317,21,1,68.20596408945224
1318,22,2,68.20596408945224
1318,22,1,68.20596408945224
1319,23,2,68.20596408945224
1319,23,1,68.20596408945224
1320,0,2,68.20596408947078
1320,0,1,68.20596408947078
1321,1,2,68.20596408947078
1321,1,1,68.20596408947078
1322,2,2,68.20596408947078
1322,2,1,68.20596408947078
1323,3,2,68.20596408947078
1323,3,1,68.20596408947078
1324,4,1,68.20596408947078
1324,4,1,68.20596408947078
1325,5,1,68.20596408947078
1325,5,1,68.20596408947078
1326,6,1,68.20596408947078
1326,6,1,68.20596408947078
1327,7,1,68.20596408947078
1327,7,1,68.20596408947078
1328,8,1,68.20596408947078
1328,8,1,68.20596408947078
1329,9,1,68.20596408947078
1329,9,1,68.20596408947078
1330,10,1,68.20596408947078
1330,10,1,68.20596408947078
1331,11,1,68.20596408947078
1331,11,1,68.20596408947078
1332,12,1,68.20596408947078
1332,12,1,68.20596408947078
1333,13,1,68.20596408947078
1333,13,1,68.20596408947078
1334,14,1,68.20596408947078
1334,14,1,68.20596408947078
1335,15,1,68.20596408947078
1335,15,1,68.20596408947078
1336,16,1,68.20596408947078
1336,16,1,68.20596408947078
1337,17,1,68.20596408947078
1337,17,1,68.20596408947078
1338,18,1,68.20596408947078
1338,18,1,68.20596408947078
1339,19,1,68.20596408947078
1339,19,1,68.20596408947078
1340,20,1,68.20596408947078
1340,20,1,68.20596408947078
1341,21,2,68.20596408947078
1341,21,1,68.20596408947078
1342,22,2,68.20596408947078
1342,22,1,68.20596408947078
1343,23,2,68.20596408947078
1343,23,1,68.20596408947078
1344,0,2,68.20596408948933
1344,0,1,68.20596408948933
1345,1,2,68.20596408948933
1345,1,1,68.20596408948933
1346,2,2,68.20596408948933
1346,2,1,68.20596408948933
1347,3,2,68.20596408948933
1347,3,1,68.20596408948933
1348,4,1,68.20596408948933
1348,4,1,68.20596408948933
1349,5,1,68.20596408948933
1349,5,1,68.20596408948933
1350,6,1,68.20596408948933
1350,6,1,68.20596408948933
1351,7,1,68.20596408948933
1351,7,1,68.20596408948933
1352,8,1,68.20596408948933
1352,8,1,68.20596408948933
1353,9,1,68.20596408948933
1353,9,1,68.20596408948933
1354,10,1,68.20596408948933
1354,10,1,68.20596408948933
1355,11,1,68.20596408948933
1355,11,1,68.20596408948933
1356,12,1,68.20596408948933
1356,12,1,68.20596408948933
1357,13,1,68.20596408948933
1357,13,1,68.20596408948933
1358,14,1,68.20596408948933
1358,14,1,68.20596408948933
1359,15,1,68.20596408948933
1359,15,1,68.20596408948933
1360,16,1,68.20596408948933
1360,16,1,68.20596408948933
1361,17,1,68.20596408948933
1361,17,1,68.20596408948933
1362,18,1,68.20596408948933
1362,18,1,68.20596408948933
1363,19,1,68.20596408948933
1363,19,1,68.20596408948933
1364,20,1,68.20596408948933
1364,20,1,68.20596408948933
1365,21,2,68.20596408948933
1365,21,1,68.20596408948933
1366,22,2,68.20596408948933
1366,22,1,68.20596408948933
1367,23,2,68.20596408948933
1367,23,1,68.20596408948933
1368,0,2,68.20596408950787
1368,0,1,68.20596408950787
1369,1,2,68.20596408950787
1369,1,1,68.20596408950787
1370,2,2,68.20596408950787
1370,2,1,68.20596408950787
1371,3,2,68.20596408950787
1371,3,1,68.20596408950787
1372,4,1,68.20596408950787
1372,4,1,68.20596408950787
1373,5,1,68.20596408950787
1373,5,1,68.20596408950787
1374,6,1,68.20596408950787
1374,6,1,68.20596408950787
1375,7,1,68.20596408950787
1375,7,1,68.20596408950787
1376,8,1,68.20596408950787
1376,8,1,68.20596408950787
