cycle,hour_cyc,stp,DENFR
0,0,0,[0.0,0.0,0.0,0.0,0.0,0.0,0.0,0.0,0.0,0.0,0.0,0.0,0.0,0.0,0.0,0.0,0.0,0.0,0.0,0.0]
0,0,0,[0.0,0.0,0.0,0.0,0.0,0.0,0.0,0.0,0.0,0.0,0.0,0.0,0.0,0.0,0.0,0.0,0.0,0.0,0.0,0.0]
0,0,1,[0.0,0.0,0.0,0.0,0.0,0.0,0.0,0.0,0.0,0.0,0.0,0.0,0.0,0.0,0.0,0.0,0.0,0.0,0.0,0.0]
24,0,1,[0.0,0.0,0.0,0.0,0.0,0.0,0.0,0.0,0.0,0.0,0.0,0.0,0.0,0.0,0.0,0.0,0.0,0.0,0.0,0.0]
48,0,1,[0.0,0.0,0.0,0.0,0.0,0.0,0.0,0.0,0.0,0.0,0.0,0.0,0.0,0.0,0.0,0.0,0.0,0.0,0.0,0.0]
72,0,1,[0.0,0.0,0.0,0.0,0.0,0.0,0.0,0.0,0.0,0.0,0.0,0.0,0.0,0.0,0.0,0.0,0.0,0.0,0.0,0.0]
96,0,1,[0.0,0.0,0.0,0.0,0.0,0.0,0.0,0.0,0.0,0.0,0.0,0.0,0.0,0.0,0.0,0.0,0.0,0.0,0.0,0.0]
120,0,1,[0.0,0.0,0.0,0.0,0.0,0.0,0.0,0.0,0.0,0.0,0.0,0.0,0.0,0.0,0.0,0.0,0.0,0.0,0.0,0.0]
144,0,1,[0.0,0.0,0.0,0.0,0.0,0.0,0.0,0.0,0.0,0.0,0.0,0.0,0.0,0.0,0.0,0.0,0.0,0.0,0.0,0.0]
168,0,1,[0.0,0.0,0.0,0.0,0.0,0.0,0.0,0.0,0.0,0.0,0.0,0.0,0.0,0.0,0.0,0.0,0.0,0.0,0.0,0.0]
192,0,1,[0.0,0.0,0.0,0.0,0.0,0.0,0.0,0.0,0.0,0.0,0.0,0.0,0.0,0.0,0.0,0.0,0.0,0.0,0.0,0.0]
216,0,1,[0.0,0.0,0.0,0.0,0.0,0.0,0.0,0.0,0.0,0.0,0.0,0.0,0.0,0.0,0.0,0.0,0.0,0.0,0.0,0.0]
240,0,1,[0.0,0.0,0.0,0.0,0.0,0.0,0.0,0.0,0.0,0.0,0.0,0.0,0.0,0.0,0.0,0.0,0.0,0.0,0.0,0.0]
264,0,1,[0.0,0.0,0.0,0.0,0.0,0.0,0.0,0.0,0.0,0.0,0.0,0.0,0.0,0.0,0.0,0.0,0.0,0.0,0.0,0.0]
288,0,1,[0.0,0.0,0.0,0.0,0.0,0.0,0.0,0.0,0.0,0.0,0.0,0.0,0.0,0.0,0.0,0.0,0.0,0.0,0.0,0.0]
312,0,1,[0.0,0.0,0.0,0.0,0.0,0.0,0.0,0.0,0.0,0.0,0.0,0.0,0.0,0.0,0.0,0.0,0.0,0.0,0.0,0.0]
336,0,1,[0.0,0.0,0.0,0.0,0.0,0.0,0.0,0.0,0.0,0.0,0.0,0.0,0.0,0.0,0.0,0.0,0.0,0.0,0.0,0.0]
360,0,1,[0.0,0.0,0.0,0.0,0.0,0.0,0.0,0.0,0.0,0.0,0.0,0.0,0.0,0.0,0.0,0.0,0.0,0.0,0.0,0.0]
384,0,1,[0.0,0.0,0.0,0.0,0.0,0.0,0.0,0.0,0.0,0.0,0.0,0.0,0.0,0.0,0.0,0.0,0.0,0.0,0.0,0.0]
408,0,1,[0.0,0.0,0.0,0.0,0.0,0.0,0.0,0.0,0.0,0.0,0.0,0.0,0.0,0.0,0.0,0.0,0.0,0.0,0.0,0.0]
432,0,1,[0.0,0.0,0.0,0.0,0.0,0.0,0.0,0.0,0.0,0.0,0.0,0.0,0.0,0.0,0.0,0.0,0.0,0.0,0.0,0.0]
456,0,1,[0.0,0.0,0.0,0.0,0.0,0.0,0.0,0.0,0.0,0.0,0.0,0.0,0.0,0.0,0.0,0.0,0.0,0.0,0.0,0.0]
480,0,1,[0.0,0.0,0.0,0.0,0.0,0.0,0.0,0.0,0.0,0.0,0.0,0.0,0.0,0.0,0.0,0.0,0.0,0.0,0.0,0.0]
504,0,1,[0.0,0.0,0.0,0.0,0.0,0.0,0.0,0.0,0.0,0.0,0.0,0.0,0.0,0.0,0.0,0.0,0.0,0.0,0.0,0.0]
528,0,1,[0.0,0.0,0.0,0.0,0.0,0.0,0.0,0.0,0.0,0.0,0.0,0.0,0.0,0.0,0.0,0.0,0.0,0.0,0.0,0.0]
552,0,1,[0.0,0.0,0.0,0.0,0.0,0.0,0.0,0.0,0.0,0.0,0.0,0.0,0.0,0.0,0.0,0.0,0.0,0.0,0.0,0.0]
576,0,1,[0.0,0.0,0.0,0.0,0.0,0.0,0.0,0.0,0.0,0.0,0.0,0.0,0.0,0.0,0.0,0.0,0.0,0.0,0.0,0.0]
600,0,1,[0.0,0.0,0.0,0.0,0.0,0.0,0.0,0.0,0.0,0.0,0.0,0.0,0.0,0.0,0.0,0.0,0.0,0.0,0.0,0.0]
624,0,1,[0.0,0.0,0.0,0.0,0.0,0.0,0.0,0.0,0.0,0.0,0.0,0.0,0.0,0.0,0.0,0.0,0.0,0.0,0.0,0.0]
648,0,1,[0.0,0.0,0.0,0.0,0.0,0.0,0.0,0.0,0.0,0.0,0.0,0.0,0.0,0.0,0.0,0.0,0.0,0.0,0.0,0.0]
672,0,1,[0.0,0.0,0.0,0.0,0.0,0.0,0.0,0.0,0.0,0.0,0.0,0.0,0.0,0.0,0.0,0.0,0.0,0.0,0.0,0.0]
696,0,1,[0.0,0.0,0.0,0.0,0.0,0.0,0.0,0.0,0.0,0.0,0.0,0.0,0.0,0.0,0.0,0.0,0.0,0.0,0.0,0.0]
720,0,1,[0.0,0.0,0.0,0.0,0.0,0.0,0.0,0.0,0.0,0.0,0.0,0.0,0.0,0.0,0.0,0.0,0.0,0.0,0.0,0.0]
744,0,1,[0.0,0.0,0.0,0.0,0.0,0.0,0.0,0.0,0.0,0.0,0.0,0.0,0.0,0.0,0.0,0.0,0.0,0.0,0.0,0.0]
768,0,1,[0.0,0.0,0.0,0.0,0.0,0.0,0.0,0.0,0.0,0.0,0.0,0.0,0.0,0.0,0.0,0.0,0.0,0.0,0.0,0.0]
792,0,1,[0.0,0.0,0.0,0.0,0.0,0.0,0.0,0.0,0.0,0.0,0.0,0.0,0.0,0.0,0.0,0.0,0.0,0.0,0.0,0.0]
816,0,1,[0.0,0.0,0.0,0.0,0.0,0.0,0.0,0.0,0.0,0.0,0.0,0.0,0.0,0.0,0.0,0.0,0.0,0.0,0.0,0.0]
840,0,1,[0.0,0.0,0.0,0.0,0.0,0.0,0.0,0.0,0.0,0.0,0.0,0.0,0.0,0.0,0.0,0.0,0.0,0.0,0.0,0.0]
864,0,1,[0.0,0.0,0.0,0.0,0.0,0.0,0.0,0.0,0.0,0.0,0.0,0.0,0.0,0.0,0.0,0.0,0.0,0.0,0.0,0.0]
888,0,1,[0.0,0.0,0.0,0.0,0.0,0.0,0.0,0.0,0.0,0.0,0.0,0.0,0.0,0.0,0.0,0.0,0.0,0.0,0.0,0.0]
912,0,1,[0.0,0.0,0.0,0.0,0.0,0.0,0.0,0.0,0.0,0.0,0.0,0.0,0.0,0.0,0.0,0.0,0.0,0.0,0.0,0.0]
936,0,1,[0.0,0.0,0.0,0.0,0.0,0.0,0.0,0.0,0.0,0.0,0.0,0.0,0.0,0.0,0.0,0.0,0.0,0.0,0.0,0.0]
960,0,1,[0.0,0.0,0.0,0.0,0.0,0.0,0.0,0.0,0.0,0.0,0.0,0.0,0.0,0.0,0.0,0.0,0.0,0.0,0.0,0.0]
984,0,1,[0.0000016800389757,0.00003058099025589,0.00027043277537839,0.00154788243621501,0.00644581900056237,0.02081258862432821,0.05422580705067347,0.11714483575005197,0.2139814765408177,0.2934449879843418,0.3420486604250301,0.20358249818850674,0.0,0.0,0.0,0.0,0.0,0.0,0.0,0.0]
1008,0,1,[0.00000215302338651,0.00004036954468738,0.00036802981521979,0.00217344978479848,0.00934682478019932,0.03119566951549687,0.08409837875846009,0.18818054162293424,0.3564364226899195,0.5080713134923392,0.6162914954588885,0.3830432102017442,0.0,0.0,0.0,0.0,0.0,0.0,0.0,0.0]
1032,0,1,[0.00000204246382985,0.00003942974791904,0.00037037944097557,0.00225555258410529,0.01001084851356278,0.03451343622886082,0.09619967836080241,0.2227824767831212,0.4371819564580777,0.647728265435849,0.8177164459895644,0.5315513794104259,0.0,0.0,0.0,0.0,0.0,0.0,0.0,0.0]
1056,0,1,[0.00000169960160836,0.00003376635221586,0.00032665244698235,0.00205020585623325,0.00938564697595715,0.03340348629445763,0.0961985528287487,0.23039315793641202,0.46802585181717826,0.7206697570914324,0.9470205627114423,0.6446865580992172,0.0,0.0,0.0,0.0,0.0,0.0,0.0,0.0]
1080,0,1,[0.00000130819817801,0.000026735685336,0.00026623746480229,0.0017213360377351,0.00812347191650613,0.02982768738367658,0.08869634361293463,0.21953043507804676,0.4612992629960232,0.7380854276083273,1.009740043735351,0.7207025349842138,0.0,0.0,0.0,0.0,0.0,0.0,0.0,0.0]
1104,0,1,[0.00000095357370629,0.00002003899750736,0.00020532335180858,0.00136682157138109,0.00664617268288694,0.02516260013355665,0.07721230189529976,0.1973682044309883,0.42868980790797606,0.7125812191395436,1.0150349641707845,0.7604468233729034,0.0,0.0,0.0,0.0,0.0,0.0,0.0,0.0]
1128,0,1,[0.00000066650335652,0.00001439660943372,0.00015171414509018,0.00103939437060539,0.00520488943661229,0.02030820738067875,0.06426861919369307,0.1695597782632498,0.38043169096808593,0.6568152594906373,0.9743055005051765,0.7670077974452245,0.0,0.0,0.0,0.0,0.0,0.0,0.0,0.0]
1152,0,1,[0.00000045000169445,0.00000998731147845,0.00010820488629332,0.0007626000483105,0.00393096454858251,0.01579861792875094,0.05153583820929455,0.14025371999454928,0.3248510295588107,0.5824231659250999,0.899824726596396,0.7451749153058675,0.0,0.0,0.0,0.0,0.0,0.0,0.0,0.0]
1176,0,1,[0.00000029486290097,0.00000672169272478,0.0000748423908893,0.00054239855213339,0.00287675727390803,0.01190362928356701,0.04000487045639321,0.11224380087155235,0.2682212519246177,0.49929446786402987,0.8035433893662394,0.7008047782446778,0.0,0.0,0.0,0.0,0.0,0.0,0.0,0.0]
1200,0,1,[0.00000018809549447,0.00000440264883675,0.00005036175769977,0.00037516964177487,0.00204652375113095,0.00871479726787126,0.0301597200244685,0.08719643759149157,0.21485777214758084,0.4151994716853992,0.6961708734699663,0.6401817759222072,0.0,0.0,0.0,0.0,0.0,0.0,0.0,0.0]
1224,0,1,[0.00000011706644855,0.00000281255691553,0.00003304162569385,0.0002529230582218,0.00141845007418339,0.0062135254294506,0.0221334987444575,0.06590740135536105,0.16737209703245684,0.3357201684546171,0.586578948660898,0.5694470774355191,0.0,0.0,0.0,0.0,0.0,0.0,0.0,0.0]
1248,0,1,[0.00000007119634175,0.00000175515115652,0.00002116952264059,0.00016645287539205,0.00095938990098569,0.00432147810215624,0.01583809979099675,0.04855153950446478,0.12700972244966124,0.26441204009615893,0.4815226813723743,0.49414725867959314,0.0,0.0,0.0,0.0,0.0,0.0,0.0,0.0]
1272,0,1,[0.00000004235957374,0.00000107112893484,0.00001326004937356,0.00010706312054057,0.00063397578433219,0.00293536723865627,0.01106418549331077,0.03490196964129808,0.09400915931276654,0.20311457496290067,0.38563359421589616,0.41892861044407576,0.0,0.0,0.0,0.0,0.0,0.0,0.0,0.0]
1296,0,1,[0.00000002467717664,0.00000063979315121,0.000008126933367,0.0000673604750919,0.00040966242982915,0.00194902429080681,0.00755262730406841,0.02450669592833607,0.0679366739163992,0.15233324914213098,0.30161692540857066,0.3473795725069781,0.0,0.0,0.0,0.0,0.0,0.0,0.0,0.0]
1320,0,1,[0.00000001408656051,0.00000037425613846,0.00000487665558619,0.00004148211058982,0.0002590225056101,0.0012658653367181,0.00504126090941267,0.01681969247628355,0.04796903622639515,0.11162981588285865,0.23057717335032152,0.2820050277607179,0.0,0.0,0.0,0.0,0.0,0.0,0.0,0.0]
1344,0,1,[0.00000000788468569,0.00000021449622501,0.00000286632171212,0.00002501541484037,0.00016033015786232,0.00080461854632811,0.00329206692350781,0.01128977709392069,0.03311207138509345,0.0799761247489568,0.17240100332405695,0.2243040589865554,0.0,0.0,0.0,0.0,0.0,0.0,0.0,0.0]
1368,0,1,[0.00000000433117605,0.00000012048378836,0.0000016507179948,0.00001477712727243,0.000097187627126,0.00050070796250703,0.00210404349685927,0.00741419723161852,0.02235463971702081,0.05604532896776013,0.12613979531377478,0.17491742251046244,0.0,0.0,0.0,0.0,0.0,0.0,0.0,0.0]
1392,0,1,[0.00000000233803008,0.00000006634288515,0.00000093166451348,0.00000855278377628,0.00005770741003821,0.00030513027675672,0.00131649715575997,0.00476524980287126,0.01476541518673207,0.03843043316278147,0.09035124740124303,0.13381148340569426,0.0,0.0,0.0,0.0,0.0,0.0,0.0,0.0]
1416,0,1,[0.00000000124331668,0.00000003581719208,0.00000051539875351,0.00000485091837798,0.00003356971179983,0.00018212531582237,0.00080658462903356,0.00299808510030214,0.00954384104570106,0.02579219100860717,0.06337681275756635,0.10047006258142908,0.0,0.0,0.0,0.0,0.0,0.0,0.0,0.0]
1440,0,1,[0.00000000065448132,0.00000001896223672,0.00000027948235925,0.00000269633430151,0.0000191337373708,0.00010648471459081,0.00048394938988143,0.0018467245381785,0.0060377050030411,0.01694601633951811,0.04354673720102115,0.07407272847735609,0.0,0.0,0.0,0.0,0.0,0.0,0.0,0.0]
1464,0,1,[0.00000000034432926,0.00000000984653456,0.00000014855941997,0.00000146881264426,0.00001068572180356,0.00006098999125339,0.00028438029785594,0.00111377467117068,0.00373884112832646,0.01090126157591694,0.02931567434441418,0.05364584264945116,0.0,0.0,0.0,0.0,0.0,0.0,0.0,0.0]
1488,0,1,[0.00000000018442847,0.00000000501710679,0.00000007740544312,0.00000078413456987,0.00000584728224883,0.00003422039031319,0.00016366516127348,0.00065772528883201,0.00226642445023323,0.00686683805991754,0.0193389297643013,0.03817984681242081,0.0,0.0,0.0,0.0,0.0,0.0,0.0,0.0]
1512,0,1,[0.00000000010382321,0.00000000251067124,0.00000003953208274,0.00000041022017951,0.00000313491702528,0.00001880824638355,0.00009224836436177,0.00038031134014017,0.00134489254386726,0.00423574389193607,0.01250272684076261,0.02671205075271544,0.0,0.0,0.0,0.0,0.0,0.0,0.0,0.0]
1536,0,1,[0.00000000006418466,0.00000000123641068,0.00000001978877766,0.00000021028150415,0.00000164656564118,0.00001012543678352,0.00005091882554887,0.00021530787226361,0.00078119879281984,0.00255858867534207,0.00792233088685804,0.01837820232557168,0.0,0.0,0.0,0.0,0.0,0.0,0.0,0.0]
1560,0,1,[0.00000000004526351,0.00000000060186783,0.00000000970934967,0.00000010560530337,0.00000084714457604,0.00000533865000168,0.00002752147335015,0.00011933541284386,0.00044415340982312,0.00151341885971858,0.00492039507234842,0.01243841946414536,0.0,0.0,0.0,0.0,0.0,0.0,0.0,0.0]
1584,0,1,[0.0000000000365953,0.00000000029241224,0.00000000467037257,0.00000005195236845,0.00000042686712375,0.00000275637122086,0.00001456400960908,0.0000647465039665,0.00024714814673376,0.00087656090327318,0.00299541401814025,0.00828391058601052,0.0,0.0,0.0,0.0,0.0,0.0,0.0,0.0]
1608,0,1,[0.00000000003288981,0.0000000001446471,0.00000000220385144,0.00000002503182087,0.00000021062205423,0.0000013933369183,0.0000075445898498,0.00003438242414954,0.00013457884143748,0.00049708801778141,0.00178741081147909,0.00543069316298275,0.0,0.0,0.0,0.0,0.0,0.0,0.0,0.0]
1632,0,1,[0.00000000003153081,0.00000000007558522,0.00000000102190433,0.00000001181112697,0.00000010174190994,0.00000068944310292,0.00000382518946742,0.00001786706180959,0.00007170029122222,0.00027597209941118,0.00104542783292271,0.00350564595922431,0.0,0.0,0.0,0.0,0.0,0.0,0.0,0.0]
1656,0,1,[0.00000000003125276,0.00000000004400742,0.00000000046751681,0.00000000545743437,0.00000004810407937,0.00000033386046545,0.00000189774791359,0.00000908401376845,0.00003736865686508,0.00014997518232055,0.00059930669607409,0.00222905157466682,0.0,0.0,0.0,0.0,0.0,0.0,0.0,0.0]
1680,0,1,[0.0000000000314571,0.00000000002989311,0.00000000021302448,0.00000000246991729,0.0000000222560391,0.00000015817787813,0.00000092105755421,0.00000451762930948,0.00001904770865286,0.00007976776112896,0.00033671726673953,0.00139656803463916,0.0,0.0,0.0,0.0,0.0,0.0,0.0,0.0]
1704,0,1,[0.0000000000318671,0.00000000002373426,0.00000000009869093,0.00000000109584146,0.00000001007402548,0.00000007330289174,0.00000043720108981,0.00000219705360279,0.00000949339897379,0.00004151555736714,0.00018540092688539,0.00086248171104946,0.0,0.0,0.0,0.0,0.0,0.0,0.0,0.0]
1728,0,1,[0.00000000003235787,0.00000000002111663,0.00000000004840608,0.00000000047777842,0.0000000044605048,0.00000003321727076,0.00000020290600025,0.00000104459065278,0.00000462517860221,0.00002113888477351,0.00010003492847994,0.00052522496956293,0.0,0.0,0.0,0.0,0.0,0.0,0.0,0.0]
1752,0,1,[0.0000000000328745,0.00000000002003728,0.00000000002673195,0.00000000020594434,0.00000000193204036,0.00000001471444255,0.00000009204294762,0.00000048539396157,0.00000220209546655,0.00001052795669143,0.00005288617823295,0.00031551261249052,0.0,0.0,0.0,0.0,0.0,0.0,0.0,0.0]
1776,0,1,[0.00000000003339358,0.00000000001960834,0.0000000000175476,0.00000000008904272,0.00000000081913235,0.0000000063699634,0.00000004079637084,0.00000022036462109,0.00000102425177555,0.00000512732705431,0.00002739277304124,0.00018704178217012,0.0,0.0,0.0,0.0,0.0,0.0,0.0,0.0]
1800,0,1,[0.00000000003390554,0.00000000001944548,0.00000000001369004,0.00000000003986524,0.00000000034058663,0.00000000269432839,0.00000001766175558,0.00000009770896199,0.00000046525520453,0.0000024412264285,0.00001389892443975,0.00010946918954371,0.0,0.0,0.0,0.0,0.0,0.0,0.0,0.0]
1824,0,1,[0.00000000003440675,0.00000000001938645,0.00000000001205147,0.00000000001959734,0.00000000013960326,0.00000000111348203,0.00000000746570382,0.00000004229677022,0.00000020631433347,0.00000113598231683,0.00000690751543588,0.00006327947237451,0.0,0.0,0.0,0.0,0.0,0.0,0.0,0.0]
1848,0,1,[0.00000000003489606,0.00000000001936452,0.00000000001131571,0.00000000001137779,0.00000000005715685,0.00000000044986066,0.00000000308024065,0.00000001786840872,0.00000008927903275,0.00000051647470138,0.00000336200668889,0.00003614449950185,0.0,0.0,0.0,0.0,0.0,0.0,0.0,0.0]
1872,0,1,[0.0000000000353733,0.00000000001935312,0.0000000000109389,0.00000000000805996,0.00000000002410388,0.00000000017803864,0.00000000124013152,0.0000000073635762,0.00000003768497246,0.0000002293502077,0.00000160231831502,0.00002040909357303,0.0,0.0,0.0,0.0,0.0,0.0,0.0,0.0]
1896,0,1,[0.0000000000358387,0.00000000001934208,0.00000000001070188,0.00000000000668939,0.00000000001112645,0.00000000006942396,0.00000000048722661,0.00000000295892327,0.00000001550925909,0.00000009944238321,0.00000074766553741,0.00001139730607719,0.0,0.0,0.0,0.0,0.0,0.0,0.0,0.0]
1920,0,1,[0.00000000003629263,0.00000000001932778,0.00000000001051859,0.0000000000060752,0.00000000000610603,0.00000000002708155,0.00000000018694414,0.0000000011589252,0.0000000062203312,0.00000004208302638,0.00000034151272596,0.00000629754893361,0.0,0.0,0.0,0.0,0.0,0.0,0.0,0.0]
1944,0,1,[0.00000000003673546,0.00000000001930913,0.00000000001035614,0.00000000000574956,0.00000000000416137,0.00000000001096138,0.0000000000702468,0.00000000044233624,0.00000000243010527,0.00000001737550286,0.00000015267862611,0.00000344446833207,0.0,0.0,0.0,0.0,0.0,0.0,0.0,0.0]
1968,0,1,[0.00000000003716761,0.00000000001928595,0.00000000001020232,0.00000000000553333,0.00000000000337728,0.00000000000494792,0.00000000002606304,0.00000000016455609,0.00000000092431645,0.00000000699658927,0.00000006679608091,0.00000186568667538,0.0,0.0,0.0,0.0,0.0,0.0,0.0,0.0]
1992,0,1,[0.00000000003758945,0.00000000001925843,0.00000000001005275,0.00000000000535966,0.00000000000302207,0.00000000000272846,0.0000000000097586,0.00000000005975371,0.00000000034216219,0.00000000274644428,0.00000002859261515,0.00000100114561143,0.0,0.0,0.0,0.0,0.0,0.0,0.0,0.0]
2016,0,1,[0.00000000003800136,0.00000000001922684,0.00000000000990593,0.0000000000052042,0.0000000000028236,0.0000000000018969,0.00000000000388314,0.00000000002128231,0.00000000012325794,0.00000000105052162,0.0000000119733451,0.00000053243083956,0.0,0.0,0.0,0.0,0.0,0.0,0.0,0.0]
2040,0,1,[0.00000000003840369,0.00000000001919148,0.0000000000097614,0.00000000000505824,0.00000000000268326,0.00000000000156124,0.0000000000018024,0.00000000000754099,0.00000000004324091,0.00000000039139259,0.00000000490416426,0.00000028073019733,0.0,0.0,0.0,0.0,0.0,0.0,0.0,0.0]
2064,0,1,[0.00000000003879677,0.00000000001915262,0.00000000000961901,0.00000000000491867,0.00000000000256621,0.00000000000139993,0.00000000000106503,0.00000000000275943,0.00000000001482061,0.00000000014199016,0.00000000196441609,0.00000014679561866,0.0,0.0,0.0,0.0,0.0,0.0,0.0,0.0]
2088,0,1,[0.00000000003918092,0.00000000001911054,0.00000000000947875,0.00000000000478433,0.00000000000246032,0.0000000000013002,0.00000000000079112,0.00000000000113115,0.00000000000501377,0.00000000005015747,0.00000000076940775,0.0000000761478251,0.0,0.0,0.0,0.0,0.0,0.0,0.0,0.0]
2112,0,1,[0.00000000003955645,0.0000000000190655,0.00000000000934064,0.00000000000465472,0.00000000000236139,0.00000000000122354,0.00000000000067394,0.0000000000005809,0.00000000000172353,0.00000000001726692,0.00000000029463233,0.00000003919480728,0.0,0.0,0.0,0.0,0.0,0.0,0.0,0.0]
2136,0,1,[0.00000000003992365,0.00000000001901771,0.0000000000092047,0.00000000000452957,0.00000000000226785,0.00000000000115701,0.00000000000060966,0.00000000000038913,0.00000000000064636,0.00000000000581233,0.00000000011030025,0.00000002002239798,0.0,0.0,0.0,0.0,0.0,0.0,0.0,0.0]
2160,0,1,[0.0000000000402828,0.00000000001896741,0.00000000000907093,0.00000000000440868,0.00000000000217903,0.00000000000109628,0.00000000000056406,0.0000000000003139,0.00000000000029813,0.0000000000019332,0.00000000004037194,0.00000001015299852,0.0,0.0,0.0,0.0,0.0,0.0,0.0,0.0]
2184,0,1,[0.00000000004063416,0.0000000000189148,0.00000000000893934,0.00000000000429187,0.00000000000209456,0.00000000000103982,0.00000000000052611,0.00000000000027631,0.00000000000018303,0.00000000000065439,0.00000000001445402,0.00000000511119672,0.0,0.0,0.0,0.0,0.0,0.0,0.0,0.0]
2208,0,1,[0.00000000004097799,0.00000000001886005,0.00000000000880994,0.000000000004179,0.00000000000201414,0.00000000000098699,0.00000000000049224,0.00000000000025137,0.00000000000014068,0.00000000000024227,0.00000000000506918,0.00000000255474065,0.0,0.0,0.0,0.0,0.0,0.0,0.0,0.0]
2232,0,1,[0.00000000004131453,0.00000000001880335,0.00000000000868272,0.00000000000406989,0.00000000000193755,0.00000000000093741,0.00000000000046125,0.00000000000023133,0.00000000000012084,0.00000000000011068,0.00000000000174878,0.00000000126794684,0.0,0.0,0.0,0.0,0.0,0.0,0.0,0.0]
2256,0,1,[0.00000000004164401,0.00000000001874486,0.00000000000855767,0.00000000000396442,0.00000000000186457,0.00000000000089084,0.00000000000043263,0.0000000000002138,0.00000000000010824,0.00000000000006742,0.00000000000060025,0.00000000062489819,0.0,0.0,0.0,0.0,0.0,0.0,0.0,0.0]
2280,0,1,[0.00000000004196665,0.00000000001868473,0.00000000000843477,0.00000000000386243,0.00000000000179499,0.00000000000084705,0.00000000000040611,0.00000000000019798,0.00000000000009836,0.00000000000005138,0.00000000000021115,0.00000000030583509,0.0,0.0,0.0,0.0,0.0,0.0,0.0,0.0]
2304,0,1,[0.00000000004228267,0.0000000000186231,0.00000000000831402,0.0000000000037638,0.00000000000172862,0.00000000000080584,0.00000000000038151,0.00000000000018355,0.00000000000008984,0.00000000000004373,0.00000000000008138,0.0000000001486432,0.0,0.0,0.0,0.0,0.0,0.0,0.0,0.0]
2328,0,1,[0.00000000004259227,0.00000000001856011,0.00000000000819539,0.0000000000036684,0.00000000000166529,0.00000000000076704,0.00000000000035866,0.00000000000017035,0.00000000000008224,0.00000000000003879,0.00000000000003816,0.00000000007174453,0.0,0.0,0.0,0.0,0.0,0.0,0.0,0.0]
2352,0,1,[0.00000000004289566,0.00000000001849586,0.00000000000807886,0.00000000000357609,0.00000000000160484,0.00000000000073049,0.00000000000033742,0.00000000000015824,0.00000000000007539,0.00000000000003491,0.00000000000002324,0.00000000003438942,0.0,0.0,0.0,0.0,0.0,0.0,0.0,0.0]
2376,0,1,[0.000000000043193,0.00000000001843049,0.00000000000796441,0.00000000000348677,0.0000000000015471,0.00000000000069603,0.00000000000031765,0.00000000000014712,0.0000000000000692,0.00000000000003158,0.00000000000001746,0.0000000000163706,0.0,0.0,0.0,0.0,0.0,0.0,0.0,0.0]
2400,0,1,[0.0000000000434845,0.00000000001836409,0.000000000007852,0.00000000000340032,0.00000000000149194,0.00000000000066352,0.00000000000029923,0.00000000000013691,0.00000000000006358,0.00000000000002864,0.00000000000001464,0.00000000000773987,0.0,0.0,0.0,0.0,0.0,0.0,0.0,0.0]
2424,0,1,[0.00000000004377031,0.00000000001829677,0.00000000000774162,0.00000000000331663,0.00000000000143922,0.00000000000063283,0.00000000000028207,0.0000000000001275,0.00000000000005848,0.00000000000002601,0.00000000000001284,0.00000000000363487,0.0,0.0,0.0,0.0,0.0,0.0,0.0,0.0]
2448,0,1,[0.0000000000440506,0.00000000001822861,0.00000000000763323,0.0000000000032356,0.0000000000013888,0.00000000000060384,0.00000000000026606,0.00000000000011884,0.00000000000005384,0.00000000000002365,0.00000000000001144,0.0000000000016961,0.0,0.0,0.0,0.0,0.0,0.0,0.0,0.0]
2472,0,1,[0.00000000004432555,0.00000000001815971,0.0000000000075268,0.00000000000315712,0.00000000000134058,0.00000000000057645,0.00000000000025111,0.00000000000011086,0.00000000000004962,0.00000000000002153,0.00000000000001027,0.00000000000078681,0.0,0.0,0.0,0.0,0.0,0.0,0.0,0.0]
2496,0,1,[0.00000000004459529,0.00000000001809014,0.0000000000074223,0.0000000000030811,0.00000000000129443,0.00000000000055055,0.00000000000023714,0.00000000000010349,0.00000000000004577,0.00000000000001963,0.00000000000000924,0.00000000000036329,0.0,0.0,0.0,0.0,0.0,0.0,0.0,0.0]
2520,0,1,[0.00000000004485997,0.00000000001801998,0.00000000000731971,0.00000000000300745,0.00000000000125025,0.00000000000052604,0.00000000000022409,0.00000000000009668,0.00000000000004226,0.00000000000001791,0.00000000000000833,0.00000000000016735,0.0,0.0,0.0,0.0,0.0,0.0,0.0,0.0]
2544,0,1,[0.00000000004511975,0.0000000000179493,0.00000000000721898,0.00000000000293608,0.00000000000120794,0.00000000000050285,0.00000000000021187,0.00000000000009039,0.00000000000003906,0.00000000000001636,0.00000000000000752,0.00000000000007727,0.0,0.0,0.0,0.0,0.0,0.0,0.0,0.0]
2568,0,1,[0.00000000004537475,0.00000000001787816,0.00000000000712009,0.0000000000028669,0.0000000000011674,0.00000000000048087,0.00000000000020044,0.00000000000008457,0.00000000000003613,0.00000000000001496,0.0000000000000068,0.00000000000003608,0.0,0.0,0.0,0.0,0.0,0.0,0.0,0.0]
2592,0,1,[0.00000000004562511,0.00000000001780663,0.00000000000702301,0.00000000000279984,0.00000000000112855,0.00000000000046005,0.00000000000018972,0.00000000000007917,0.00000000000003345,0.0000000000000137,0.00000000000000616,0.00000000000001731,0.0,0.0,0.0,0.0,0.0,0.0,0.0,0.0]
2616,0,1,[0.00000000004587095,0.00000000001773477,0.00000000000692769,0.00000000000273481,0.00000000000109131,0.00000000000044032,0.00000000000017968,0.00000000000007418,0.00000000000003099,0.00000000000001255,0.00000000000000558,0.00000000000000877,0.0,0.0,0.0,0.0,0.0,0.0,0.0,0.0]
2640,0,1,[0.0000000000461124,0.00000000001766262,0.00000000000683411,0.00000000000267175,0.00000000000105559,0.00000000000042159,0.00000000000017025,0.00000000000006954,0.00000000000002873,0.00000000000001151,0.00000000000000506,0.00000000000000485,0.0,0.0,0.0,0.0,0.0,0.0,0.0,0.0]
2664,0,1,[0.00000000004634957,0.00000000001759023,0.00000000000674224,0.00000000000261058,0.00000000000102133,0.00000000000040382,0.00000000000016141,0.00000000000006523,0.00000000000002667,0.00000000000001057,0.0000000000000046,0.00000000000000302,0.0,0.0,0.0,0.0,0.0,0.0,0.0,0.0]
2688,0,1,[0.00000000004658258,0.00000000001751766,0.00000000000665204,0.00000000000255123,0.00000000000098844,0.00000000000038695,0.0000000000001531,0.00000000000006124,0.00000000000002477,0.00000000000000971,0.00000000000000418,0.00000000000000213,0.0,0.0,0.0,0.0,0.0,0.0,0.0,0.0]
2712,0,1,[0.00000000004681153,0.00000000001744495,0.00000000000656349,0.00000000000249363,0.00000000000095687,0.00000000000037092,0.00000000000014529,0.00000000000005752,0.00000000000002302,0.00000000000000893,0.00000000000000381,0.00000000000000166,0.0,0.0,0.0,0.0,0.0,0.0,0.0,0.0]
2736,0,1,[0.00000000004703654,0.00000000001737213,0.00000000000647654,0.00000000000243773,0.00000000000092655,0.00000000000035569,0.00000000000013794,0.00000000000005406,0.00000000000002141,0.00000000000000822,0.00000000000000347,0.00000000000000138,0.0,0.0,0.0,0.0,0.0,0.0,0.0,0.0]
2760,0,1,[0.0000000000472577,0.00000000001729925,0.00000000000639116,0.00000000000238346,0.00000000000089742,0.00000000000034121,0.00000000000013103,0.00000000000005084,0.00000000000001993,0.00000000000000758,0.00000000000000316,0.0000000000000012,0.0,0.0,0.0,0.0,0.0,0.0,0.0,0.0]
2784,0,1,[0.00000000004747512,0.00000000001722634,0.00000000000630734,0.00000000000233077,0.00000000000086943,0.00000000000032744,0.00000000000012453,0.00000000000004783,0.00000000000001856,0.00000000000000699,0.00000000000000289,0.00000000000000107,0.0,0.0,0.0,0.0,0.0,0.0,0.0,0.0]
2808,0,1,[0.00000000004768888,0.00000000001715343,0.00000000000622502,0.0000000000022796,0.00000000000084252,0.00000000000031433,0.0000000000001184,0.00000000000004504,0.0000000000000173,0.00000000000000645,0.00000000000000264,0.00000000000000096,0.0,0.0,0.0,0.0,0.0,0.0,0.0,0.0]
2832,0,1,[0.00000000004789909,0.00000000001708055,0.00000000000614419,0.0000000000022299,0.00000000000081665,0.00000000000030185,0.00000000000011262,0.00000000000004242,0.00000000000001614,0.00000000000000595,0.00000000000000241,0.00000000000000087,0.0,0.0,0.0,0.0,0.0,0.0,0.0,0.0]
2856,0,1,[0.00000000004810582,0.00000000001700774,0.00000000000606482,0.00000000000218161,0.00000000000079176,0.00000000000028996,0.00000000000010717,0.00000000000003999,0.00000000000001506,0.0000000000000055,0.00000000000000221,0.00000000000000078,0.0,0.0,0.0,0.0,0.0,0.0,0.0,0.0]
2880,0,1,[0.00000000004830917,0.00000000001693502,0.00000000000598687,0.00000000000213469,0.00000000000076782,0.00000000000027863,0.00000000000010203,0.00000000000003771,0.00000000000001407,0.00000000000000509,0.00000000000000202,0.00000000000000071,0.0,0.0,0.0,0.0,0.0,0.0,0.0,0.0]
2904,0,1,[0.00000000004850922,0.00000000001686241,0.00000000000591031,0.00000000000208909,0.00000000000074477,0.00000000000026784,0.00000000000009718,0.00000000000003558,0.00000000000001315,0.00000000000000471,0.00000000000000186,0.00000000000000065,0.0,0.0,0.0,0.0,0.0,0.0,0.0,0.0]
2928,0,1,[0.00000000004870605,0.00000000001678994,0.00000000000583512,0.00000000000204476,0.00000000000072258,0.00000000000025754,0.0000000000000926,0.00000000000003359,0.00000000000001229,0.00000000000000437,0.0000000000000017,0.00000000000000059,0.0,0.0,0.0,0.0,0.0,0.0,0.0,0.0]
2952,0,1,[0.00000000004889973,0.00000000001671763,0.00000000000576126,0.00000000000200166,0.00000000000070122,0.00000000000024772,0.00000000000008827,0.00000000000003172,0.0000000000000115,0.00000000000000405,0.00000000000000156,0.00000000000000054,0.0,0.0,0.0,0.0,0.0,0.0,0.0,0.0]
2976,0,1,[0.00000000004909035,0.0000000000166455,0.00000000000568871,0.00000000000195976,0.00000000000068064,0.00000000000023835,0.00000000000008417,0.00000000000002998,0.00000000000001077,0.00000000000000375,0.00000000000000144,0.00000000000000049,0.0,0.0,0.0,0.0,0.0,0.0,0.0,0.0]
3000,0,1,[0.00000000004927797,0.00000000001657357,0.00000000000561745,0.000000000001919,0.00000000000066081,0.0000000000002294,0.0000000000000803,0.00000000000002834,0.00000000000001009,0.00000000000000349,0.00000000000000132,0.00000000000000045,0.0,0.0,0.0,0.0,0.0,0.0,0.0,0.0]
3024,0,1,[0.00000000004946266,0.00000000001650185,0.00000000000554744,0.00000000000187935,0.0000000000006417,0.00000000000022086,0.00000000000007663,0.00000000000002681,0.00000000000000946,0.00000000000000324,0.00000000000000122,0.00000000000000041,0.0,0.0,0.0,0.0,0.0,0.0,0.0,0.0]
3048,0,1,[0.0000000000496445,0.00000000001643036,0.00000000000547866,0.00000000000184078,0.00000000000062327,0.00000000000021269,0.00000000000007316,0.00000000000002537,0.00000000000000887,0.00000000000000301,0.00000000000000112,0.00000000000000037,0.0,0.0,0.0,0.0,0.0,0.0,0.0,0.0]
3072,0,1,[0.00000000004982355,0.00000000001635913,0.00000000000541109,0.00000000000180324,0.0000000000006055,0.00000000000020489,0.00000000000006988,0.00000000000002402,0.00000000000000832,0.0000000000000028,0.00000000000000104,0.00000000000000034,0.0,0.0,0.0,0.0,0.0,0.0,0.0,0.0]
3096,0,1,[0.00000000004999987,0.00000000001628815,0.00000000000534469,0.00000000000176671,0.00000000000058837,0.00000000000019743,0.00000000000006676,0.00000000000002275,0.00000000000000782,0.00000000000000261,0.00000000000000096,0.00000000000000031,0.0,0.0,0.0,0.0,0.0,0.0,0.0,0.0]
3120,0,1,[0.00000000005017353,0.00000000001621745,0.00000000000527944,0.00000000000173115,0.00000000000057183,0.0000000000001903,0.00000000000006381,0.00000000000002156,0.00000000000000734,0.00000000000000243,0.00000000000000088,0.00000000000000029,0.0,0.0,0.0,0.0,0.0,0.0,0.0,0.0]
3144,0,1,[0.00000000005034458,0.00000000001614703,0.00000000000521533,0.00000000000169653,0.00000000000055587,0.00000000000018347,0.00000000000006101,0.00000000000002044,0.0000000000000069,0.00000000000000226,0.00000000000000082,0.00000000000000026,0.0,0.0,0.0,0.0,0.0,0.0,0.0,0.0]
3168,0,1,[0.00000000005051309,0.00000000001607691,0.00000000000515232,0.00000000000166282,0.00000000000054047,0.00000000000017694,0.00000000000005835,0.00000000000001939,0.00000000000000649,0.00000000000000211,0.00000000000000075,0.00000000000000024,0.0,0.0,0.0,0.0,0.0,0.0,0.0,0.0]
3192,0,1,[0.00000000005067911,0.00000000001600709,0.00000000000509039,0.00000000000162999,0.0000000000005256,0.00000000000017068,0.00000000000005583,0.00000000000001839,0.00000000000000611,0.00000000000000197,0.0000000000000007,0.00000000000000022,0.0,0.0,0.0,0.0,0.0,0.0,0.0,0.0]
3216,0,1,[0.00000000005084269,0.00000000001593759,0.00000000000502953,0.00000000000159801,0.00000000000051123,0.00000000000016469,0.00000000000005343,0.00000000000001746,0.00000000000000575,0.00000000000000184,0.00000000000000065,0.0000000000000002,0.0,0.0,0.0,0.0,0.0,0.0,0.0,0.0]
3240,0,1,[0.0000000000510039,0.00000000001586842,0.0000000000049697,0.00000000000156685,0.00000000000049735,0.00000000000015896,0.00000000000005116,0.00000000000001658,0.00000000000000541,0.00000000000000172,0.0000000000000006,0.00000000000000019,0.0,0.0,0.0,0.0,0.0,0.0,0.0,0.0]
3264,0,1,[0.00000000005116278,0.00000000001579958,0.00000000000491088,0.00000000000153649,0.00000000000048394,0.00000000000015346,0.000000000000049,0.00000000000001575,0.0000000000000051,0.0000000000000016,0.00000000000000055,0.00000000000000017,0.0,0.0,0.0,0.0,0.0,0.0,0.0,0.0]
3288,0,1,[0.00000000005131938,0.00000000001573108,0.00000000000485306,0.00000000000150691,0.00000000000047099,0.00000000000014819,0.00000000000004694,0.00000000000001497,0.00000000000000481,0.0000000000000015,0.00000000000000051,0.00000000000000016,0.0,0.0,0.0,0.0,0.0,0.0,0.0,0.0]
3312,0,1,[0.00000000005147375,0.00000000001566292,0.00000000000479622,0.00000000000147808,0.00000000000045846,0.00000000000014313,0.00000000000004498,0.00000000000001423,0.00000000000000453,0.0000000000000014,0.00000000000000048,0.00000000000000015,0.0,0.0,0.0,0.0,0.0,0.0,0.0,0.0]
3336,0,1,[0.00000000005162594,0.00000000001559512,0.00000000000474033,0.00000000000144997,0.00000000000044634,0.00000000000013829,0.00000000000004312,0.00000000000001354,0.00000000000000428,0.00000000000000131,0.00000000000000044,0.00000000000000014,0.0,0.0,0.0,0.0,0.0,0.0,0.0,0.0]
3360,0,1,[0.000000000051776,0.00000000001552768,0.00000000000468537,0.00000000000142256,0.00000000000043463,0.00000000000013363,0.00000000000004135,0.00000000000001288,0.00000000000000404,0.00000000000000123,0.00000000000000041,0.00000000000000013,0.0,0.0,0.0,0.0,0.0,0.0,0.0,0.0]
3384,0,1,[0.00000000005192396,0.0000000000154606,0.00000000000463133,0.00000000000139584,0.0000000000004233,0.00000000000012917,0.00000000000003967,0.00000000000001226,0.00000000000000381,0.00000000000000115,0.00000000000000038,0.00000000000000012,0.0,0.0,0.0,0.0,0.0,0.0,0.0,0.0]
3408,0,1,[0.00000000005206988,0.00000000001539388,0.00000000000457818,0.00000000000136977,0.00000000000041233,0.00000000000012489,0.00000000000003806,0.00000000000001167,0.0000000000000036,0.00000000000000108,0.00000000000000036,0.00000000000000011,0.0,0.0,0.0,0.0,0.0,0.0,0.0,0.0]
3432,0,1,[0.00000000005221379,0.00000000001532754,0.00000000000452591,0.00000000000134435,0.00000000000040172,0.00000000000012077,0.00000000000003653,0.00000000000001112,0.00000000000000341,0.00000000000000101,0.00000000000000033,0.0000000000000001,0.0,0.0,0.0,0.0,0.0,0.0,0.0,0.0]
3456,0,1,[0.00000000005235575,0.00000000001526158,0.0000000000044745,0.00000000000131955,0.00000000000039145,0.00000000000011682,0.00000000000003507,0.00000000000001059,0.00000000000000322,0.00000000000000095,0.00000000000000031,0.00000000000000009,0.0,0.0,0.0,0.0,0.0,0.0,0.0,0.0]
3480,0,1,[0.00000000005249577,0.00000000001519599,0.00000000000442393,0.00000000000129535,0.0000000000003815,0.00000000000011302,0.00000000000003368,0.0000000000000101,0.00000000000000305,0.00000000000000089,0.00000000000000029,0.00000000000000008,0.0,0.0,0.0,0.0,0.0,0.0,0.0,0.0]
3504,0,1,[0.00000000005263392,0.00000000001513078,0.00000000000437418,0.00000000000127174,0.00000000000037187,0.00000000000010937,0.00000000000003236,0.00000000000000963,0.00000000000000288,0.00000000000000084,0.00000000000000027,0.00000000000000008,0.0,0.0,0.0,0.0,0.0,0.0,0.0,0.0]
3528,0,1,[0.00000000005277022,0.00000000001506595,0.00000000000432525,0.00000000000124869,0.00000000000036254,0.00000000000010586,0.00000000000003109,0.00000000000000918,0.00000000000000273,0.00000000000000079,0.00000000000000025,0.00000000000000007,0.0,0.0,0.0,0.0,0.0,0.0,0.0,0.0]
3552,0,1,[0.00000000005290471,0.00000000001500152,0.0000000000042771,0.00000000000122619,0.0000000000003535,0.00000000000010249,0.00000000000002988,0.00000000000000876,0.00000000000000258,0.00000000000000074,0.00000000000000023,0.00000000000000007,0.0,0.0,0.0,0.0,0.0,0.0,0.0,0.0]
3576,0,1,[0.00000000005303742,0.00000000001493746,0.00000000000422972,0.00000000000120423,0.00000000000034474,0.00000000000009924,0.00000000000002873,0.00000000000000836,0.00000000000000245,0.0000000000000007,0.00000000000000022,0.00000000000000006,0.0,0.0,0.0,0.0,0.0,0.0,0.0,0.0]
3600,0,1,[0.0000000000531684,0.0000000000148738,0.00000000000418311,0.00000000000118279,0.00000000000033625,0.00000000000009612,0.00000000000002763,0.00000000000000799,0.00000000000000232,0.00000000000000066,0.0000000000000002,0.00000000000000006,0.0,0.0,0.0,0.0,0.0,0.0,0.0,0.0]
3624,0,1,[0.00000000005329767,0.00000000001481053,0.00000000000413724,0.00000000000116185,0.00000000000032803,0.00000000000009311,0.00000000000002658,0.00000000000000763,0.0000000000000022,0.00000000000000062,0.00000000000000019,0.00000000000000005,0.0,0.0,0.0,0.0,0.0,0.0,0.0,0.0]
3648,0,1,[0.00000000005342528,0.00000000001474765,0.0000000000040921,0.0000000000011414,0.00000000000032005,0.00000000000009022,0.00000000000002557,0.00000000000000729,0.00000000000000209,0.00000000000000058,0.00000000000000018,0.00000000000000005,0.0,0.0,0.0,0.0,0.0,0.0,0.0,0.0]
3672,0,1,[0.00000000005355124,0.00000000001468516,0.00000000000404767,0.00000000000112142,0.00000000000031231,0.00000000000008744,0.00000000000002461,0.00000000000000696,0.00000000000000198,0.00000000000000055,0.00000000000000017,0.00000000000000005,0.0,0.0,0.0,0.0,0.0,0.0,0.0,0.0]
3696,0,1,[0.0000000000536756,0.00000000001462306,0.00000000000400394,0.00000000000110191,0.00000000000030481,0.00000000000008475,0.00000000000002369,0.00000000000000666,0.00000000000000188,0.00000000000000052,0.00000000000000016,0.00000000000000004,0.0,0.0,0.0,0.0,0.0,0.0,0.0,0.0]
3720,0,1,[0.00000000005379838,0.00000000001456135,0.0000000000039609,0.00000000000108284,0.00000000000029753,0.00000000000008217,0.00000000000002281,0.00000000000000637,0.00000000000000179,0.00000000000000049,0.00000000000000015,0.00000000000000004,0.0,0.0,0.0,0.0,0.0,0.0,0.0,0.0]
3744,0,1,[0.00000000005391962,0.00000000001450004,0.00000000000391853,0.00000000000106421,0.00000000000029047,0.00000000000007968,0.00000000000002197,0.00000000000000609,0.0000000000000017,0.00000000000000046,0.00000000000000014,0.00000000000000004,0.0,0.0,0.0,0.0,0.0,0.0,0.0,0.0]
3768,0,1,[0.00000000005403933,0.00000000001443912,0.00000000000387682,0.000000000001046,0.00000000000028361,0.00000000000007728,0.00000000000002116,0.00000000000000583,0.00000000000000161,0.00000000000000043,0.00000000000000013,0.00000000000000004,0.0,0.0,0.0,0.0,0.0,0.0,0.0,0.0]
3792,0,1,[0.00000000005415756,0.00000000001437859,0.00000000000383575,0.0000000000010282,0.00000000000027696,0.00000000000007497,0.00000000000002039,0.00000000000000558,0.00000000000000153,0.00000000000000041,0.00000000000000012,0.00000000000000003,0.0,0.0,0.0,0.0,0.0,0.0,0.0,0.0]
3816,0,1,[0.00000000005427433,0.00000000001431845,0.00000000000379532,0.0000000000010108,0.0000000000002705,0.00000000000007274,0.00000000000001966,0.00000000000000534,0.00000000000000146,0.00000000000000039,0.00000000000000011,0.00000000000000003,0.0,0.0,0.0,0.0,0.0,0.0,0.0,0.0]
3840,0,1,[0.00000000005438967,0.00000000001425871,0.0000000000037555,0.00000000000099379,0.00000000000026423,0.00000000000007059,0.00000000000001895,0.00000000000000511,0.00000000000000139,0.00000000000000037,0.00000000000000011,0.00000000000000003,0.0,0.0,0.0,0.0,0.0,0.0,0.0,0.0]
3864,0,1,[0.00000000005405315,0.000000000014082,0.00000000000368559,0.00000000000096909,0.00000000000025601,0.00000000000006795,0.00000000000001812,0.00000000000000486,0.00000000000000131,0.00000000000000034,0.0000000000000001,0.00000000000000003,0.0,0.0,0.0,0.0,0.0,0.0,0.0,0.0]
3888,0,1,[0.0,0.0,0.0,0.0,0.0,0.0,0.0,0.0,0.0,0.0,0.0,0.0,0.0,0.0,0.0,0.0,0.0,0.0,0.0,0.0]
3912,0,1,[0.0,0.0,0.0,0.0,0.0,0.0,0.0,0.0,0.0,0.0,0.0,0.0,0.0,0.0,0.0,0.0,0.0,0.0,0.0,0.0]
3936,0,1,[0.0,0.0,0.0,0.0,0.0,0.0,0.0,0.0,0.0,0.0,0.0,0.0,0.0,0.0,0.0,0.0,0.0,0.0,0.0,0.0]
3960,0,1,[0.0,0.0,0.0,0.0,0.0,0.0,0.0,0.0,0.0,0.0,0.0,0.0,0.0,0.0,0.0,0.0,0.0,0.0,0.0,0.0]
3984,0,1,[0.0,0.0,0.0,0.0,0.0,0.0,0.0,0.0,0.0,0.0,0.0,0.0,0.0,0.0,0.0,0.0,0.0,0.0,0.0,0.0]
4008,0,1,[0.0,0.0,0.0,0.0,0.0,0.0,0.0,0.0,0.0,0.0,0.0,0.0,0.0,0.0,0.0,0.0,0.0,0.0,0.0,0.0]
4032,0,1,[0.0,0.0,0.0,0.0,0.0,0.0,0.0,0.0,0.0,0.0,0.0,0.0,0.0,0.0,0.0,0.0,0.0,0.0,0.0,0.0]
4056,0,1,[0.0,0.0,0.0,0.0,0.0,0.0,0.0,0.0,0.0,0.0,0.0,0.0,0.0,0.0,0.0,0.0,0.0,0.0,0.0,0.0]
4080,0,1,[0.0,0.0,0.0,0.0,0.0,0.0,0.0,0.0,0.0,0.0,0.0,0.0,0.0,0.0,0.0,0.0,0.0,0.0,0.0,0.0]
4104,0,1,[0.0,0.0,0.0,0.0,0.0,0.0,0.0,0.0,0.0,0.0,0.0,0.0,0.0,0.0,0.0,0.0,0.0,0.0,0.0,0.0]
4128,0,1,[0.0,0.0,0.0,0.0,0.0,0.0,0.0,0.0,0.0,0.0,0.0,0.0,0.0,0.0,0.0,0.0,0.0,0.0,0.0,0.0]
4152,0,1,[0.0,0.0,0.0,0.0,0.0,0.0,0.0,0.0,0.0,0.0,0.0,0.0,0.0,0.0,0.0,0.0,0.0,0.0,0.0,0.0]
4176,0,1,[0.0,0.0,0.0,0.0,0.0,0.0,0.0,0.0,0.0,0.0,0.0,0.0,0.0,0.0,0.0,0.0,0.0,0.0,0.0,0.0]
4200,0,1,[0.0,0.0,0.0,0.0,0.0,0.0,0.0,0.0,0.0,0.0,0.0,0.0,0.0,0.0,0.0,0.0,0.0,0.0,0.0,0.0]
4224,0,1,[0.0,0.0,0.0,0.0,0.0,0.0,0.0,0.0,0.0,0.0,0.0,0.0,0.0,0.0,0.0,0.0,0.0,0.0,0.0,0.0]
4248,0,1,[0.0,0.0,0.0,0.0,0.0,0.0,0.0,0.0,0.0,0.0,0.0,0.0,0.0,0.0,0.0,0.0,0.0,0.0,0.0,0.0]
4272,0,1,[0.0,0.0,0.0,0.0,0.0,0.0,0.0,0.0,0.0,0.0,0.0,0.0,0.0,0.0,0.0,0.0,0.0,0.0,0.0,0.0]
4296,0,1,[0.0,0.0,0.0,0.0,0.0,0.0,0.0,0.0,0.0,0.0,0.0,0.0,0.0,0.0,0.0,0.0,0.0,0.0,0.0,0.0]
4320,0,1,[0.0,0.0,0.0,0.0,0.0,0.0,0.0,0.0,0.0,0.0,0.0,0.0,0.0,0.0,0.0,0.0,0.0,0.0,0.0,0.0]
4344,0,1,[0.0,0.0,0.0,0.0,0.0,0.0,0.0,0.0,0.0,0.0,0.0,0.0,0.0,0.0,0.0,0.0,0.0,0.0,0.0,0.0]
4368,0,1,[0.0,0.0,0.0,0.0,0.0,0.0,0.0,0.0,0.0,0.0,0.0,0.0,0.0,0.0,0.0,0.0,0.0,0.0,0.0,0.0]
4392,0,1,[0.0,0.0,0.0,0.0,0.0,0.0,0.0,0.0,0.0,0.0,0.0,0.0,0.0,0.0,0.0,0.0,0.0,0.0,0.0,0.0]
4416,0,1,[0.0,0.0,0.0,0.0,0.0,0.0,0.0,0.0,0.0,0.0,0.0,0.0,0.0,0.0,0.0,0.0,0.0,0.0,0.0,0.0]
4440,0,1,[0.0,0.0,0.0,0.0,0.0,0.0,0.0,0.0,0.0,0.0,0.0,0.0,0.0,0.0,0.0,0.0,0.0,0.0,0.0,0.0]
4464,0,1,[0.0,0.0,0.0,0.0,0.0,0.0,0.0,0.0,0.0,0.0,0.0,0.0,0.0,0.0,0.0,0.0,0.0,0.0,0.0,0.0]
4488,0,1,[0.0,0.0,0.0,0.0,0.0,0.0,0.0,0.0,0.0,0.0,0.0,0.0,0.0,0.0,0.0,0.0,0.0,0.0,0.0,0.0]
4512,0,1,[0.0,0.0,0.0,0.0,0.0,0.0,0.0,0.0,0.0,0.0,0.0,0.0,0.0,0.0,0.0,0.0,0.0,0.0,0.0,0.0]
4536,0,1,[0.0,0.0,0.0,0.0,0.0,0.0,0.0,0.0,0.0,0.0,0.0,0.0,0.0,0.0,0.0,0.0,0.0,0.0,0.0,0.0]
4560,0,1,[0.0,0.0,0.0,0.0,0.0,0.0,0.0,0.0,0.0,0.0,0.0,0.0,0.0,0.0,0.0,0.0,0.0,0.0,0.0,0.0]
4584,0,1,[0.0,0.0,0.0,0.0,0.0,0.0,0.0,0.0,0.0,0.0,0.0,0.0,0.0,0.0,0.0,0.0,0.0,0.0,0.0,0.0]
4608,0,1,[0.0,0.0,0.0,0.0,0.0,0.0,0.0,0.0,0.0,0.0,0.0,0.0,0.0,0.0,0.0,0.0,0.0,0.0,0.0,0.0]
4632,0,1,[0.0,0.0,0.0,0.0,0.0,0.0,0.0,0.0,0.0,0.0,0.0,0.0,0.0,0.0,0.0,0.0,0.0,0.0,0.0,0.0]
4656,0,1,[0.0,0.0,0.0,0.0,0.0,0.0,0.0,0.0,0.0,0.0,0.0,0.0,0.0,0.0,0.0,0.0,0.0,0.0,0.0,0.0]
4680,0,1,[0.0,0.0,0.0,0.0,0.0,0.0,0.0,0.0,0.0,0.0,0.0,0.0,0.0,0.0,0.0,0.0,0.0,0.0,0.0,0.0]
4704,0,1,[0.0,0.0,0.0,0.0,0.0,0.0,0.0,0.0,0.0,0.0,0.0,0.0,0.0,0.0,0.0,0.0,0.0,0.0,0.0,0.0]
4728,0,1,[0.0,0.0,0.0,0.0,0.0,0.0,0.0,0.0,0.0,0.0,0.0,0.0,0.0,0.0,0.0,0.0,0.0,0.0,0.0,0.0]
4752,0,1,[0.0,0.0,0.0,0.0,0.0,0.0,0.0,0.0,0.0,0.0,0.0,0.0,0.0,0.0,0.0,0.0,0.0,0.0,0.0,0.0]
4776,0,1,[0.0,0.0,0.0,0.0,0.0,0.0,0.0,0.0,0.0,0.0,0.0,0.0,0.0,0.0,0.0,0.0,0.0,0.0,0.0,0.0]
4800,0,1,[0.0,0.0,0.0,0.0,0.0,0.0,0.0,0.0,0.0,0.0,0.0,0.0,0.0,0.0,0.0,0.0,0.0,0.0,0.0,0.0]
4824,0,1,[0.0,0.0,0.0,0.0,0.0,0.0,0.0,0.0,0.0,0.0,0.0,0.0,0.0,0.0,0.0,0.0,0.0,0.0,0.0,0.0]
4848,0,1,[0.0,0.0,0.0,0.0,0.0,0.0,0.0,0.0,0.0,0.0,0.0,0.0,0.0,0.0,0.0,0.0,0.0,0.0,0.0,0.0]
4872,0,1,[0.0,0.0,0.0,0.0,0.0,0.0,0.0,0.0,0.0,0.0,0.0,0.0,0.0,0.0,0.0,0.0,0.0,0.0,0.0,0.0]
4896,0,1,[0.0,0.0,0.0,0.0,0.0,0.0,0.0,0.0,0.0,0.0,0.0,0.0,0.0,0.0,0.0,0.0,0.0,0.0,0.0,0.0]
4920,0,1,[0.0,0.0,0.0,0.0,0.0,0.0,0.0,0.0,0.0,0.0,0.0,0.0,0.0,0.0,0.0,0.0,0.0,0.0,0.0,0.0]
4944,0,1,[0.0,0.0,0.0,0.0,0.0,0.0,0.0,0.0,0.0,0.0,0.0,0.0,0.0,0.0,0.0,0.0,0.0,0.0,0.0,0.0]
4968,0,1,[0.0,0.0,0.0,0.0,0.0,0.0,0.0,0.0,0.0,0.0,0.0,0.0,0.0,0.0,0.0,0.0,0.0,0.0,0.0,0.0]
4992,0,1,[0.0,0.0,0.0,0.0,0.0,0.0,0.0,0.0,0.0,0.0,0.0,0.0,0.0,0.0,0.0,0.0,0.0,0.0,0.0,0.0]
5016,0,1,[0.0,0.0,0.0,0.0,0.0,0.0,0.0,0.0,0.0,0.0,0.0,0.0,0.0,0.0,0.0,0.0,0.0,0.0,0.0,0.0]
5040,0,1,[0.0,0.0,0.0,0.0,0.0,0.0,0.0,0.0,0.0,0.0,0.0,0.0,0.0,0.0,0.0,0.0,0.0,0.0,0.0,0.0]
5064,0,1,[0.0,0.0,0.0,0.0,0.0,0.0,0.0,0.0,0.0,0.0,0.0,0.0,0.0,0.0,0.0,0.0,0.0,0.0,0.0,0.0]
5088,0,1,[0.0,0.0,0.0,0.0,0.0,0.0,0.0,0.0,0.0,0.0,0.0,0.0,0.0,0.0,0.0,0.0,0.0,0.0,0.0,0.0]
5112,0,1,[0.0,0.0,0.0,0.0,0.0,0.0,0.0,0.0,0.0,0.0,0.0,0.0,0.0,0.0,0.0,0.0,0.0,0.0,0.0,0.0]
5136,0,1,[0.0,0.0,0.0,0.0,0.0,0.0,0.0,0.0,0.0,0.0,0.0,0.0,0.0,0.0,0.0,0.0,0.0,0.0,0.0,0.0]
5160,0,1,[0.0,0.0,0.0,0.0,0.0,0.0,0.0,0.0,0.0,0.0,0.0,0.0,0.0,0.0,0.0,0.0,0.0,0.0,0.0,0.0]
5184,0,1,[0.0,0.0,0.0,0.0,0.0,0.0,0.0,0.0,0.0,0.0,0.0,0.0,0.0,0.0,0.0,0.0,0.0,0.0,0.0,0.0]
5208,0,1,[0.0,0.0,0.0,0.0,0.0,0.0,0.0,0.0,0.0,0.0,0.0,0.0,0.0,0.0,0.0,0.0,0.0,0.0,0.0,0.0]
5232,0,1,[0.0,0.0,0.0,0.0,0.0,0.0,0.0,0.0,0.0,0.0,0.0,0.0,0.0,0.0,0.0,0.0,0.0,0.0,0.0,0.0]
5256,0,1,[0.0,0.0,0.0,0.0,0.0,0.0,0.0,0.0,0.0,0.0,0.0,0.0,0.0,0.0,0.0,0.0,0.0,0.0,0.0,0.0]
5280,0,1,[0.0,0.0,0.0,0.0,0.0,0.0,0.0,0.0,0.0,0.0,0.0,0.0,0.0,0.0,0.0,0.0,0.0,0.0,0.0,0.0]
5304,0,1,[0.0,0.0,0.0,0.0,0.0,0.0,0.0,0.0,0.0,0.0,0.0,0.0,0.0,0.0,0.0,0.0,0.0,0.0,0.0,0.0]
5328,0,1,[0.0,0.0,0.0,0.0,0.0,0.0,0.0,0.0,0.0,0.0,0.0,0.0,0.0,0.0,0.0,0.0,0.0,0.0,0.0,0.0]
5352,0,1,[0.0,0.0,0.0,0.0,0.0,0.0,0.0,0.0,0.0,0.0,0.0,0.0,0.0,0.0,0.0,0.0,0.0,0.0,0.0,0.0]
5376,0,1,[0.0,0.0,0.0,0.0,0.0,0.0,0.0,0.0,0.0,0.0,0.0,0.0,0.0,0.0,0.0,0.0,0.0,0.0,0.0,0.0]
5400,0,1,[0.0,0.0,0.0,0.0,0.0,0.0,0.0,0.0,0.0,0.0,0.0,0.0,0.0,0.0,0.0,0.0,0.0,0.0,0.0,0.0]
5424,0,1,[0.0,0.0,0.0,0.0,0.0,0.0,0.0,0.0,0.0,0.0,0.0,0.0,0.0,0.0,0.0,0.0,0.0,0.0,0.0,0.0]
5448,0,1,[0.0,0.0,0.0,0.0,0.0,0.0,0.0,0.0,0.0,0.0,0.0,0.0,0.0,0.0,0.0,0.0,0.0,0.0,0.0,0.0]
5472,0,1,[0.0,0.0,0.0,0.0,0.0,0.0,0.0,0.0,0.0,0.0,0.0,0.0,0.0,0.0,0.0,0.0,0.0,0.0,0.0,0.0]
5496,0,1,[0.0,0.0,0.0,0.0,0.0,0.0,0.0,0.0,0.0,0.0,0.0,0.0,0.0,0.0,0.0,0.0,0.0,0.0,0.0,0.0]
5520,0,1,[0.0,0.0,0.0,0.0,0.0,0.0,0.0,0.0,0.0,0.0,0.0,0.0,0.0,0.0,0.0,0.0,0.0,0.0,0.0,0.0]
5544,0,1,[0.0,0.0,0.0,0.0,0.0,0.0,0.0,0.0,0.0,0.0,0.0,0.0,0.0,0.0,0.0,0.0,0.0,0.0,0.0,0.0]
5568,0,1,[0.0,0.0,0.0,0.0,0.0,0.0,0.0,0.0,0.0,0.0,0.0,0.0,0.0,0.0,0.0,0.0,0.0,0.0,0.0,0.0]
5592,0,1,[0.0,0.0,0.0,0.0,0.0,0.0,0.0,0.0,0.0,0.0,0.0,0.0,0.0,0.0,0.0,0.0,0.0,0.0,0.0,0.0]
5616,0,1,[0.0,0.0,0.0,0.0,0.0,0.0,0.0,0.0,0.0,0.0,0.0,0.0,0.0,0.0,0.0,0.0,0.0,0.0,0.0,0.0]
5640,0,1,[0.0,0.0,0.0,0.0,0.0,0.0,0.0,0.0,0.0,0.0,0.0,0.0,0.0,0.0,0.0,0.0,0.0,0.0,0.0,0.0]
5664,0,1,[0.0,0.0,0.0,0.0,0.0,0.0,0.0,0.0,0.0,0.0,0.0,0.0,0.0,0.0,0.0,0.0,0.0,0.0,0.0,0.0]
5688,0,1,[0.0,0.0,0.0,0.0,0.0,0.0,0.0,0.0,0.0,0.0,0.0,0.0,0.0,0.0,0.0,0.0,0.0,0.0,0.0,0.0]
5712,0,1,[0.0,0.0,0.0,0.0,0.0,0.0,0.0,0.0,0.0,0.0,0.0,0.0,0.0,0.0,0.0,0.0,0.0,0.0,0.0,0.0]
5736,0,1,[0.0,0.0,0.0,0.0,0.0,0.0,0.0,0.0,0.0,0.0,0.0,0.0,0.0,0.0,0.0,0.0,0.0,0.0,0.0,0.0]
5760,0,1,[0.0,0.0,0.0,0.0,0.0,0.0,0.0,0.0,0.0,0.0,0.0,0.0,0.0,0.0,0.0,0.0,0.0,0.0,0.0,0.0]
5784,0,1,[0.0,0.0,0.0,0.0,0.0,0.0,0.0,0.0,0.0,0.0,0.0,0.0,0.0,0.0,0.0,0.0,0.0,0.0,0.0,0.0]
5808,0,1,[0.0,0.0,0.0,0.0,0.0,0.0,0.0,0.0,0.0,0.0,0.0,0.0,0.0,0.0,0.0,0.0,0.0,0.0,0.0,0.0]
5832,0,1,[0.0,0.0,0.0,0.0,0.0,0.0,0.0,0.0,0.0,0.0,0.0,0.0,0.0,0.0,0.0,0.0,0.0,0.0,0.0,0.0]
5856,0,1,[0.0,0.0,0.0,0.0,0.0,0.0,0.0,0.0,0.0,0.0,0.0,0.0,0.0,0.0,0.0,0.0,0.0,0.0,0.0,0.0]
5880,0,1,[0.0,0.0,0.0,0.0,0.0,0.0,0.0,0.0,0.0,0.0,0.0,0.0,0.0,0.0,0.0,0.0,0.0,0.0,0.0,0.0]
5904,0,1,[0.0,0.0,0.0,0.0,0.0,0.0,0.0,0.0,0.0,0.0,0.0,0.0,0.0,0.0,0.0,0.0,0.0,0.0,0.0,0.0]
5928,0,1,[0.0,0.0,0.0,0.0,0.0,0.0,0.0,0.0,0.0,0.0,0.0,0.0,0.0,0.0,0.0,0.0,0.0,0.0,0.0,0.0]
5952,0,1,[0.0,0.0,0.0,0.0,0.0,0.0,0.0,0.0,0.0,0.0,0.0,0.0,0.0,0.0,0.0,0.0,0.0,0.0,0.0,0.0]
5976,0,1,[0.0,0.0,0.0,0.0,0.0,0.0,0.0,0.0,0.0,0.0,0.0,0.0,0.0,0.0,0.0,0.0,0.0,0.0,0.0,0.0]
6000,0,1,[0.0,0.0,0.0,0.0,0.0,0.0,0.0,0.0,0.0,0.0,0.0,0.0,0.0,0.0,0.0,0.0,0.0,0.0,0.0,0.0]
6024,0,1,[0.0,0.0,0.0,0.0,0.0,0.0,0.0,0.0,0.0,0.0,0.0,0.0,0.0,0.0,0.0,0.0,0.0,0.0,0.0,0.0]
6048,0,1,[0.0,0.0,0.0,0.0,0.0,0.0,0.0,0.0,0.0,0.0,0.0,0.0,0.0,0.0,0.0,0.0,0.0,0.0,0.0,0.0]
6072,0,1,[0.0,0.0,0.0,0.0,0.0,0.0,0.0,0.0,0.0,0.0,0.0,0.0,0.0,0.0,0.0,0.0,0.0,0.0,0.0,0.0]
6096,0,1,[0.0,0.0,0.0,0.0,0.0,0.0,0.0,0.0,0.0,0.0,0.0,0.0,0.0,0.0,0.0,0.0,0.0,0.0,0.0,0.0]
6120,0,1,[0.0,0.0,0.0,0.0,0.0,0.0,0.0,0.0,0.0,0.0,0.0,0.0,0.0,0.0,0.0,0.0,0.0,0.0,0.0,0.0]
6144,0,1,[0.0,0.0,0.0,0.0,0.0,0.0,0.0,0.0,0.0,0.0,0.0,0.0,0.0,0.0,0.0,0.0,0.0,0.0,0.0,0.0]
6168,0,1,[0.0,0.0,0.0,0.0,0.0,0.0,0.0,0.0,0.0,0.0,0.0,0.0,0.0,0.0,0.0,0.0,0.0,0.0,0.0,0.0]
6192,0,1,[0.0,0.0,0.0,0.0,0.0,0.0,0.0,0.0,0.0,0.0,0.0,0.0,0.0,0.0,0.0,0.0,0.0,0.0,0.0,0.0]
6216,0,1,[0.0,0.0,0.0,0.0,0.0,0.0,0.0,0.0,0.0,0.0,0.0,0.0,0.0,0.0,0.0,0.0,0.0,0.0,0.0,0.0]
6240,0,1,[0.0,0.0,0.0,0.0,0.0,0.0,0.0,0.0,0.0,0.0,0.0,0.0,0.0,0.0,0.0,0.0,0.0,0.0,0.0,0.0]
6264,0,1,[0.0,0.0,0.0,0.0,0.0,0.0,0.0,0.0,0.0,0.0,0.0,0.0,0.0,0.0,0.0,0.0,0.0,0.0,0.0,0.0]
6288,0,1,[0.0,0.0,0.0,0.0,0.0,0.0,0.0,0.0,0.0,0.0,0.0,0.0,0.0,0.0,0.0,0.0,0.0,0.0,0.0,0.0]
6312,0,1,[0.0,0.0,0.0,0.0,0.0,0.0,0.0,0.0,0.0,0.0,0.0,0.0,0.0,0.0,0.0,0.0,0.0,0.0,0.0,0.0]
6336,0,1,[0.0,0.0,0.0,0.0,0.0,0.0,0.0,0.0,0.0,0.0,0.0,0.0,0.0,0.0,0.0,0.0,0.0,0.0,0.0,0.0]
6360,0,1,[0.0,0.0,0.0,0.0,0.0,0.0,0.0,0.0,0.0,0.0,0.0,0.0,0.0,0.0,0.0,0.0,0.0,0.0,0.0,0.0]
6384,0,1,[0.0,0.0,0.0,0.0,0.0,0.0,0.0,0.0,0.0,0.0,0.0,0.0,0.0,0.0,0.0,0.0,0.0,0.0,0.0,0.0]
6408,0,1,[0.0,0.0,0.0,0.0,0.0,0.0,0.0,0.0,0.0,0.0,0.0,0.0,0.0,0.0,0.0,0.0,0.0,0.0,0.0,0.0]
6432,0,1,[0.0,0.0,0.0,0.0,0.0,0.0,0.0,0.0,0.0,0.0,0.0,0.0,0.0,0.0,0.0,0.0,0.0,0.0,0.0,0.0]
6456,0,1,[0.0,0.0,0.0,0.0,0.0,0.0,0.0,0.0,0.0,0.0,0.0,0.0,0.0,0.0,0.0,0.0,0.0,0.0,0.0,0.0]
6480,0,1,[0.0,0.0,0.0,0.0,0.0,0.0,0.0,0.0,0.0,0.0,0.0,0.0,0.0,0.0,0.0,0.0,0.0,0.0,0.0,0.0]
6504,0,1,[0.0,0.0,0.0,0.0,0.0,0.0,0.0,0.0,0.0,0.0,0.0,0.0,0.0,0.0,0.0,0.0,0.0,0.0,0.0,0.0]
6528,0,1,[0.0,0.0,0.0,0.0,0.0,0.0,0.0,0.0,0.0,0.0,0.0,0.0,0.0,0.0,0.0,0.0,0.0,0.0,0.0,0.0]
6552,0,1,[0.0,0.0,0.0,0.0,0.0,0.0,0.0,0.0,0.0,0.0,0.0,0.0,0.0,0.0,0.0,0.0,0.0,0.0,0.0,0.0]
6576,0,1,[0.0,0.0,0.0,0.0,0.0,0.0,0.0,0.0,0.0,0.0,0.0,0.0,0.0,0.0,0.0,0.0,0.0,0.0,0.0,0.0]
6600,0,1,[0.0,0.0,0.0,0.0,0.0,0.0,0.0,0.0,0.0,0.0,0.0,0.0,0.0,0.0,0.0,0.0,0.0,0.0,0.0,0.0]
6624,0,1,[0.0,0.0,0.0,0.0,0.0,0.0,0.0,0.0,0.0,0.0,0.0,0.0,0.0,0.0,0.0,0.0,0.0,0.0,0.0,0.0]
6648,0,1,[0.0,0.0,0.0,0.0,0.0,0.0,0.0,0.0,0.0,0.0,0.0,0.0,0.0,0.0,0.0,0.0,0.0,0.0,0.0,0.0]
6672,0,1,[0.0,0.0,0.0,0.0,0.0,0.0,0.0,0.0,0.0,0.0,0.0,0.0,0.0,0.0,0.0,0.0,0.0,0.0,0.0,0.0]
6696,0,1,[0.0,0.0,0.0,0.0,0.0,0.0,0.0,0.0,0.0,0.0,0.0,0.0,0.0,0.0,0.0,0.0,0.0,0.0,0.0,0.0]
6720,0,1,[0.0,0.0,0.0,0.0,0.0,0.0,0.0,0.0,0.0,0.0,0.0,0.0,0.0,0.0,0.0,0.0,0.0,0.0,0.0,0.0]
6744,0,1,[0.0,0.0,0.0,0.0,0.0,0.0,0.0,0.0,0.0,0.0,0.0,0.0,0.0,0.0,0.0,0.0,0.0,0.0,0.0,0.0]
