cycle,hour_cyc,stp,DEWFR
0,0,0,[0.0,0.0,0.0,0.0,0.0,0.0,0.0,0.0,0.0,0.0,0.0,0.0,0.0,0.0,0.0,0.0,0.0,0.0,0.0,0.0]
0,0,0,[0.0,0.0,0.0,0.0,0.0,0.0,0.0,0.0,0.0,0.0,0.0,0.0,0.0,0.0,0.0,0.0,0.0,0.0,0.0,0.0]
0,0,1,[0.0,0.0,0.0,0.0,0.0,0.0,0.0,0.0,0.0,0.0,0.0,0.0,0.0,0.0,0.0,0.0,0.0,0.0,0.0,0.0]
24,0,1,[0.0,0.0,0.0,0.0,0.0,0.0,0.0,0.0,0.0,0.0,0.0,0.0,0.0,0.0,0.0,0.0,0.0,0.0,0.0,0.0]
48,0,1,[-0.0,0.0,0.0,0.0,0.0,0.0,0.0,0.0,0.0,0.0,0.0,0.0,0.0,0.0,0.0,0.0,0.0,0.0,0.0,0.0]
72,0,1,[-0.0,0.0,0.0,0.0,0.0,0.0,0.0,0.0,0.0,0.0,0.0,0.0,0.0,0.0,0.0,0.0,0.0,0.0,0.0,0.0]
96,0,1,[-0.0,-0.0,0.0,0.0,0.0,0.0,0.0,0.0,0.0,0.0,0.0,0.0,0.0,0.0,0.0,0.0,0.0,0.0,0.0,0.0]
120,0,1,[-0.0,0.0,-0.0,0.0,0.0,0.0,0.0,0.0,0.0,0.0,0.0,0.0,0.0,0.0,0.0,0.0,0.0,0.0,0.0,0.0]
144,0,1,[0.0,0.0,0.0,-0.0,0.0,0.0,0.0,0.0,0.0,0.0,0.0,0.0,0.0,0.0,0.0,0.0,0.0,0.0,0.0,0.0]
168,0,1,[0.0,0.0,0.0,0.0,-0.0,0.0,0.0,0.0,0.0,0.0,0.0,0.0,0.0,0.0,0.0,0.0,0.0,0.0,0.0,0.0]
192,0,1,[0.0,0.0,0.0,0.0,0.0,-0.0,0.0,0.0,0.0,0.0,0.0,0.0,0.0,0.0,0.0,0.0,0.0,0.0,0.0,0.0]
216,0,1,[0.0,0.0,0.0,0.0,0.0,0.0,-0.0,0.0,0.0,0.0,0.0,0.0,0.0,0.0,0.0,0.0,0.0,0.0,0.0,0.0]
240,0,1,[0.0,0.0,0.0,0.0,0.0,0.0,0.0,-0.0,0.0,0.0,0.0,0.0,0.0,0.0,0.0,0.0,0.0,0.0,0.0,0.0]
264,0,1,[0.0,0.0,0.0,0.0,0.0,0.0,0.0,0.0,-0.0,0.0,0.0,0.0,0.0,0.0,0.0,0.0,0.0,0.0,0.0,0.0]
288,0,1,[0.0,0.0,0.0,0.0,0.0,0.0,0.0,0.0,0.0,-0.0,0.0,0.0,0.0,0.0,0.0,0.0,0.0,0.0,0.0,0.0]
312,0,1,[0.0,0.0,0.0,0.0,0.0,0.0,0.0,0.0,0.0,0.0,-0.0,0.0,0.0,0.0,0.0,0.0,0.0,0.0,0.0,0.0]
336,0,1,[0.0,0.0,0.0,0.0,0.0,0.0,0.0,0.0,0.0,0.0,0.0,-0.0,0.0,0.0,0.0,0.0,0.0,0.0,0.0,0.0]
360,0,1,[0.0,0.0,0.0,0.0,0.0,0.0,0.0,0.0,0.0,0.0,0.0,0.0,-0.0,0.0,0.0,0.0,0.0,0.0,0.0,0.0]
384,0,1,[0.0,0.0,0.0,0.0,0.0,0.0,0.0,0.0,0.0,0.0,0.0,0.0,0.0,-0.0,0.0,0.0,0.0,0.0,0.0,0.0]
408,0,1,[0.0,0.0,0.0,0.0,0.0,0.0,0.0,0.0,0.0,0.0,0.0,0.0,0.0,0.0,-0.0,0.0,0.0,0.0,0.0,0.0]
432,0,1,[0.0,0.0,0.0,0.0,0.0,0.0,0.0,0.0,0.0,0.0,0.0,0.0,0.0,0.0,0.0,-0.0,0.0,0.0,0.0,0.0]
456,0,1,[0.0,0.0,0.0,0.0,0.0,0.0,0.0,0.0,0.0,0.0,0.0,0.0,0.0,0.0,0.0,0.0,-0.0,0.0,0.0,0.0]
480,0,1,[0.0,0.0,0.0,0.0,0.0,0.0,0.0,0.0,0.0,0.0,0.0,0.0,0.0,0.0,0.0,0.0,0.0,-0.0,0.0,0.0]
504,0,1,[0.0,0.0,0.0,0.0,0.0,0.0,0.0,0.0,0.0,0.0,0.0,0.0,0.0,0.0,0.0,0.0,0.0,0.0,-0.0,0.0]
528,0,1,[0.0,0.0,0.0,0.0,0.0,0.0,0.0,0.0,0.0,0.0,0.0,0.0,0.0,0.0,0.0,0.0,0.0,0.0,0.0,-0.0]
552,0,1,[0.0,0.0,0.0,0.0,0.0,0.0,0.0,0.0,0.0,0.0,0.0,0.0,0.0,0.0,0.0,0.0,0.0,0.0,0.0,0.0]
576,0,1,[0.0,0.0,0.0,0.0,0.0,0.0,0.0,0.0,0.0,0.0,0.0,0.0,0.0,0.0,0.0,0.0,0.0,0.0,0.0,0.0]
600,0,1,[0.0,0.0,0.0,0.0,0.0,0.0,0.0,0.0,0.0,0.0,0.0,0.0,0.0,0.0,0.0,0.0,0.0,0.0,0.0,0.0]
624,0,1,[0.0,0.0,0.0,0.0,0.0,0.0,0.0,0.0,0.0,0.0,0.0,0.0,0.0,0.0,0.0,0.0,0.0,0.0,0.0,0.0]
648,0,1,[0.0,0.0,0.0,0.0,0.0,0.0,0.0,0.0,0.0,0.0,0.0,0.0,0.0,0.0,0.0,0.0,0.0,0.0,0.0,0.0]
672,0,1,[0.0,0.0,0.0,0.0,0.0,0.0,0.0,0.0,0.0,0.0,0.0,0.0,0.0,0.0,0.0,0.0,0.0,0.0,0.0,0.0]
696,0,1,[0.0,0.0,0.0,0.0,0.0,0.0,0.0,0.0,0.0,0.0,0.0,0.0,0.0,0.0,0.0,0.0,0.0,0.0,0.0,0.0]
720,0,1,[0.0,0.0,0.0,0.0,0.0,0.0,0.0,0.0,0.0,0.0,0.0,0.0,0.0,0.0,0.0,0.0,0.0,0.0,0.0,0.0]
744,0,1,[0.0,0.0,0.0,0.0,0.0,0.0,0.0,0.0,0.0,0.0,0.0,0.0,0.0,0.0,0.0,0.0,0.0,0.0,0.0,0.0]
768,0,1,[0.0,0.0,0.0,0.0,0.0,0.0,0.0,0.0,0.0,0.0,0.0,0.0,0.0,0.0,0.0,0.0,0.0,0.0,0.0,0.0]
792,0,1,[0.0,0.0,0.0,0.0,0.0,0.0,0.0,0.0,0.0,0.0,0.0,0.0,0.0,0.0,0.0,0.0,0.0,0.0,0.0,0.0]
816,0,1,[0.0,0.0,0.0,0.0,0.0,0.0,0.0,0.0,0.0,0.0,0.0,0.0,0.0,0.0,0.0,0.0,0.0,0.0,0.0,0.0]
840,0,1,[0.0,0.0,0.0,0.0,0.0,0.0,0.0,0.0,0.0,0.0,0.0,0.0,0.0,0.0,0.0,0.0,0.0,0.0,0.0,0.0]
864,0,1,[0.0,0.0,0.0,0.0,0.0,0.0,0.0,0.0,0.0,0.0,0.0,0.0,0.0,0.0,0.0,0.0,0.0,0.0,0.0,0.0]
888,0,1,[0.0,0.0,0.0,0.0,0.0,0.0,0.0,0.0,0.0,0.0,0.0,0.0,0.0,0.0,0.0,0.0,0.0,0.0,0.0,0.0]
912,0,1,[0.0,0.0,0.0,0.0,0.0,0.0,0.0,0.0,0.0,0.0,0.0,0.0,0.0,0.0,0.0,0.0,0.0,0.0,0.0,0.0]
936,0,1,[0.0,0.0,0.0,0.0,0.0,0.0,0.0,0.0,0.0,0.0,0.0,0.0,0.0,0.0,0.0,0.0,0.0,0.0,0.0,0.0]
960,0,1,[0.0,0.0,0.0,0.0,0.0,0.0,0.0,0.0,0.0,0.0,0.0,0.0,0.0,0.0,0.0,0.0,0.0,0.0,0.0,0.0]
984,0,1,[0.00000122640751449,0.00002279452546938,0.00020585028548871,0.00120341950400354,0.0051198435083603,0.01689566950908116,0.04501755832693208,0.0995405075363432,0.1863326714084736,0.26231659580894906,0.3146326630602011,0.19331369193884337,0.0,0.0,0.0,0.0,0.0,0.0,0.0,0.0]
1008,0,1,[0.00000157167934378,0.00003007258846046,0.0002798007885214,0.00168668569358132,0.00740580111095836,0.02524544333615806,0.0695488191510773,0.15915767814823006,0.30864886235196376,0.4511359660874904,0.5623176873326741,0.36015614475189894,0.0,0.0,0.0,0.0,0.0,0.0,0.0,0.0]
1032,0,1,[0.00000149097094744,0.00002935556635985,0.00028126130344319,0.0017473451534968,0.00791329058508401,0.02784710312294707,0.07926535160517291,0.18759180107898749,0.3765721348278046,0.5715297910979082,0.7404900766774882,0.4952773904998336,0.0,0.0,0.0,0.0,0.0,0.0,0.0,0.0]
1056,0,1,[0.00000124068437526,0.0000251252790894,0.00024778101900132,0.00158561473585514,0.00740242817324675,0.02687483772487316,0.07898799541495853,0.19318684404122602,0.401125892911138,0.6321323569478903,0.8515566260833134,0.5956802291873527,0.0,0.0,0.0,0.0,0.0,0.0,0.0,0.0]
1080,0,1,[0.00000095496334246,0.00001988329828405,0.00020173937752572,0.00132914194328001,0.00639319273325138,0.02393264922074103,0.0725856206970262,0.18334347260156042,0.3934862294624434,0.6438003676471771,0.9019793673040792,0.6607693159434909,0.0,0.0,0.0,0.0,0.0,0.0,0.0,0.0]
1104,0,1,[0.00000069609057202,0.0000148954241945,0.0001554240807507,0.00105378503999948,0.00521979429828673,0.02013700858137303,0.06298660487283139,0.16420692764770498,0.3640219680522054,0.6182803456614843,0.9011091772239949,0.6921994636126167,0.0,0.0,0.0,0.0,0.0,0.0,0.0,0.0]
1128,0,1,[0.00000048653157045,0.0000106961059839,0.00011473141517345,0.00080016990257457,0.00407977178773256,0.01621163935293047,0.05226818691678189,0.1405579654494585,0.32165647163771544,0.5670514090944659,0.8599255209402471,0.6934984759581158,0.0,0.0,0.0,0.0,0.0,0.0,0.0,0.0]
1152,0,1,[0.0000003284869321,0.00000741670322722,0.00008175159113264,0.00058625392959671,0.0030753932663894,0.01258157075429267,0.04179077283632714,0.1158603064662044,0.27353772325222725,0.5004458264655484,0.7898381208637422,0.669546534483006,0.0,0.0,0.0,0.0,0.0,0.0,0.0,0.0]
1176,0,1,[0.00000021523651324,0.00000498936743799,0.00005649445042147,0.00041640738304391,0.00224654091114293,0.00945795486695591,0.03234957686327371,0.09241335375007957,0.2249692785557008,0.42708685233700183,0.7016753455329343,0.6259958791150203,0.0,0.0,0.0,0.0,0.0,0.0,0.0,0.0]
1200,0,1,[0.00000013729668101,0.00000326657441606,0.00003798241676328,0.00028764775143007,0.00159539380932172,0.00690901664427853,0.02432295853329825,0.07156211702120144,0.1795361772039242,0.3536313854914265,0.6049370818289117,0.5687071341879615,0.0,0.0,0.0,0.0,0.0,0.0,0.0,0.0]
1224,0,1,[0.00000008544547089,0.00000208592209313,0.00002489892597376,0.00019367618450343,0.00110391023813901,0.00491557992760244,0.01780402086911871,0.05392456673731124,0.1393552708696718,0.2847686911377515,0.5073397665128226,0.5032627756906396,0.0,0.0,0.0,0.0,0.0,0.0,0.0,0.0]
1248,0,1,[0.00000005196002631,0.00000130117426938,0.00001593972624457,0.00012730735021655,0.00074543597745553,0.00341178100109449,0.01270845511969735,0.0396073541032796,0.10538542635370922,0.22340688660923785,0.4146377708744691,0.4345971174021694,0.0,0.0,0.0,0.0,0.0,0.0,0.0,0.0]
1272,0,1,[0.00000003090875171,0.00000079376501762,0.00000997649173499,0.00008178905656804,0.00049182287798287,0.0023128943844967,0.00885667921452709,0.0283917451677976,0.07774572449076078,0.17097430754039822,0.330674176721453,0.3667598329903031,0.0,0.0,0.0,0.0,0.0,0.0,0.0,0.0]
1296,0,1,[0.00000001800006719,0.00000047393952054,0.00000610989726301,0.00005140096305328,0.00031732694747535,0.00153280053812226,0.00603182910882276,0.01988118046804114,0.05600528136184404,0.12776962206857057,0.25759710391932406,0.3028100352542471,0.0,0.0,0.0,0.0,0.0,0.0,0.0,0.0]
1320,0,1,[0.00000001026832776,0.00000027713241727,0.00000366365576059,0.00003161946230113,0.00020034829626936,0.00099371009793449,0.00401721591933884,0.01360923903962067,0.03942358308815994,0.09330829897153307,0.19617409144601103,0.2448227902577396,0.0,0.0,0.0,0.0,0.0,0.0,0.0,0.0]
1344,0,1,[0.00000000574034441,0.00000015877116855,0.00000215185491586,0.00001904779265604,0.00012383746307203,0.00063051177265312,0.00261771982347493,0.00911171461663133,0.02713317634862302,0.06662962546437567,0.14614359606215488,0.19398078302320818,0.0,0.0,0.0,0.0,0.0,0.0,0.0,0.0]
1368,0,1,[0.00000000314566149,0.00000008914694482,0.000001238413499,0.00001124048870178,0.00007496467493466,0.00039169163550725,0.00166958803342322,0.00596919858247395,0.01826614756997445,0.04654460595325634,0.10655561329803363,0.15072056028967235,0.0,0.0,0.0,0.0,0.0,0.0,0.0,0.0]
1392,0,1,[0.00000000169004936,0.00000004906573859,0.00000069849816565,0.00000649942600176,0.0000444534255355,0.00023830108987665,0.00104256823573369,0.00382746063912116,0.01203186715817871,0.03181856806407009,0.07606898183733735,0.11490433265517587,0.0,0.0,0.0,0.0,0.0,0.0,0.0,0.0]
1416,0,1,[0.00000000089030505,0.00000002647514174,0.00000038616120135,0.00000368279120619,0.0000258266057291,0.00014200870541833,0.00063751835153765,0.00240257075796905,0.00775638224970555,0.0212920923668881,0.05318804785544986,0.08599320830788956,0.0,0.0,0.0,0.0,0.0,0.0,0.0,0.0]
1440,0,1,[0.00000000045986776,0.00000001400580557,0.0000002092682401,0.00000204514896898,0.00001470221459093,0.00008290059411227,0.0003817926881204,0.00147663668008087,0.00489434728101191,0.01394983061549838,0.03643399463525996,0.06320433781414689,0.0,0.0,0.0,0.0,0.0,0.0,0.0,0.0]
1464,0,1,[0.00000000023288799,0.00000000726415127,0.00000011116607868,0.00000111308221557,0.00000820099042587,0.00004741058754872,0.00022394295165739,0.00088866600729624,0.00302331145091889,0.00894938313118224,0.02445527650370316,0.04564135621097928,0.0,0.0,0.0,0.0,0.0,0.0,0.0,0.0]
1488,0,1,[0.00000000011561275,0.00000000369355466,0.00000005788386396,0.00000059370608109,0.00000448240811627,0.00002656242621064,0.00012865550782117,0.00052370202580086,0.00182828638602234,0.00562250144223367,0.01608709645683121,0.03239367054768857,0.0,0.0,0.0,0.0,0.0,0.0,0.0,0.0]
1512,0,1,[0.00000000005624658,0.00000000184095827,0.00000002954083722,0.00000031033216968,0.00000240045097592,0.00001457859716586,0.00007239154634518,0.00030220716238664,0.00108238044875174,0.00345937846076814,0.01037219882551184,0.02260494402802783,0.0,0.0,0.0,0.0,0.0,0.0,0.0,0.0]
1536,0,1,[0.00000000002680959,0.00000000089933642,0.00000001477460825,0.00000015894466251,0.00000125941531182,0.00000783760809597,0.0000398920396856,0.00017075641584882,0.00062729792630471,0.00208449863327515,0.00655519778468417,0.01551435286883437,0.0,0.0,0.0,0.0,0.0,0.0,0.0,0.0]
1560,0,1,[0.00000000001251468,0.00000000043052669,0.0000000072405378,0.00000007975669529,0.00000064726671349,0.00000412686613585,0.00002152676664168,0.0000944632045717,0.00035587230423701,0.00123006568943055,0.00406109529259685,0.01047592256622976,0.0,0.0,0.0,0.0,0.0,0.0,0.0,0.0]
1584,0,1,[0.00000000000571455,0.00000000020191963,0.00000000347623424,0.00000003920264774,0.00000032581096149,0.00000212795157203,0.00001137383445407,0.00005115748844396,0.00019760363422291,0.00071080882499747,0.00246633508878048,0.00696175953521608,0.0,0.0,0.0,0.0,0.0,0.0,0.0,0.0]
1608,0,1,[0.0000000000025433,0.0000000000927561,0.00000000163471757,0.00000001887138584,0.00000016059559303,0.0000010743118455,0.00000588300229641,0.0000271175929064,0.00010737837379578,0.00040219576267368,0.0014682886106768,0.00455463747421457,0.0,0.0,0.0,0.0,0.0,0.0,0.0,0.0]
1632,0,1,[0.00000000000109278,0.00000000004172596,0.00000000075279898,0.00000000889477758,0.00000007749841068,0.00000053092969334,0.00000297832088169,0.00001406729686599,0.00005709370308341,0.00022280929509753,0.00085686239312797,0.00293452919986185,0.0,0.0,0.0,0.0,0.0,0.0,0.0,0.0]
1656,0,1,[0.00000000000044212,0.00000000001838575,0.00000000033941423,0.00000000410397076,0.0000000366048082,0.00000025679174953,0.00000147546554699,0.00000714000104716,0.00002969789080425,0.00012083160368988,0.00049015425296806,0.00186259261748437,0.0,0.0,0.0,0.0,0.0,0.0,0.0,0.0]
1680,0,1,[0.00000000000015591,0.00000000000794565,0.0000000001498095,0.00000000185312064,0.00000001691823172,0.00000012152091671,0.00000071509770806,0.0000035449754532,0.00001510894406069,0.00006413710844219,0.00027482164887743,0.00116504188552737,0.0,0.0,0.0,0.0,0.0,0.0,0.0,0.0]
1704,0,1,[0.00000000000003239,0.00000000000337598,0.0000000000647385,0.00000000081871996,0.00000000764929289,0.00000005625034708,0.00000033897151388,0.00000172124918658,0.00000751636276031,0.00003331503944273,0.00015101963766887,0.00071839639063576,0.0,0.0,0.0,0.0,0.0,0.0,0.0,0.0]
1728,0,1,[-0.00000000000002002,0.00000000000141572,0.00000000002741842,0.0000000003538675,0.00000000338230597,0.00000002546083618,0.00000015710672755,0.00000081708499855,0.00000365535470184,0.00001693107742239,0.00008132837908287,0.00043686412316388,0.0,0.0,0.0,0.0,0.0,0.0,0.0,0.0]
1752,0,1,[-0.000000000000042,0.00000000000059124,0.00000000001142478,0.00000000014965003,0.00000000146223078,0.0000000112656336,0.00000007117415932,0.00000037909709594,0.00000173728754967,0.00000841674716219,0.00004291741292235,0.00026209291847066,0.0,0.0,0.0,0.0,0.0,0.0,0.0,0.0]
1776,0,1,[-0.00000000000005121,0.00000000000025166,0.00000000000473424,0.00000000006197623,0.0000000006179576,0.00000000487119096,0.00000003150642609,0.00000017185008154,0.00000080666957618,0.00000409178313297,0.00002219010441884,0.00015519018831705,0.0,0.0,0.0,0.0,0.0,0.0,0.0,0.0]
1800,0,1,[-0.00000000000005516,0.000000000000115,0.00000000000199787,0.00000000002521151,0.0000000002553254,0.00000000205771805,0.00000001362298129,0.00000007608719565,0.00000036580706435,0.00000194479593005,0.00001124001440478,0.00009073038259814,0.0,0.0,0.0,0.0,0.0,0.0,0.0,0.0]
1824,0,1,[-0.00000000000005697,0.00000000000006146,0.00000000000089983,0.00000000001016812,0.00000000010323265,0.00000000084905213,0.00000000575160792,0.0000000328907827,0.00000016195006097,0.0000009034505803,0.00000557698588997,0.00005239689024191,0.0,0.0,0.0,0.0,0.0,0.0,0.0,0.0]
1848,0,1,[-0.0000000000000579,0.0000000000000412,0.00000000000046725,0.00000000000417115,0.00000000004096895,0.00000000034226419,0.00000000237038157,0.0000000138762487,0.00000006997024849,0.00000041008237445,0.00000271017558573,0.00002990278151916,0.0,0.0,0.0,0.0,0.0,0.0,0.0,0.0]
1872,0,1,[-0.00000000000005845,0.00000000000003394,0.00000000000030046,0.00000000000183931,0.00000000001610268,0.00000000013495153,0.00000000095345035,0.0000000057114701,0.00000002948987843,0.00000018181662012,0.00000128972663836,0.00001687185123095,0.0,0.0,0.0,0.0,0.0,0.0,0.0,0.0]
1896,0,1,[-0.00000000000005883,0.00000000000003163,0.00000000000023786,0.0000000000009482,0.00000000000642574,0.00000000005224797,0.00000000037443715,0.00000000229290364,0.00000001211951471,0.00000007871264513,0.00000060094552343,0.00000941567884636,0.0,0.0,0.0,0.0,0.0,0.0,0.0,0.0]
1920,0,1,[-0.00000000000005911,0.00000000000003115,0.00000000000021518,0.00000000000061143,0.0000000000027632,0.00000000002008531,0.00000000014381653,0.00000000089784768,0.00000000485511481,0.00000003326235612,0.00000027412145167,0.00000519959746713,0.0,0.0,0.0,0.0,0.0,0.0,0.0,0.0]
1944,0,1,[-0.00000000000005933,0.00000000000003131,0.00000000000020738,0.00000000000048562,0.00000000000141101,0.0000000000078961,0.00000000005432455,0.00000000034324501,0.00000000189562301,0.00000001371555066,0.00000012239239602,0.00000284252853517,0.0,0.0,0.0,0.0,0.0,0.0,0.0,0.0]
1968,0,1,[-0.00000000000005948,0.00000000000003168,0.00000000000020494,0.00000000000043912,0.00000000000091625,0.00000000000339463,0.00000000002050182,0.00000000012856005,0.00000000072167819,0.00000000551705943,0.00000005348162058,0.00000153900042358,0.0,0.0,0.0,0.0,0.0,0.0,0.0,0.0]
1992,0,1,[-0.00000000000005959,0.00000000000003211,0.00000000000020432,0.00000000000042185,0.00000000000073377,0.00000000000177163,0.00000000000804592,0.00000000004767798,0.00000000026850292,0.00000000216476521,0.00000002286843159,0.00000082555256111,0.0,0.0,0.0,0.0,0.0,0.0,0.0,0.0]
2016,0,1,[-0.00000000000005966,0.00000000000003254,0.00000000000020423,0.00000000000041502,0.000000000000665,0.00000000000119369,0.00000000000355646,0.00000000001802332,0.00000000009834743,0.00000000082902513,0.00000000956784768,0.0000004389200025,0.0,0.0,0.0,0.0,0.0,0.0,0.0,0.0]
2040,0,1,[-0.00000000000005968,0.00000000000003294,0.00000000000020424,0.00000000000041174,0.0000000000006375,0.00000000000098497,0.00000000000194654,0.0000000000074162,0.00000000003622917,0.00000000031059785,0.00000000391704505,0.00000023137192656,0.0,0.0,0.0,0.0,0.0,0.0,0.0,0.0]
2064,0,1,[-0.00000000000005967,0.00000000000003333,0.0000000000002042,0.00000000000040954,0.00000000000062473,0.00000000000090524,0.00000000000136013,0.00000000000364744,0.00000000001416423,0.00000000011468794,0.00000000156977339,0.0000001209641564,0.0,0.0,0.0,0.0,0.0,0.0,0.0,0.0]
2088,0,1,[-0.00000000000005962,0.00000000000003369,0.00000000000020407,0.00000000000040758,0.000000000000617,0.00000000000087035,0.00000000000114494,0.00000000000222033,0.00000000000646792,0.00000000004262819,0.00000000061660774,0.00000006274009481,0.0,0.0,0.0,0.0,0.0,0.0,0.0,0.0]
2112,0,1,[-0.00000000000005954,0.00000000000003402,0.00000000000020383,0.00000000000040557,0.00000000000061086,0.00000000000085078,0.00000000000106281,0.00000000000160921,0.00000000000366581,0.00000000001681688,0.00000000023827983,0.00000003229117974,0.0,0.0,0.0,0.0,0.0,0.0,0.0,0.0]
2136,0,1,[-0.00000000000005943,0.00000000000003433,0.00000000000020349,0.00000000000040343,0.00000000000060512,0.00000000000083627,0.00000000000102408,0.00000000000129834,0.00000000000238635,0.0000000000077539,0.0000000000915156,0.00000001649564051,0.0,0.0,0.0,0.0,0.0,0.0,0.0,0.0]
2160,0,1,[-0.00000000000005932,0.00000000000003464,0.00000000000020313,0.00000000000040126,0.00000000000059951,0.00000000000082343,0.00000000000099771,0.00000000000108275,0.00000000000137245,0.00000000000447068,0.00000000003587233,0.00000000836547834,0.0,0.0,0.0,0.0,0.0,0.0,0.0,0.0]
2184,0,1,[-0.0000000000000592,0.00000000000003494,0.00000000000020274,0.00000000000039906,0.00000000000059392,0.0000000000008111,0.00000000000097421,0.00000000000097527,0.00000000000082114,0.00000000000278664,0.00000000001524763,0.00000000421252506,0.0,0.0,0.0,0.0,0.0,0.0,0.0,0.0]
2208,0,1,[-0.00000000000005909,0.00000000000003524,0.00000000000020237,0.00000000000039689,0.00000000000058841,0.000000000000799,0.00000000000095119,0.00000000000090483,0.00000000000064624,0.00000000000122195,0.00000000000767487,0.00000000210689948,0.0,0.0,0.0,0.0,0.0,0.0,0.0,0.0]
2232,0,1,[-0.00000000000005897,0.00000000000003552,0.00000000000020199,0.00000000000039474,0.00000000000058293,0.00000000000078699,0.00000000000092817,0.0000000000008476,0.00000000000055457,0.00000000000054024,0.00000000000445971,0.00000000104708433,0.0,0.0,0.0,0.0,0.0,0.0,0.0,0.0]
2256,0,1,[-0.00000000000005884,0.00000000000003578,0.00000000000020155,0.00000000000039253,0.00000000000057739,0.00000000000077491,0.00000000000090504,0.00000000000079624,0.00000000000050127,0.0000000000003322,0.00000000000269683,0.00000000051743686,0.0,0.0,0.0,0.0,0.0,0.0,0.0,0.0]
2280,0,1,[-0.00000000000005873,0.00000000000003605,0.00000000000020115,0.00000000000039039,0.00000000000057196,0.00000000000076295,0.00000000000088206,0.00000000000074869,0.00000000000045691,0.00000000000025241,0.00000000000108869,0.0000000002546107,0.0,0.0,0.0,0.0,0.0,0.0,0.0,0.0]
2304,0,1,[-0.00000000000005861,0.00000000000003631,0.00000000000020074,0.00000000000038828,0.00000000000056657,0.00000000000075103,0.00000000000085923,0.00000000000070416,0.00000000000041957,0.0000000000002156,0.00000000000041323,0.00000000012493669,0.0,0.0,0.0,0.0,0.0,0.0,0.0,0.0]
2328,0,1,[-0.00000000000005848,0.00000000000003654,0.00000000000020029,0.00000000000038611,0.00000000000056115,0.00000000000073908,0.00000000000083652,0.00000000000066234,0.00000000000038545,0.00000000000019113,0.00000000000019181,0.00000000006139543,0.0,0.0,0.0,0.0,0.0,0.0,0.0,0.0]
2352,0,1,[-0.00000000000005834,0.00000000000003675,0.00000000000019979,0.00000000000038388,0.00000000000055566,0.00000000000072705,0.00000000000081392,0.00000000000062306,0.00000000000035475,0.00000000000017234,0.000000000000116,0.00000000003049285,0.0,0.0,0.0,0.0,0.0,0.0,0.0,0.0]
2376,0,1,[-0.00000000000005818,0.00000000000003695,0.00000000000019923,0.00000000000038158,0.00000000000055007,0.00000000000071493,0.00000000000079143,0.00000000000058616,0.00000000000032665,0.0000000000001559,0.00000000000008705,0.00000000001556879,0.0,0.0,0.0,0.0,0.0,0.0,0.0,0.0]
2400,0,1,[-0.000000000000058,0.00000000000003713,0.00000000000019863,0.00000000000037921,0.00000000000054441,0.00000000000070271,0.00000000000076907,0.00000000000055153,0.00000000000030108,0.00000000000014154,0.00000000000007304,0.00000000000840227,0.0,0.0,0.0,0.0,0.0,0.0,0.0,0.0]
2424,0,1,[-0.00000000000005782,0.0000000000000373,0.00000000000019799,0.00000000000037678,0.00000000000053866,0.00000000000069042,0.00000000000073999,0.00000000000051902,0.0000000000002777,0.00000000000012858,0.00000000000006403,0.00000000000495883,0.0,0.0,0.0,0.0,0.0,0.0,0.0,0.0]
2448,0,1,[-0.00000000000005762,0.00000000000003746,0.00000000000019731,0.0000000000003743,0.00000000000053286,0.00000000000067808,0.00000000000071014,0.00000000000048723,0.00000000000025635,0.00000000000011703,0.00000000000005712,0.00000000000326087,0.0,0.0,0.0,0.0,0.0,0.0,0.0,0.0]
2472,0,1,[-0.00000000000005742,0.00000000000003761,0.0000000000001966,0.00000000000037177,0.00000000000052701,0.0000000000006657,0.00000000000068111,0.00000000000045741,0.00000000000023661,0.00000000000010658,0.00000000000005125,0.00000000000233198,0.0,0.0,0.0,0.0,0.0,0.0,0.0,0.0]
2496,0,1,[-0.00000000000005721,0.00000000000003775,0.00000000000019588,0.00000000000036924,0.00000000000052115,0.00000000000065334,0.00000000000065312,0.00000000000042953,0.00000000000021865,0.00000000000009718,0.00000000000004613,0.00000000000159722,0.0,0.0,0.0,0.0,0.0,0.0,0.0,0.0]
2520,0,1,[-0.00000000000005703,0.0000000000000379,0.00000000000019521,0.0000000000003668,0.0000000000005154,0.00000000000064113,0.00000000000062624,0.00000000000040351,0.00000000000020216,0.00000000000008871,0.00000000000004159,0.00000000000084449,0.0,0.0,0.0,0.0,0.0,0.0,0.0,0.0]
2544,0,1,[-0.00000000000005685,0.00000000000003804,0.00000000000019457,0.00000000000036443,0.00000000000050974,0.00000000000062907,0.00000000000060044,0.00000000000037921,0.00000000000018709,0.00000000000008106,0.00000000000003756,0.00000000000038879,0.0,0.0,0.0,0.0,0.0,0.0,0.0,0.0]
2568,0,1,[-0.00000000000005666,0.00000000000003817,0.00000000000019391,0.00000000000036206,0.00000000000050412,0.0000000000006171,0.00000000000057565,0.00000000000035649,0.00000000000017327,0.00000000000007415,0.00000000000003395,0.00000000000018109,0.0,0.0,0.0,0.0,0.0,0.0,0.0,0.0]
2592,0,1,[-0.00000000000005647,0.00000000000003829,0.00000000000019322,0.00000000000035967,0.0000000000004985,0.0000000000006052,0.00000000000055183,0.00000000000033527,0.00000000000016059,0.00000000000006789,0.00000000000003074,0.00000000000008674,0.0,0.0,0.0,0.0,0.0,0.0,0.0,0.0]
2616,0,1,[-0.00000000000005628,0.0000000000000384,0.00000000000019252,0.00000000000035727,0.00000000000049286,0.00000000000059337,0.00000000000052895,0.00000000000031542,0.00000000000014894,0.00000000000006222,0.00000000000002785,0.00000000000004386,0.0,0.0,0.0,0.0,0.0,0.0,0.0,0.0]
2640,0,1,[-0.00000000000005607,0.00000000000003851,0.0000000000001918,0.00000000000035484,0.00000000000048722,0.00000000000058159,0.00000000000050698,0.00000000000029686,0.00000000000013825,0.00000000000005708,0.00000000000002528,0.00000000000002424,0.0,0.0,0.0,0.0,0.0,0.0,0.0,0.0]
2664,0,1,[-0.00000000000005587,0.0000000000000386,0.00000000000019107,0.00000000000035241,0.00000000000048156,0.00000000000056988,0.00000000000048591,0.00000000000027949,0.00000000000012841,0.00000000000005241,0.00000000000002295,0.00000000000001508,0.0,0.0,0.0,0.0,0.0,0.0,0.0,0.0]
2688,0,1,[-0.00000000000005566,0.00000000000003868,0.00000000000019032,0.00000000000034996,0.00000000000047591,0.00000000000055824,0.0000000000004657,0.00000000000026325,0.00000000000011935,0.00000000000004817,0.00000000000002087,0.00000000000001062,0.0,0.0,0.0,0.0,0.0,0.0,0.0,0.0]
2712,0,1,[-0.00000000000005545,0.00000000000003876,0.00000000000018956,0.0000000000003475,0.00000000000047025,0.00000000000054669,0.00000000000044632,0.00000000000024805,0.00000000000011101,0.00000000000004431,0.000000000000019,0.00000000000000828,0.0,0.0,0.0,0.0,0.0,0.0,0.0,0.0]
2736,0,1,[-0.00000000000005523,0.00000000000003883,0.00000000000018879,0.00000000000034503,0.0000000000004646,0.00000000000053523,0.00000000000042775,0.00000000000023381,0.00000000000010332,0.00000000000004079,0.00000000000001731,0.00000000000000692,0.0,0.0,0.0,0.0,0.0,0.0,0.0,0.0]
2760,0,1,[-0.00000000000005501,0.0000000000000389,0.00000000000018801,0.00000000000034257,0.00000000000045895,0.00000000000052387,0.00000000000040996,0.00000000000022049,0.00000000000009623,0.00000000000003759,0.00000000000001579,0.00000000000000601,0.0,0.0,0.0,0.0,0.0,0.0,0.0,0.0]
2784,0,1,[-0.00000000000005479,0.00000000000003896,0.00000000000018722,0.0000000000003401,0.00000000000045332,0.00000000000051262,0.00000000000039293,0.000000000000208,0.00000000000008969,0.00000000000003467,0.00000000000001441,0.00000000000000534,0.0,0.0,0.0,0.0,0.0,0.0,0.0,0.0]
2808,0,1,[-0.00000000000005457,0.00000000000003901,0.00000000000018642,0.00000000000033763,0.0000000000004477,0.00000000000050149,0.00000000000037662,0.00000000000019631,0.00000000000008364,0.00000000000003199,0.00000000000001317,0.00000000000000479,0.0,0.0,0.0,0.0,0.0,0.0,0.0,0.0]
2832,0,1,[-0.00000000000005435,0.00000000000003905,0.00000000000018562,0.00000000000033516,0.0000000000004421,0.00000000000049049,0.00000000000036102,0.00000000000018534,0.00000000000007805,0.00000000000002955,0.00000000000001205,0.00000000000000433,0.0,0.0,0.0,0.0,0.0,0.0,0.0,0.0]
2856,0,1,[-0.00000000000005412,0.00000000000003909,0.00000000000018482,0.00000000000033269,0.00000000000043652,0.00000000000047962,0.00000000000034609,0.00000000000017506,0.00000000000007288,0.00000000000002732,0.00000000000001103,0.00000000000000392,0.0,0.0,0.0,0.0,0.0,0.0,0.0,0.0]
2880,0,1,[-0.0000000000000539,0.00000000000003913,0.00000000000018401,0.00000000000033023,0.00000000000043096,0.00000000000046888,0.0000000000003318,0.00000000000016541,0.00000000000006809,0.00000000000002527,0.0000000000000101,0.00000000000000356,0.0,0.0,0.0,0.0,0.0,0.0,0.0,0.0]
2904,0,1,[-0.00000000000005367,0.00000000000003916,0.0000000000001832,0.00000000000032778,0.00000000000042543,0.00000000000045829,0.00000000000031814,0.00000000000015636,0.00000000000006366,0.00000000000002339,0.00000000000000927,0.00000000000000323,0.0,0.0,0.0,0.0,0.0,0.0,0.0,0.0]
2928,0,1,[-0.00000000000005344,0.00000000000003919,0.00000000000018238,0.00000000000032533,0.00000000000041992,0.00000000000044785,0.00000000000030507,0.00000000000014787,0.00000000000005955,0.00000000000002167,0.0000000000000085,0.00000000000000294,0.0,0.0,0.0,0.0,0.0,0.0,0.0,0.0]
2952,0,1,[-0.00000000000005322,0.00000000000003921,0.00000000000018156,0.00000000000032289,0.00000000000041444,0.00000000000043756,0.00000000000029257,0.00000000000013989,0.00000000000005574,0.00000000000002009,0.00000000000000781,0.00000000000000268,0.0,0.0,0.0,0.0,0.0,0.0,0.0,0.0]
2976,0,1,[-0.00000000000005299,0.00000000000003922,0.00000000000018074,0.00000000000032045,0.00000000000040899,0.00000000000042742,0.00000000000028062,0.00000000000013239,0.0000000000000522,0.00000000000001864,0.00000000000000718,0.00000000000000245,0.0,0.0,0.0,0.0,0.0,0.0,0.0,0.0]
3000,0,1,[-0.00000000000005276,0.00000000000003924,0.00000000000017992,0.00000000000031803,0.00000000000040357,0.00000000000041744,0.00000000000026919,0.00000000000012535,0.00000000000004891,0.00000000000001731,0.00000000000000661,0.00000000000000223,0.0,0.0,0.0,0.0,0.0,0.0,0.0,0.0]
3024,0,1,[-0.00000000000005253,0.00000000000003924,0.0000000000001791,0.00000000000031561,0.00000000000039819,0.00000000000040763,0.00000000000025826,0.00000000000011872,0.00000000000004586,0.00000000000001608,0.00000000000000608,0.00000000000000204,0.0,0.0,0.0,0.0,0.0,0.0,0.0,0.0]
3048,0,1,[-0.00000000000005231,0.00000000000003925,0.00000000000017829,0.00000000000031322,0.00000000000039285,0.00000000000039798,0.00000000000024781,0.00000000000011249,0.00000000000004302,0.00000000000001494,0.00000000000000561,0.00000000000000187,0.0,0.0,0.0,0.0,0.0,0.0,0.0,0.0]
3072,0,1,[-0.0000000000000521,0.00000000000003927,0.00000000000017752,0.00000000000031088,0.0000000000003876,0.00000000000038854,0.00000000000023783,0.00000000000010663,0.00000000000004038,0.0000000000000139,0.00000000000000517,0.00000000000000171,0.0,0.0,0.0,0.0,0.0,0.0,0.0,0.0]
3096,0,1,[-0.0000000000000519,0.00000000000003929,0.00000000000017677,0.00000000000030861,0.00000000000038243,0.00000000000037931,0.0000000000002283,0.00000000000010112,0.00000000000003792,0.00000000000001294,0.00000000000000477,0.00000000000000156,0.0,0.0,0.0,0.0,0.0,0.0,0.0,0.0]
3120,0,1,[-0.0000000000000517,0.0000000000000393,0.00000000000017606,0.0000000000003064,0.00000000000037736,0.00000000000037029,0.0000000000002192,0.00000000000009593,0.00000000000003562,0.00000000000001205,0.0000000000000044,0.00000000000000143,0.0,0.0,0.0,0.0,0.0,0.0,0.0,0.0]
3144,0,1,[-0.00000000000005151,0.00000000000003932,0.00000000000017535,0.00000000000030422,0.00000000000037236,0.00000000000036147,0.00000000000021051,0.00000000000009104,0.00000000000003349,0.00000000000001123,0.00000000000000407,0.00000000000000132,0.0,0.0,0.0,0.0,0.0,0.0,0.0,0.0]
3168,0,1,[-0.00000000000005132,0.00000000000003933,0.00000000000017464,0.00000000000030205,0.00000000000036741,0.00000000000035284,0.00000000000020219,0.00000000000008643,0.0000000000000315,0.00000000000001047,0.00000000000000376,0.00000000000000121,0.0,0.0,0.0,0.0,0.0,0.0,0.0,0.0]
3192,0,1,[-0.00000000000005113,0.00000000000003934,0.00000000000017393,0.0000000000002999,0.00000000000036251,0.00000000000034439,0.00000000000019425,0.00000000000008209,0.00000000000002964,0.00000000000000977,0.00000000000000348,0.00000000000000111,0.0,0.0,0.0,0.0,0.0,0.0,0.0,0.0]
3216,0,1,[-0.00000000000005094,0.00000000000003934,0.00000000000017323,0.00000000000029775,0.00000000000035764,0.0000000000003361,0.00000000000018664,0.00000000000007799,0.0000000000000279,0.00000000000000912,0.00000000000000323,0.00000000000000102,0.0,0.0,0.0,0.0,0.0,0.0,0.0,0.0]
3240,0,1,[-0.00000000000005075,0.00000000000003935,0.00000000000017253,0.00000000000029562,0.00000000000035281,0.00000000000032799,0.00000000000017937,0.00000000000007413,0.00000000000002628,0.00000000000000852,0.00000000000000299,0.00000000000000094,0.0,0.0,0.0,0.0,0.0,0.0,0.0,0.0]
3264,0,1,[-0.00000000000005058,0.00000000000003936,0.00000000000017187,0.00000000000029354,0.00000000000034806,0.00000000000032007,0.00000000000017242,0.00000000000007048,0.00000000000002477,0.00000000000000796,0.00000000000000277,0.00000000000000086,0.0,0.0,0.0,0.0,0.0,0.0,0.0,0.0]
3288,0,1,[-0.00000000000005041,0.00000000000003938,0.00000000000017123,0.00000000000029152,0.00000000000034339,0.00000000000031233,0.00000000000016577,0.00000000000006704,0.00000000000002335,0.00000000000000745,0.00000000000000257,0.0000000000000008,0.0,0.0,0.0,0.0,0.0,0.0,0.0,0.0]
3312,0,1,[-0.00000000000005025,0.00000000000003939,0.00000000000017061,0.00000000000028953,0.00000000000033879,0.00000000000030479,0.00000000000015941,0.00000000000006379,0.00000000000002202,0.00000000000000697,0.00000000000000239,0.00000000000000073,0.0,0.0,0.0,0.0,0.0,0.0,0.0,0.0]
3336,0,1,[-0.00000000000005009,0.00000000000003941,0.00000000000017,0.00000000000028758,0.00000000000033426,0.00000000000029742,0.00000000000015333,0.00000000000006071,0.00000000000002078,0.00000000000000652,0.00000000000000222,0.00000000000000068,0.0,0.0,0.0,0.0,0.0,0.0,0.0,0.0]
3360,0,1,[-0.00000000000004993,0.00000000000003942,0.0000000000001694,0.00000000000028564,0.00000000000032978,0.00000000000029023,0.00000000000014751,0.00000000000005781,0.00000000000001962,0.00000000000000611,0.00000000000000206,0.00000000000000063,0.0,0.0,0.0,0.0,0.0,0.0,0.0,0.0]
3384,0,1,[-0.00000000000004978,0.00000000000003943,0.00000000000016879,0.00000000000028371,0.00000000000032534,0.0000000000002832,0.00000000000014194,0.00000000000005506,0.00000000000001853,0.00000000000000572,0.00000000000000192,0.00000000000000058,0.0,0.0,0.0,0.0,0.0,0.0,0.0,0.0]
3408,0,1,[-0.00000000000004963,0.00000000000003944,0.0000000000001682,0.00000000000028181,0.00000000000032095,0.00000000000027634,0.00000000000013661,0.00000000000005246,0.00000000000001751,0.00000000000000537,0.00000000000000178,0.00000000000000053,0.0,0.0,0.0,0.0,0.0,0.0,0.0,0.0]
3432,0,1,[-0.00000000000004948,0.00000000000003946,0.00000000000016764,0.00000000000027994,0.00000000000031663,0.00000000000026964,0.0000000000001315,0.00000000000005,0.00000000000001655,0.00000000000000503,0.00000000000000166,0.00000000000000049,0.0,0.0,0.0,0.0,0.0,0.0,0.0,0.0]
3456,0,1,[-0.00000000000004935,0.00000000000003947,0.00000000000016709,0.00000000000027812,0.00000000000031238,0.00000000000026312,0.00000000000012662,0.00000000000004768,0.00000000000001565,0.00000000000000472,0.00000000000000155,0.00000000000000046,0.0,0.0,0.0,0.0,0.0,0.0,0.0,0.0]
3480,0,1,[-0.00000000000004922,0.00000000000003949,0.00000000000016656,0.00000000000027633,0.00000000000030819,0.00000000000025675,0.00000000000012194,0.00000000000004547,0.0000000000000148,0.00000000000000444,0.00000000000000144,0.00000000000000042,0.0,0.0,0.0,0.0,0.0,0.0,0.0,0.0]
3504,0,1,[-0.00000000000004909,0.00000000000003951,0.00000000000016605,0.00000000000027456,0.00000000000030406,0.00000000000025055,0.00000000000011746,0.00000000000004338,0.00000000000001401,0.00000000000000417,0.00000000000000134,0.00000000000000039,0.0,0.0,0.0,0.0,0.0,0.0,0.0,0.0]
3528,0,1,[-0.00000000000004896,0.00000000000003953,0.00000000000016553,0.00000000000027281,0.00000000000029999,0.00000000000024451,0.00000000000011317,0.00000000000004141,0.00000000000001327,0.00000000000000392,0.00000000000000125,0.00000000000000036,0.0,0.0,0.0,0.0,0.0,0.0,0.0,0.0]
3552,0,1,[-0.00000000000004884,0.00000000000003955,0.00000000000016503,0.00000000000027108,0.00000000000029596,0.00000000000023861,0.00000000000010905,0.00000000000003953,0.00000000000001257,0.00000000000000368,0.00000000000000117,0.00000000000000034,0.0,0.0,0.0,0.0,0.0,0.0,0.0,0.0]
3576,0,1,[-0.00000000000004872,0.00000000000003957,0.00000000000016454,0.00000000000026938,0.00000000000029199,0.00000000000023286,0.00000000000010511,0.00000000000003775,0.00000000000001191,0.00000000000000346,0.00000000000000109,0.00000000000000031,0.0,0.0,0.0,0.0,0.0,0.0,0.0,0.0]
3600,0,1,[-0.00000000000004861,0.00000000000003959,0.00000000000016408,0.00000000000026771,0.00000000000028808,0.00000000000022726,0.00000000000010133,0.00000000000003606,0.00000000000001129,0.00000000000000326,0.00000000000000102,0.00000000000000029,0.0,0.0,0.0,0.0,0.0,0.0,0.0,0.0]
3624,0,1,[-0.00000000000004851,0.00000000000003962,0.00000000000016363,0.00000000000026608,0.00000000000028423,0.00000000000022181,0.00000000000009771,0.00000000000003446,0.0000000000000107,0.00000000000000307,0.00000000000000095,0.00000000000000027,0.0,0.0,0.0,0.0,0.0,0.0,0.0,0.0]
3648,0,1,[-0.00000000000004841,0.00000000000003964,0.00000000000016319,0.00000000000026447,0.00000000000028044,0.0000000000002165,0.00000000000009424,0.00000000000003294,0.00000000000001015,0.00000000000000289,0.00000000000000089,0.00000000000000025,0.0,0.0,0.0,0.0,0.0,0.0,0.0,0.0]
3672,0,1,[-0.00000000000004831,0.00000000000003967,0.00000000000016276,0.00000000000026288,0.0000000000002767,0.00000000000021132,0.0000000000000909,0.0000000000000315,0.00000000000000963,0.00000000000000272,0.00000000000000084,0.00000000000000023,0.0,0.0,0.0,0.0,0.0,0.0,0.0,0.0]
3696,0,1,[-0.00000000000004822,0.0000000000000397,0.00000000000016234,0.00000000000026131,0.00000000000027301,0.00000000000020628,0.00000000000008771,0.00000000000003012,0.00000000000000914,0.00000000000000257,0.00000000000000078,0.00000000000000022,0.0,0.0,0.0,0.0,0.0,0.0,0.0,0.0]
3720,0,1,[-0.00000000000004813,0.00000000000003973,0.00000000000016194,0.00000000000025976,0.00000000000026938,0.00000000000020137,0.00000000000008464,0.00000000000002882,0.00000000000000868,0.00000000000000242,0.00000000000000073,0.0000000000000002,0.0,0.0,0.0,0.0,0.0,0.0,0.0,0.0]
3744,0,1,[-0.00000000000004804,0.00000000000003976,0.00000000000016155,0.00000000000025824,0.0000000000002658,0.00000000000019659,0.0000000000000817,0.00000000000002758,0.00000000000000825,0.00000000000000228,0.00000000000000069,0.00000000000000019,0.0,0.0,0.0,0.0,0.0,0.0,0.0,0.0]
3768,0,1,[-0.00000000000004797,0.00000000000003979,0.00000000000016118,0.00000000000025676,0.00000000000026228,0.00000000000019194,0.00000000000007888,0.0000000000000264,0.00000000000000784,0.00000000000000215,0.00000000000000064,0.00000000000000018,0.0,0.0,0.0,0.0,0.0,0.0,0.0,0.0]
3792,0,1,[-0.00000000000004789,0.00000000000003983,0.00000000000016083,0.00000000000025529,0.00000000000025881,0.00000000000018742,0.00000000000007617,0.00000000000002528,0.00000000000000745,0.00000000000000203,0.0000000000000006,0.00000000000000016,0.0,0.0,0.0,0.0,0.0,0.0,0.0,0.0]
3816,0,1,[-0.00000000000004782,0.00000000000003986,0.00000000000016047,0.00000000000025385,0.00000000000025539,0.00000000000018301,0.00000000000007357,0.00000000000002422,0.00000000000000709,0.00000000000000192,0.00000000000000057,0.00000000000000015,0.0,0.0,0.0,0.0,0.0,0.0,0.0,0.0]
3840,0,1,[-0.00000000000004775,0.0000000000000399,0.00000000000016014,0.00000000000025242,0.00000000000025202,0.00000000000017841,0.00000000000007107,0.0000000000000232,0.00000000000000674,0.00000000000000182,0.00000000000000053,0.00000000000000014,0.0,0.0,0.0,0.0,0.0,0.0,0.0,0.0]
3864,0,1,[-0.0000000000000473,0.00000000000003961,0.00000000000015849,0.00000000000024894,0.00000000000024665,0.00000000000017242,0.00000000000006807,0.00000000000002205,0.00000000000000636,0.0000000000000017,0.0000000000000005,0.00000000000000013,0.0,0.0,0.0,0.0,0.0,0.0,0.0,0.0]
3888,0,1,[-0.0,0.0,0.0,0.0,0.0,0.0,0.0,0.0,0.0,0.0,0.0,0.0,0.0,0.0,0.0,0.0,0.0,0.0,0.0,0.0]
3912,0,1,[-0.0,0.0,0.0,0.0,0.0,0.0,0.0,0.0,0.0,0.0,0.0,0.0,0.0,0.0,0.0,0.0,0.0,0.0,0.0,0.0]
3936,0,1,[-0.0,0.0,0.0,0.0,0.0,0.0,0.0,0.0,0.0,0.0,0.0,0.0,0.0,0.0,0.0,0.0,0.0,0.0,0.0,0.0]
3960,0,1,[-0.0,0.0,0.0,0.0,0.0,0.0,0.0,0.0,0.0,0.0,0.0,0.0,0.0,0.0,0.0,0.0,0.0,0.0,0.0,0.0]
3984,0,1,[-0.0,0.0,0.0,0.0,0.0,0.0,0.0,0.0,0.0,0.0,0.0,0.0,0.0,0.0,0.0,0.0,0.0,0.0,0.0,0.0]
4008,0,1,[-0.0,0.0,0.0,0.0,0.0,0.0,0.0,0.0,0.0,0.0,0.0,0.0,0.0,0.0,0.0,0.0,0.0,0.0,0.0,0.0]
4032,0,1,[-0.0,0.0,0.0,0.0,0.0,0.0,0.0,0.0,0.0,0.0,0.0,0.0,0.0,0.0,0.0,0.0,0.0,0.0,0.0,0.0]
4056,0,1,[-0.0,0.0,0.0,0.0,0.0,0.0,0.0,0.0,0.0,0.0,0.0,0.0,0.0,0.0,0.0,0.0,0.0,0.0,0.0,0.0]
4080,0,1,[-0.0,0.0,0.0,0.0,0.0,0.0,0.0,0.0,0.0,0.0,0.0,0.0,0.0,0.0,0.0,0.0,0.0,0.0,0.0,0.0]
4104,0,1,[-0.0,0.0,0.0,0.0,0.0,0.0,0.0,0.0,0.0,0.0,0.0,0.0,0.0,0.0,0.0,0.0,0.0,0.0,0.0,0.0]
4128,0,1,[-0.0,0.0,0.0,0.0,0.0,0.0,0.0,0.0,0.0,0.0,0.0,0.0,0.0,0.0,0.0,0.0,0.0,0.0,0.0,0.0]
4152,0,1,[-0.0,0.0,0.0,0.0,0.0,0.0,0.0,0.0,0.0,0.0,0.0,0.0,0.0,0.0,0.0,0.0,0.0,0.0,0.0,0.0]
4176,0,1,[-0.0,0.0,0.0,0.0,0.0,0.0,0.0,0.0,0.0,0.0,0.0,0.0,0.0,0.0,0.0,0.0,0.0,0.0,0.0,0.0]
4200,0,1,[-0.0,0.0,0.0,0.0,0.0,0.0,0.0,0.0,0.0,0.0,0.0,0.0,0.0,0.0,0.0,0.0,0.0,0.0,0.0,0.0]
4224,0,1,[-0.0,0.0,0.0,0.0,0.0,0.0,0.0,0.0,0.0,0.0,0.0,0.0,0.0,0.0,0.0,0.0,0.0,0.0,0.0,0.0]
4248,0,1,[-0.0,0.0,0.0,0.0,0.0,0.0,0.0,0.0,0.0,0.0,0.0,0.0,0.0,0.0,0.0,0.0,0.0,0.0,0.0,0.0]
4272,0,1,[-0.0,0.0,0.0,0.0,0.0,0.0,0.0,0.0,0.0,0.0,0.0,0.0,0.0,0.0,0.0,0.0,0.0,0.0,0.0,0.0]
4296,0,1,[-0.0,0.0,0.0,0.0,0.0,0.0,0.0,0.0,0.0,0.0,0.0,0.0,0.0,0.0,0.0,0.0,0.0,0.0,0.0,0.0]
4320,0,1,[-0.0,0.0,0.0,0.0,0.0,0.0,0.0,0.0,0.0,0.0,0.0,0.0,0.0,0.0,0.0,0.0,0.0,0.0,0.0,0.0]
4344,0,1,[-0.0,0.0,0.0,0.0,0.0,0.0,0.0,0.0,0.0,0.0,0.0,0.0,0.0,0.0,0.0,0.0,0.0,0.0,0.0,0.0]
4368,0,1,[-0.0,0.0,0.0,0.0,0.0,0.0,0.0,0.0,0.0,0.0,0.0,0.0,0.0,0.0,0.0,0.0,0.0,0.0,0.0,0.0]
4392,0,1,[-0.0,0.0,0.0,0.0,0.0,0.0,0.0,0.0,0.0,0.0,0.0,0.0,0.0,0.0,0.0,0.0,0.0,0.0,0.0,0.0]
4416,0,1,[-0.0,0.0,0.0,0.0,0.0,0.0,0.0,0.0,0.0,0.0,0.0,0.0,0.0,0.0,0.0,0.0,0.0,0.0,0.0,0.0]
4440,0,1,[-0.0,0.0,0.0,0.0,0.0,0.0,0.0,0.0,0.0,0.0,0.0,0.0,0.0,0.0,0.0,0.0,0.0,0.0,0.0,0.0]
4464,0,1,[-0.0,0.0,0.0,0.0,0.0,0.0,0.0,0.0,0.0,0.0,0.0,0.0,0.0,0.0,0.0,0.0,0.0,0.0,0.0,0.0]
4488,0,1,[-0.0,0.0,0.0,0.0,0.0,0.0,0.0,0.0,0.0,0.0,0.0,0.0,0.0,0.0,0.0,0.0,0.0,0.0,0.0,0.0]
4512,0,1,[-0.0,0.0,0.0,0.0,0.0,0.0,0.0,0.0,0.0,0.0,0.0,0.0,0.0,0.0,0.0,0.0,0.0,0.0,0.0,0.0]
4536,0,1,[-0.0,0.0,0.0,0.0,0.0,0.0,0.0,0.0,0.0,0.0,0.0,0.0,0.0,0.0,0.0,0.0,0.0,0.0,0.0,0.0]
4560,0,1,[-0.0,0.0,0.0,0.0,0.0,0.0,0.0,0.0,0.0,0.0,0.0,0.0,0.0,0.0,0.0,0.0,0.0,0.0,0.0,0.0]
4584,0,1,[-0.0,0.0,0.0,0.0,0.0,0.0,0.0,0.0,0.0,0.0,0.0,0.0,0.0,0.0,0.0,0.0,0.0,0.0,0.0,0.0]
4608,0,1,[-0.0,0.0,0.0,0.0,0.0,0.0,0.0,0.0,0.0,0.0,0.0,0.0,0.0,0.0,0.0,0.0,0.0,0.0,0.0,0.0]
4632,0,1,[-0.0,0.0,0.0,0.0,0.0,0.0,0.0,0.0,0.0,0.0,0.0,0.0,0.0,0.0,0.0,0.0,0.0,0.0,0.0,0.0]
4656,0,1,[-0.0,0.0,0.0,0.0,0.0,0.0,0.0,0.0,0.0,0.0,0.0,0.0,0.0,0.0,0.0,0.0,0.0,0.0,0.0,0.0]
4680,0,1,[-0.0,0.0,0.0,0.0,0.0,0.0,0.0,0.0,0.0,0.0,0.0,0.0,0.0,0.0,0.0,0.0,0.0,0.0,0.0,0.0]
4704,0,1,[-0.0,0.0,0.0,0.0,0.0,0.0,0.0,0.0,0.0,0.0,0.0,0.0,0.0,0.0,0.0,0.0,0.0,0.0,0.0,0.0]
4728,0,1,[-0.0,0.0,0.0,0.0,0.0,0.0,0.0,0.0,0.0,0.0,0.0,0.0,0.0,0.0,0.0,0.0,0.0,0.0,0.0,0.0]
4752,0,1,[-0.0,0.0,0.0,0.0,0.0,0.0,0.0,0.0,0.0,0.0,0.0,0.0,0.0,0.0,0.0,0.0,0.0,0.0,0.0,0.0]
4776,0,1,[-0.0,0.0,0.0,0.0,0.0,0.0,0.0,0.0,0.0,0.0,0.0,0.0,0.0,0.0,0.0,0.0,0.0,0.0,0.0,0.0]
4800,0,1,[-0.0,0.0,0.0,0.0,0.0,0.0,0.0,0.0,0.0,0.0,0.0,0.0,0.0,0.0,0.0,0.0,0.0,0.0,0.0,0.0]
4824,0,1,[-0.0,0.0,0.0,0.0,0.0,0.0,0.0,0.0,0.0,0.0,0.0,0.0,0.0,0.0,0.0,0.0,0.0,0.0,0.0,0.0]
4848,0,1,[-0.0,0.0,0.0,0.0,0.0,0.0,0.0,0.0,0.0,0.0,0.0,0.0,0.0,0.0,0.0,0.0,0.0,0.0,0.0,0.0]
4872,0,1,[-0.0,0.0,0.0,0.0,0.0,0.0,0.0,0.0,0.0,0.0,0.0,0.0,0.0,0.0,0.0,0.0,0.0,0.0,0.0,0.0]
4896,0,1,[-0.0,0.0,0.0,0.0,0.0,0.0,0.0,0.0,0.0,0.0,0.0,0.0,0.0,0.0,0.0,0.0,0.0,0.0,0.0,0.0]
4920,0,1,[-0.0,0.0,0.0,0.0,0.0,0.0,0.0,0.0,0.0,0.0,0.0,0.0,0.0,0.0,0.0,0.0,0.0,0.0,0.0,0.0]
4944,0,1,[-0.0,0.0,0.0,0.0,0.0,0.0,0.0,0.0,0.0,0.0,0.0,0.0,0.0,0.0,0.0,0.0,0.0,0.0,0.0,0.0]
4968,0,1,[-0.0,0.0,0.0,0.0,0.0,0.0,0.0,0.0,0.0,0.0,0.0,0.0,0.0,0.0,0.0,0.0,0.0,0.0,0.0,0.0]
4992,0,1,[-0.0,0.0,0.0,0.0,0.0,0.0,0.0,0.0,0.0,0.0,0.0,0.0,0.0,0.0,0.0,0.0,0.0,0.0,0.0,0.0]
5016,0,1,[-0.0,0.0,0.0,0.0,0.0,0.0,0.0,0.0,0.0,0.0,0.0,0.0,0.0,0.0,0.0,0.0,0.0,0.0,0.0,0.0]
5040,0,1,[-0.0,0.0,0.0,0.0,0.0,0.0,0.0,0.0,0.0,0.0,0.0,0.0,0.0,0.0,0.0,0.0,0.0,0.0,0.0,0.0]
5064,0,1,[-0.0,0.0,0.0,0.0,0.0,0.0,0.0,0.0,0.0,0.0,0.0,0.0,0.0,0.0,0.0,0.0,0.0,0.0,0.0,0.0]
5088,0,1,[-0.0,0.0,0.0,0.0,0.0,0.0,0.0,0.0,0.0,0.0,0.0,0.0,0.0,0.0,0.0,0.0,0.0,0.0,0.0,0.0]
5112,0,1,[-0.0,0.0,0.0,0.0,0.0,0.0,0.0,0.0,0.0,0.0,0.0,0.0,0.0,0.0,0.0,0.0,0.0,0.0,0.0,0.0]
5136,0,1,[-0.0,0.0,0.0,0.0,0.0,0.0,0.0,0.0,0.0,0.0,0.0,0.0,0.0,0.0,0.0,0.0,0.0,0.0,0.0,0.0]
5160,0,1,[-0.0,0.0,0.0,0.0,0.0,0.0,0.0,0.0,0.0,0.0,0.0,0.0,0.0,0.0,0.0,0.0,0.0,0.0,0.0,0.0]
5184,0,1,[-0.0,0.0,0.0,0.0,0.0,0.0,0.0,0.0,0.0,0.0,0.0,0.0,0.0,0.0,0.0,0.0,0.0,0.0,0.0,0.0]
5208,0,1,[-0.0,0.0,0.0,0.0,0.0,0.0,0.0,0.0,0.0,0.0,0.0,0.0,0.0,0.0,0.0,0.0,0.0,0.0,0.0,0.0]
5232,0,1,[-0.0,0.0,0.0,0.0,0.0,0.0,0.0,0.0,0.0,0.0,0.0,0.0,0.0,0.0,0.0,0.0,0.0,0.0,0.0,0.0]
5256,0,1,[-0.0,0.0,0.0,0.0,0.0,0.0,0.0,0.0,0.0,0.0,0.0,0.0,0.0,0.0,0.0,0.0,0.0,0.0,0.0,0.0]
5280,0,1,[-0.0,0.0,0.0,0.0,0.0,0.0,0.0,0.0,0.0,0.0,0.0,0.0,0.0,0.0,0.0,0.0,0.0,0.0,0.0,0.0]
5304,0,1,[-0.0,0.0,0.0,0.0,0.0,0.0,0.0,0.0,0.0,0.0,0.0,0.0,0.0,0.0,0.0,0.0,0.0,0.0,0.0,0.0]
5328,0,1,[-0.0,0.0,0.0,0.0,0.0,0.0,0.0,0.0,0.0,0.0,0.0,0.0,0.0,0.0,0.0,0.0,0.0,0.0,0.0,0.0]
5352,0,1,[-0.0,0.0,0.0,0.0,0.0,0.0,0.0,0.0,0.0,0.0,0.0,0.0,0.0,0.0,0.0,0.0,0.0,0.0,0.0,0.0]
5376,0,1,[-0.0,0.0,0.0,0.0,0.0,0.0,0.0,0.0,0.0,0.0,0.0,0.0,0.0,0.0,0.0,0.0,0.0,0.0,0.0,0.0]
5400,0,1,[-0.0,0.0,0.0,0.0,0.0,0.0,0.0,0.0,0.0,0.0,0.0,0.0,0.0,0.0,0.0,0.0,0.0,0.0,0.0,0.0]
5424,0,1,[-0.0,0.0,0.0,0.0,0.0,0.0,0.0,0.0,0.0,0.0,0.0,0.0,0.0,0.0,0.0,0.0,0.0,0.0,0.0,0.0]
5448,0,1,[-0.0,0.0,0.0,0.0,0.0,0.0,0.0,0.0,0.0,0.0,0.0,0.0,0.0,0.0,0.0,0.0,0.0,0.0,0.0,0.0]
5472,0,1,[-0.0,0.0,0.0,0.0,0.0,0.0,0.0,0.0,0.0,0.0,0.0,0.0,0.0,0.0,0.0,0.0,0.0,0.0,0.0,0.0]
5496,0,1,[-0.0,0.0,0.0,0.0,0.0,0.0,0.0,0.0,0.0,0.0,0.0,0.0,0.0,0.0,0.0,0.0,0.0,0.0,0.0,0.0]
5520,0,1,[-0.0,0.0,0.0,0.0,0.0,0.0,0.0,0.0,0.0,0.0,0.0,0.0,0.0,0.0,0.0,0.0,0.0,0.0,0.0,0.0]
5544,0,1,[-0.0,0.0,0.0,0.0,0.0,0.0,0.0,0.0,0.0,0.0,0.0,0.0,0.0,0.0,0.0,0.0,0.0,0.0,0.0,0.0]
5568,0,1,[-0.0,0.0,0.0,0.0,0.0,0.0,0.0,0.0,0.0,0.0,0.0,0.0,0.0,0.0,0.0,0.0,0.0,0.0,0.0,0.0]
5592,0,1,[-0.0,0.0,0.0,0.0,0.0,0.0,0.0,0.0,0.0,0.0,0.0,0.0,0.0,0.0,0.0,0.0,0.0,0.0,0.0,0.0]
5616,0,1,[-0.0,0.0,0.0,0.0,0.0,0.0,0.0,0.0,0.0,0.0,0.0,0.0,0.0,0.0,0.0,0.0,0.0,0.0,0.0,0.0]
5640,0,1,[-0.0,0.0,0.0,0.0,0.0,0.0,0.0,0.0,0.0,0.0,0.0,0.0,0.0,0.0,0.0,0.0,0.0,0.0,0.0,0.0]
5664,0,1,[-0.0,0.0,0.0,0.0,0.0,0.0,0.0,0.0,0.0,0.0,0.0,0.0,0.0,0.0,0.0,0.0,0.0,0.0,0.0,0.0]
5688,0,1,[-0.0,0.0,0.0,0.0,0.0,0.0,0.0,0.0,0.0,0.0,0.0,0.0,0.0,0.0,0.0,0.0,0.0,0.0,0.0,0.0]
5712,0,1,[-0.0,0.0,0.0,0.0,0.0,0.0,0.0,0.0,0.0,0.0,0.0,0.0,0.0,0.0,0.0,0.0,0.0,0.0,0.0,0.0]
5736,0,1,[-0.0,0.0,0.0,0.0,0.0,0.0,0.0,0.0,0.0,0.0,0.0,0.0,0.0,0.0,0.0,0.0,0.0,0.0,0.0,0.0]
5760,0,1,[-0.0,0.0,0.0,0.0,0.0,0.0,0.0,0.0,0.0,0.0,0.0,0.0,0.0,0.0,0.0,0.0,0.0,0.0,0.0,0.0]
5784,0,1,[-0.0,0.0,0.0,0.0,0.0,0.0,0.0,0.0,0.0,0.0,0.0,0.0,0.0,0.0,0.0,0.0,0.0,0.0,0.0,0.0]
5808,0,1,[-0.0,0.0,0.0,0.0,0.0,0.0,0.0,0.0,0.0,0.0,0.0,0.0,0.0,0.0,0.0,0.0,0.0,0.0,0.0,0.0]
5832,0,1,[-0.0,0.0,0.0,0.0,0.0,0.0,0.0,0.0,0.0,0.0,0.0,0.0,0.0,0.0,0.0,0.0,0.0,0.0,0.0,0.0]
5856,0,1,[-0.0,0.0,0.0,0.0,0.0,0.0,0.0,0.0,0.0,0.0,0.0,0.0,0.0,0.0,0.0,0.0,0.0,0.0,0.0,0.0]
5880,0,1,[-0.0,0.0,0.0,0.0,0.0,0.0,0.0,0.0,0.0,0.0,0.0,0.0,0.0,0.0,0.0,0.0,0.0,0.0,0.0,0.0]
5904,0,1,[-0.0,0.0,0.0,0.0,0.0,0.0,0.0,0.0,0.0,0.0,0.0,0.0,0.0,0.0,0.0,0.0,0.0,0.0,0.0,0.0]
5928,0,1,[-0.0,0.0,0.0,0.0,0.0,0.0,0.0,0.0,0.0,0.0,0.0,0.0,0.0,0.0,0.0,0.0,0.0,0.0,0.0,0.0]
5952,0,1,[-0.0,0.0,0.0,0.0,0.0,0.0,0.0,0.0,0.0,0.0,0.0,0.0,0.0,0.0,0.0,0.0,0.0,0.0,0.0,0.0]
5976,0,1,[-0.0,0.0,0.0,0.0,0.0,0.0,0.0,0.0,0.0,0.0,0.0,0.0,0.0,0.0,0.0,0.0,0.0,0.0,0.0,0.0]
6000,0,1,[-0.0,0.0,0.0,0.0,0.0,0.0,0.0,0.0,0.0,0.0,0.0,0.0,0.0,0.0,0.0,0.0,0.0,0.0,0.0,0.0]
6024,0,1,[-0.0,0.0,0.0,0.0,0.0,0.0,0.0,0.0,0.0,0.0,0.0,0.0,0.0,0.0,0.0,0.0,0.0,0.0,0.0,0.0]
6048,0,1,[-0.0,0.0,0.0,0.0,0.0,0.0,0.0,0.0,0.0,0.0,0.0,0.0,0.0,0.0,0.0,0.0,0.0,0.0,0.0,0.0]
6072,0,1,[-0.0,0.0,0.0,0.0,0.0,0.0,0.0,0.0,0.0,0.0,0.0,0.0,0.0,0.0,0.0,0.0,0.0,0.0,0.0,0.0]
6096,0,1,[-0.0,0.0,0.0,0.0,0.0,0.0,0.0,0.0,0.0,0.0,0.0,0.0,0.0,0.0,0.0,0.0,0.0,0.0,0.0,0.0]
6120,0,1,[-0.0,0.0,0.0,0.0,0.0,0.0,0.0,0.0,0.0,0.0,0.0,0.0,0.0,0.0,0.0,0.0,0.0,0.0,0.0,0.0]
6144,0,1,[-0.0,0.0,0.0,0.0,0.0,0.0,0.0,0.0,0.0,0.0,0.0,0.0,0.0,0.0,0.0,0.0,0.0,0.0,0.0,0.0]
6168,0,1,[-0.0,0.0,0.0,0.0,0.0,0.0,0.0,0.0,0.0,0.0,0.0,0.0,0.0,0.0,0.0,0.0,0.0,0.0,0.0,0.0]
6192,0,1,[-0.0,0.0,0.0,0.0,0.0,0.0,0.0,0.0,0.0,0.0,0.0,0.0,0.0,0.0,0.0,0.0,0.0,0.0,0.0,0.0]
6216,0,1,[-0.0,0.0,0.0,0.0,0.0,0.0,0.0,0.0,0.0,0.0,0.0,0.0,0.0,0.0,0.0,0.0,0.0,0.0,0.0,0.0]
6240,0,1,[-0.0,0.0,0.0,0.0,0.0,0.0,0.0,0.0,0.0,0.0,0.0,0.0,0.0,0.0,0.0,0.0,0.0,0.0,0.0,0.0]
6264,0,1,[-0.0,0.0,0.0,0.0,0.0,0.0,0.0,0.0,0.0,0.0,0.0,0.0,0.0,0.0,0.0,0.0,0.0,0.0,0.0,0.0]
6288,0,1,[-0.0,0.0,0.0,0.0,0.0,0.0,0.0,0.0,0.0,0.0,0.0,0.0,0.0,0.0,0.0,0.0,0.0,0.0,0.0,0.0]
6312,0,1,[-0.0,0.0,0.0,0.0,0.0,0.0,0.0,0.0,0.0,0.0,0.0,0.0,0.0,0.0,0.0,0.0,0.0,0.0,0.0,0.0]
6336,0,1,[-0.0,0.0,0.0,0.0,0.0,0.0,0.0,0.0,0.0,0.0,0.0,0.0,0.0,0.0,0.0,0.0,0.0,0.0,0.0,0.0]
6360,0,1,[-0.0,0.0,0.0,0.0,0.0,0.0,0.0,0.0,0.0,0.0,0.0,0.0,0.0,0.0,0.0,0.0,0.0,0.0,0.0,0.0]
6384,0,1,[-0.0,0.0,0.0,0.0,0.0,0.0,0.0,0.0,0.0,0.0,0.0,0.0,0.0,0.0,0.0,0.0,0.0,0.0,0.0,0.0]
6408,0,1,[-0.0,0.0,0.0,0.0,0.0,0.0,0.0,0.0,0.0,0.0,0.0,0.0,0.0,0.0,0.0,0.0,0.0,0.0,0.0,0.0]
6432,0,1,[-0.0,0.0,0.0,0.0,0.0,0.0,0.0,0.0,0.0,0.0,0.0,0.0,0.0,0.0,0.0,0.0,0.0,0.0,0.0,0.0]
6456,0,1,[-0.0,0.0,0.0,0.0,0.0,0.0,0.0,0.0,0.0,0.0,0.0,0.0,0.0,0.0,0.0,0.0,0.0,0.0,0.0,0.0]
6480,0,1,[-0.0,0.0,0.0,0.0,0.0,0.0,0.0,0.0,0.0,0.0,0.0,0.0,0.0,0.0,0.0,0.0,0.0,0.0,0.0,0.0]
6504,0,1,[-0.0,0.0,0.0,0.0,0.0,0.0,0.0,0.0,0.0,0.0,0.0,0.0,0.0,0.0,0.0,0.0,0.0,0.0,0.0,0.0]
6528,0,1,[-0.0,0.0,0.0,0.0,0.0,0.0,0.0,0.0,0.0,0.0,0.0,0.0,0.0,0.0,0.0,0.0,0.0,0.0,0.0,0.0]
6552,0,1,[-0.0,0.0,0.0,0.0,0.0,0.0,0.0,0.0,0.0,0.0,0.0,0.0,0.0,0.0,0.0,0.0,0.0,0.0,0.0,0.0]
6576,0,1,[-0.0,0.0,0.0,0.0,0.0,0.0,0.0,0.0,0.0,0.0,0.0,0.0,0.0,0.0,0.0,0.0,0.0,0.0,0.0,0.0]
6600,0,1,[-0.0,0.0,0.0,0.0,0.0,0.0,0.0,0.0,0.0,0.0,0.0,0.0,0.0,0.0,0.0,0.0,0.0,0.0,0.0,0.0]
6624,0,1,[-0.0,0.0,0.0,0.0,0.0,0.0,0.0,0.0,0.0,0.0,0.0,0.0,0.0,0.0,0.0,0.0,0.0,0.0,0.0,0.0]
6648,0,1,[-0.0,0.0,0.0,0.0,0.0,0.0,0.0,0.0,0.0,0.0,0.0,0.0,0.0,0.0,0.0,0.0,0.0,0.0,0.0,0.0]
6672,0,1,[-0.0,0.0,0.0,0.0,0.0,0.0,0.0,0.0,0.0,0.0,0.0,0.0,0.0,0.0,0.0,0.0,0.0,0.0,0.0,0.0]
6696,0,1,[-0.0,0.0,0.0,0.0,0.0,0.0,0.0,0.0,0.0,0.0,0.0,0.0,0.0,0.0,0.0,0.0,0.0,0.0,0.0,0.0]
6720,0,1,[-0.0,0.0,0.0,0.0,0.0,0.0,0.0,0.0,0.0,0.0,0.0,0.0,0.0,0.0,0.0,0.0,0.0,0.0,0.0,0.0]
6744,0,1,[-0.0,0.0,0.0,0.0,0.0,0.0,0.0,0.0,0.0,0.0,0.0,0.0,0.0,0.0,0.0,0.0,0.0,0.0,0.0,0.0]
