cycle,i,LVSNi,tab,TEMFAC,FCO2D,RCLFAi
0,0,4.0,-0.0002,20.0,0.0,-0.0
0,1,0.0,0.00025,20.0,0.0,0.0
0,2,0.0,0.0007,20.0,0.0,0.0
0,3,0.0,0.00115,20.0,0.0,0.0
0,4,0.0,0.0016,20.0,0.0,0.0
0,5,0.0,0.00235,20.0,0.0,0.0
0,6,0.0,0.0031,20.0,0.0,0.0
0,7,0.0,0.00315,20.0,0.0,0.0
0,8,0.0,0.0032,20.0,0.0,0.0
0,9,0.0,0.0032,20.0,0.0,0.0
0,10,0.0,0.0032,20.0,0.0,0.0
0,11,0.0,0.0032,20.0,0.0,0.0
0,12,0.0,0.0032,20.0,0.0,0.0
0,13,0.0,0.0032,20.0,0.0,0.0
0,14,0.0,0.0032,20.0,0.0,0.0
0,15,0.0,0.0032,20.0,0.0,0.0
0,16,0.0,0.0032,20.0,0.0,0.0
0,17,0.0,0.0032,20.0,0.0,0.0
0,18,0.0,0.0032,20.0,0.0,0.0
0,19,0.0,0.0016,20.0,0.0,0.0
24,0,4.0,-0.0002,41.92,24.807499999999994,-0.8319443200000002
24,1,0.0,0.00025,41.92,24.807499999999994,0.0
24,2,0.0,0.0007,41.92,24.807499999999994,0.0
24,3,0.0,0.00115,41.92,24.807499999999994,0.0
24,4,0.0,0.0016,41.92,24.807499999999994,0.0
24,5,0.0,0.00235,41.92,24.807499999999994,0.0
24,6,0.0,0.0031,41.92,24.807499999999994,0.0
24,7,0.0,0.00315,41.92,24.807499999999994,0.0
24,8,0.0,0.0032,41.92,24.807499999999994,0.0
24,9,0.0,0.0032,41.92,24.807499999999994,0.0
24,10,0.0,0.0032,41.92,24.807499999999994,0.0
24,11,0.0,0.0032,41.92,24.807499999999994,0.0
24,12,0.0,0.0032,41.92,24.807499999999994,0.0
24,13,0.0,0.0032,41.92,24.807499999999994,0.0
24,14,0.0,0.0032,41.92,24.807499999999994,0.0
24,15,0.0,0.0032,41.92,24.807499999999994,0.0
24,16,0.0,0.0032,41.92,24.807499999999994,0.0
24,17,0.0,0.0032,41.92,24.807499999999994,0.0
24,18,0.0,0.0032,41.92,24.807499999999994,0.0
24,19,0.0,0.0016,41.92,24.807499999999994,0.0
48,0,2.918279500018547,-0.0002,21.92,24.807499999999994,-0.3173806387663772
48,1,1.0817205000000005,0.00025,21.92,24.807499999999994,0.14705460154455002
48,2,0.0,0.0007,21.92,24.807499999999994,0.0
48,3,0.0,0.00115,21.92,24.807499999999994,0.0
48,4,0.0,0.0016,21.92,24.807499999999994,0.0
48,5,0.0,0.00235,21.92,24.807499999999994,0.0
48,6,0.0,0.0031,21.92,24.807499999999994,0.0
48,7,0.0,0.00315,21.92,24.807499999999994,0.0
48,8,0.0,0.0032,21.92,24.807499999999994,0.0
48,9,0.0,0.0032,21.92,24.807499999999994,0.0
48,10,0.0,0.0032,21.92,24.807499999999994,0.0
48,11,0.0,0.0032,21.92,24.807499999999994,0.0
48,12,0.0,0.0032,21.92,24.807499999999994,0.0
48,13,0.0,0.0032,21.92,24.807499999999994,0.0
48,14,0.0,0.0032,21.92,24.807499999999994,0.0
48,15,0.0,0.0032,21.92,24.807499999999994,0.0
48,16,0.0,0.0032,21.92,24.807499999999994,0.0
48,17,0.0,0.0032,21.92,24.807499999999994,0.0
48,18,0.0,0.0032,21.92,24.807499999999994,0.0
48,19,0.0,0.0016,21.92,24.807499999999994,0.0
72,0,14.185088810043595,-0.0002,21.92,24.807499999999994,-1.5427146534322065
72,1,1.5783813799448914,0.00025,21.92,24.807499999999994,0.21457321453474618
72,2,0.2925298100300628,0.0007,21.92,24.807499999999994,0.11135038397705008
72,3,0.0,0.00115,21.92,24.807499999999994,0.0
72,4,0.0,0.0016,21.92,24.807499999999994,0.0
72,5,0.0,0.00235,21.92,24.807499999999994,0.0
72,6,0.0,0.0031,21.92,24.807499999999994,0.0
72,7,0.0,0.00315,21.92,24.807499999999994,0.0
72,8,0.0,0.0032,21.92,24.807499999999994,0.0
72,9,0.0,0.0032,21.92,24.807499999999994,0.0
72,10,0.0,0.0032,21.92,24.807499999999994,0.0
72,11,0.0,0.0032,21.92,24.807499999999994,0.0
72,12,0.0,0.0032,21.92,24.807499999999994,0.0
72,13,0.0,0.0032,21.92,24.807499999999994,0.0
72,14,0.0,0.0032,21.92,24.807499999999994,0.0
72,15,0.0,0.0032,21.92,24.807499999999994,0.0
72,16,0.0,0.0032,21.92,24.807499999999994,0.0
72,17,0.0,0.0032,21.92,24.807499999999994,0.0
72,18,0.0,0.0032,21.92,24.807499999999994,0.0
72,19,0.0,0.0016,21.92,24.807499999999994,0.0
96,0,19.413675124142742,-0.0002,21.92,24.554754053311008,-2.089844110667405
96,1,4.987614846104915,0.00025,21.92,24.554754053311008,0.6711337141059435
96,2,0.6402628108135763,0.0007,21.92,24.554754053311008,0.24123063230719355
96,3,0.07910887309265617,0.00115,21.92,24.554754053311008,0.04896651283144189
96,4,0.0,0.0016,21.92,24.554754053311008,0.0
96,5,0.0,0.00235,21.92,24.554754053311008,0.0
96,6,0.0,0.0031,21.92,24.554754053311008,0.0
96,7,0.0,0.00315,21.92,24.554754053311008,0.0
96,8,0.0,0.0032,21.92,24.554754053311008,0.0
96,9,0.0,0.0032,21.92,24.554754053311008,0.0
96,10,0.0,0.0032,21.92,24.554754053311008,0.0
96,11,0.0,0.0032,21.92,24.554754053311008,0.0
96,12,0.0,0.0032,21.92,24.554754053311008,0.0
96,13,0.0,0.0032,21.92,24.554754053311008,0.0
96,14,0.0,0.0032,21.92,24.554754053311008,0.0
96,15,0.0,0.0032,21.92,24.554754053311008,0.0
96,16,0.0,0.0032,21.92,24.554754053311008,0.0
96,17,0.0,0.0032,21.92,24.554754053311008,0.0
96,18,0.0,0.0032,21.92,24.554754053311008,0.0
96,19,0.0,0.0016,21.92,24.554754053311008,0.0
120,0,23.282253760872322,-0.0002,21.92,24.39229498639703,-2.4897069257798043
120,1,8.848759443377253,0.00025,21.92,24.39229498639703,1.1828116973237532
120,2,1.8038344651661244,0.0007,21.92,24.39229498639703,0.6751308195734783
120,3,0.22930209654450867,0.00115,21.92,24.39229498639703,0.14099349600884556
120,4,0.02117354232901892,0.0016,21.92,24.39229498639703,0.01811368109678232
120,5,0.0,0.00235,21.92,24.39229498639703,0.0
120,6,0.0,0.0031,21.92,24.39229498639703,0.0
120,7,0.0,0.00315,21.92,24.39229498639703,0.0
120,8,0.0,0.0032,21.92,24.39229498639703,0.0
120,9,0.0,0.0032,21.92,24.39229498639703,0.0
120,10,0.0,0.0032,21.92,24.39229498639703,0.0
120,11,0.0,0.0032,21.92,24.39229498639703,0.0
120,12,0.0,0.0032,21.92,24.39229498639703,0.0
120,13,0.0,0.0032,21.92,24.39229498639703,0.0
120,14,0.0,0.0032,21.92,24.39229498639703,0.0
120,15,0.0,0.0032,21.92,24.39229498639703,0.0
120,16,0.0,0.0032,21.92,24.39229498639703,0.0
120,17,0.0,0.0032,21.92,24.39229498639703,0.0
120,18,0.0,0.0032,21.92,24.39229498639703,0.0
120,19,0.0,0.0016,21.92,24.39229498639703,0.0
144,0,26.157000181473848,-0.0002,21.92,24.30343454080855,-2.786930464388106
144,1,12.686107290651943,0.00025,21.92,24.30343454080855,1.6895715600758638
144,2,3.676827040954375,0.0007,21.92,24.30343454080855,1.3711325563214938
144,3,0.6479137135436464,0.00115,21.92,24.30343454080855,0.3969384910632464
144,4,0.07650745121531909,0.0016,21.92,24.30343454080855,0.06521266049328607
144,5,0.00562928458543511,0.00235,21.92,24.30343454080855,0.00704740562722901
144,6,0.0,0.0031,21.92,24.30343454080855,0.0
144,7,0.0,0.00315,21.92,24.30343454080855,0.0
144,8,0.0,0.0032,21.92,24.30343454080855,0.0
144,9,0.0,0.0032,21.92,24.30343454080855,0.0
144,10,0.0,0.0032,21.92,24.30343454080855,0.0
144,11,0.0,0.0032,21.92,24.30343454080855,0.0
144,12,0.0,0.0032,21.92,24.30343454080855,0.0
144,13,0.0,0.0032,21.92,24.30343454080855,0.0
144,14,0.0,0.0032,21.92,24.30343454080855,0.0
144,15,0.0,0.0032,21.92,24.30343454080855,0.0
144,16,0.0,0.0032,21.92,24.30343454080855,0.0
144,17,0.0,0.0032,21.92,24.30343454080855,0.0
144,18,0.0,0.0032,21.92,24.30343454080855,0.0
144,19,0.0,0.0016,21.92,24.30343454080855,0.0
168,0,28.293015471349108,-0.0002,21.92,24.247395833333268,-3.0075640488634288
168,1,16.254370180271692,0.00025,21.92,24.247395833333268,2.1598112898485184
168,2,6.063267244861195,0.0007,21.92,24.247395833333268,2.2558509576212264
168,3,1.4502331373316668,0.00115,21.92,24.247395833333268,0.8864236136891939
168,4,0.2278654775382568,0.0016,21.92,24.247395833333268,0.19377786547076162
168,5,0.02440398153533185,0.00235,21.92,24.247395833333268,0.03048135030612456
168,6,0.0014911236726559,0.0031,21.92,24.247395833333268,0.00245686340149469
168,7,0.0,0.00315,21.92,24.247395833333268,0.0
168,8,0.0,0.0032,21.92,24.247395833333268,0.0
168,9,0.0,0.0032,21.92,24.247395833333268,0.0
168,10,0.0,0.0032,21.92,24.247395833333268,0.0
168,11,0.0,0.0032,21.92,24.247395833333268,0.0
168,12,0.0,0.0032,21.92,24.247395833333268,0.0
168,13,0.0,0.0032,21.92,24.247395833333268,0.0
168,14,0.0,0.0032,21.92,24.247395833333268,0.0
168,15,0.0,0.0032,21.92,24.247395833333268,0.0
168,16,0.0,0.0032,21.92,24.247395833333268,0.0
168,17,0.0,0.0032,21.92,24.247395833333268,0.0
168,18,0.0,0.0032,21.92,24.247395833333268,0.0
168,19,0.0,0.0016,21.92,24.247395833333268,0.0
192,0,22.61789966819958,-0.0002,21.92,24.238635190506276,-2.403427250563709
192,1,19.43583051393957,0.00025,21.92,24.238635190506276,2.5816170698763643
192,2,8.756476402652824,0.0007,21.92,24.238635190506276,3.2566878489275717
192,3,2.6693225511413434,0.00115,21.92,24.238635190506276,1.6309761410614285
192,4,0.5509013448441471,0.0016,21.92,24.238635190506276,0.4683198082913821
192,5,0.07817287855913474,0.00235,21.92,24.238635190506276,0.09760513773373301
192,6,0.00754631897566077,0.0031,21.92,24.238635190506276,0.01242926834370333
192,7,0.00039406018720927,0.00315,21.92,24.238635190506276,0.00065951066843369
192,8,0.0,0.0032,21.92,24.238635190506276,0.0
192,9,0.0,0.0032,21.92,24.238635190506276,0.0
192,10,0.0,0.0032,21.92,24.238635190506276,0.0
192,11,0.0,0.0032,21.92,24.238635190506276,0.0
192,12,0.0,0.0032,21.92,24.238635190506276,0.0
192,13,0.0,0.0032,21.92,24.238635190506276,0.0
192,14,0.0,0.0032,21.92,24.238635190506276,0.0
192,15,0.0,0.0032,21.92,24.238635190506276,0.0
192,16,0.0,0.0032,21.92,24.238635190506276,0.0
192,17,0.0,0.0032,21.92,24.238635190506276,0.0
192,18,0.0,0.0032,21.92,24.238635190506276,0.0
192,19,0.0,0.0016,21.92,24.238635190506276,0.0
216,0,16.968410514348996,-0.0002,21.92,24.23711802258976,-1.8029873745922589
216,1,20.276451358310243,0.00025,21.92,24.23711802258976,2.693106240685648
216,2,11.577687141691886,0.0007,21.92,24.23711802258976,4.3056763059976335
216,3,4.27739206893337,0.00115,21.92,24.23711802258976,2.6133551146226415
216,4,1.110533752828194,0.0016,21.92,24.23711802258976,0.9440027791475727
216,5,0.20305558324660478,0.00235,21.92,24.23711802258976,0.2535153878047642
216,6,0.02620403987169267,0.0031,21.92,24.23711802258976,0.04315702237910482
216,7,0.00228350304040956,0.00315,21.92,24.23711802258976,0.00382149834154846
216,8,0.00010410056829257,0.0032,21.92,24.23711802258976,0.00017698016927222
216,9,0.0,0.0032,21.92,24.23711802258976,0.0
216,10,0.0,0.0032,21.92,24.23711802258976,0.0
216,11,0.0,0.0032,21.92,24.23711802258976,0.0
216,12,0.0,0.0032,21.92,24.23711802258976,0.0
216,13,0.0,0.0032,21.92,24.23711802258976,0.0
216,14,0.0,0.0032,21.92,24.23711802258976,0.0
216,15,0.0,0.0032,21.92,24.23711802258976,0.0
216,16,0.0,0.0032,21.92,24.23711802258976,0.0
216,17,0.0,0.0032,21.92,24.23711802258976,0.0
216,18,0.0,0.0032,21.92,24.23711802258976,0.0
216,19,0.0,0.0016,21.92,24.23711802258976,0.0
240,0,12.5456706848599,-0.0002,21.92,24.236842402181104,-1.3330316710703995
240,1,19.402607225480313,0.00025,21.92,24.236842402181104,2.577013475664319
240,2,13.875531827448714,0.0007,21.92,24.236842402181104,5.160173055107861
240,3,6.2058205007958644,0.00115,21.92,24.236842402181104,3.7915225109887847
240,4,1.9470834478187786,0.0016,21.92,24.236842402181104,1.6550881765399152
240,5,0.4427728393402556,0.00235,21.92,24.236842402181104,0.5527966766297101
240,6,0.07292071927490958,0.0031,21.92,24.236842402181104,0.12009618903945365
240,7,0.00860229466062688,0.00315,21.92,24.236842402181104,0.01439598737716427
240,8,0.00067980629659729,0.0032,21.92,24.236842402181104,0.00115571766078747
240,9,0.00002749895636651,0.0032,21.92,24.236842402181104,0.00004675012527109
240,10,0.0,0.0032,21.92,24.236842402181104,0.0
240,11,0.0,0.0032,21.92,24.236842402181104,0.0
240,12,0.0,0.0032,21.92,24.236842402181104,0.0
240,13,0.0,0.0032,21.92,24.236842402181104,0.0
240,14,0.0,0.0032,21.92,24.236842402181104,0.0
240,15,0.0,0.0032,21.92,24.236842402181104,0.0
240,16,0.0,0.0032,21.92,24.236842402181104,0.0
240,17,0.0,0.0032,21.92,24.236842402181104,0.0
240,18,0.0,0.0032,21.92,24.236842402181104,0.0
240,19,0.0,0.0016,21.92,24.236842402181104,0.0
264,0,9.24236856289743,-0.0002,21.92,24.236793010643666,-0.982039558682319
264,1,17.59131610325009,0.00025,21.92,24.236793010643666,2.336436837742428
264,2,15.335534051626496,0.0007,21.92,24.236793010643666,5.703121820348065
264,3,8.231809796998093,0.00115,21.92,24.236793010643666,5.029315389212575
264,4,3.0720483020614506,0.0016,21.92,24.236793010643666,2.61134183366643
264,5,0.8401433610116371,0.00235,21.92,24.236793010643666,1.0489069566843159
264,6,0.17061884695100066,0.0031,21.92,24.236793010643666,0.28099875787758566
264,7,0.02559230044667186,0.00315,21.92,24.236793010643666,0.04282876812671349
264,8,0.00277256780237034,0.0032,21.92,24.236793010643666,0.00471354716926026
264,9,0.00019980892122127,0.0032,21.92,24.236793010643666,0.0003396882753274
264,10,0.00000726397498973,0.0032,21.92,24.236793010643666,0.00001234923406424
264,11,0.0,0.0032,21.92,24.236793010643666,0.0
264,12,0.0,0.0032,21.92,24.236793010643666,0.0
264,13,0.0,0.0032,21.92,24.236793010643666,0.0
264,14,0.0,0.0032,21.92,24.236793010643666,0.0
264,15,0.0,0.0032,21.92,24.236793010643666,0.0
264,16,0.0,0.0032,21.92,24.236793010643666,0.0
264,17,0.0,0.0032,21.92,24.236793010643666,0.0
264,18,0.0,0.0032,21.92,24.236793010643666,0.0
264,19,0.0,0.0016,21.92,24.236793010643666,0.0
288,0,6.802817313853301,-0.0002,21.92,24.23678443318428,-0.7228269791380765
288,1,15.385907992033982,0.00025,21.92,24.23678443318428,2.0435190455083063
288,2,15.931407963846125,0.0007,21.92,24.23678443318428,5.924718886637485
288,3,10.108287163190568,0.00115,21.92,24.23678443318428,6.175767838482639
288,4,4.435020077590557,0.0016,21.92,24.23678443318428,3.7699112202508025
288,5,1.429710038328028,0.00235,21.92,24.23678443318428,1.7849718799351875
288,6,0.34747644329241706,0.0031,21.92,24.23678443318428,0.5722721501554957
288,7,0.06390164667940634,0.00315,21.92,24.23678443318428,0.10693950103000888
288,8,0.00880049206782809,0.0032,21.92,24.23678443318428,0.014961408611371
288,9,0.00087941353932021,0.0032,21.92,24.23678443318428,0.00149506018512767
288,10,0.00005812549785118,0.0032,21.92,24.23678443318428,0.0000988171249276
288,11,0.00000191880824315,0.0032,21.92,24.23678443318428,0.00000326209874986
288,12,0.0,0.0032,21.92,24.23678443318428,0.0
288,13,0.0,0.0032,21.92,24.23678443318428,0.0
288,14,0.0,0.0032,21.92,24.23678443318428,0.0
288,15,0.0,0.0032,21.92,24.23678443318428,0.0
288,16,0.0,0.0032,21.92,24.23678443318428,0.0
288,17,0.0,0.0032,21.92,24.23678443318428,0.0
288,18,0.0,0.0032,21.92,24.23678443318428,0.0
288,19,0.0,0.0016,21.92,24.23678443318428,0.0
312,0,5.0061359263826954,-0.0002,21.92,24.236783003884316,-0.5319222505148511
312,1,13.118650837759839,0.00025,21.92,24.236783003884316,1.7423873372486367
312,2,15.787312001200466,0.0007,21.92,24.236783003884316,5.8711308052002895
312,3,11.646487421175884,0.00115,21.92,24.236783003884316,7.1155475743966825
312,4,5.933635887468159,0.0016,21.92,24.236783003884316,5.043783071672783
312,5,2.2235745031007763,0.00235,21.92,24.236783003884316,2.7760997828308014
312,6,0.6333527031317707,0.0031,21.92,24.236783003884316,1.0430925573520489
312,7,0.13880904431731222,0.00315,21.92,24.236783003884316,0.2322971290055054
312,8,0.02335567873496313,0.0032,21.92,24.236783003884316,0.03970616979704829
312,9,0.00297179758100128,0.0032,21.92,24.236783003884316,0.00505224877824046
312,10,0.00027507196358923,0.0032,21.92,24.236783003884316,0.00046764019220436
312,11,0.00001676602632694,0.0032,21.92,24.236783003884316,0.00002850333298867
312,12,0.00000050686074283,0.0032,21.92,24.236783003884316,0.00000086169616164
312,13,0.0,0.0032,21.92,24.236783003884316,0.0
312,14,0.0,0.0032,21.92,24.236783003884316,0.0
312,15,0.0,0.0032,21.92,24.236783003884316,0.0
312,16,0.0,0.0032,21.92,24.236783003884316,0.0
312,17,0.0,0.0032,21.92,24.236783003884316,0.0
312,18,0.0,0.0032,21.92,24.236783003884316,0.0
312,19,0.0,0.0016,21.92,24.236783003884316,0.0
336,0,3.6837817571383855,-0.0002,21.92,24.236782836543362,-0.39141675295048645
336,1,10.975698250264152,0.00025,21.92,24.236782836543362,1.457765570041525
336,2,15.08237470274026,0.0007,21.92,24.236782836543362,5.608972199618779
336,3,12.740302452034554,0.00115,21.92,24.236782836543362,7.783825655356844
336,4,7.442707995177784,0.0016,21.92,24.236782836543362,6.326543294234949
336,5,3.203601748689934,0.00235,21.92,24.236782836543362,3.999649233703611
336,6,1.0534160198914733,0.0031,21.92,24.236782836543362,1.7349107331889817
336,7,0.2694446887337887,0.00315,21.92,24.236782836543362,0.4509160587793097
336,8,0.053853137440747,0.0032,21.92,24.236782836543362,0.09155382846405292
336,9,0.00835627962378028,0.0032,21.92,24.236782836543362,0.01420621764358672
336,10,0.00098742259748385,0.0032,21.92,24.236782836543362,0.0016786824947949
336,11,0.00008499855134152,0.0032,21.92,24.236782836543362,0.00014450305328593
336,12,0.00000480178301288,0.0032,21.92,24.236782836543362,0.00000816334273498
336,13,0.0000001338892504,0.0032,21.92,24.236782836543362,0.00000022762041446
336,14,0.0,0.0032,21.92,24.236782836543362,0.0
336,15,0.0,0.0032,21.92,24.236782836543362,0.0
336,16,0.0,0.0032,21.92,24.236782836543362,0.0
336,17,0.0,0.0032,21.92,24.236782836543362,0.0
336,18,0.0,0.0032,21.92,24.236782836543362,0.0
336,19,0.0,0.0016,21.92,24.236782836543362,0.0
360,0,2.7107009957583266,-0.0002,21.92,24.236782815253544,-0.2880229750286783
360,1,9.0495099623425,0.00025,21.92,24.236782815253544,1.201933921328891
360,2,13.997580041076176,0.0007,21.92,24.236782815253544,5.205548780664141
360,3,13.358970005760451,0.00115,21.92,24.236782815253544,8.161807285197902
360,4,8.84208830988323,0.0016,21.92,24.236782815253544,7.516061961725621
360,5,4.323378258875977,0.00235,21.92,24.236782815253544,5.397673581619816
360,6,1.6213959976616938,0.0031,21.92,24.236782815253544,2.670338464106315
360,7,0.47653378493584453,0.00315,21.92,24.236782815253544,0.7974799466246174
360,8,0.11080248970870019,0.0032,21.92,24.236782815253544,0.1883714228986374
360,9,0.02037445272640614,0.0032,21.92,24.236782815253544,0.0346378918104111
360,10,0.00293393502844793,0.0032,21.92,24.236782815253544,0.00498787994253432
360,11,0.00032337739592331,0.0032,21.92,24.236782815253544,0.00054976255825547
360,12,0.00002598607331975,0.0032,21.92,24.236782815253544,0.00004417801097844
360,13,0.00000136693166155,0.0032,21.92,24.236782815253544,0.00000232387253001
360,14,0.00000003536736964,0.0032,21.92,24.236782815253544,0.00000006012682351
360,15,0.0,0.0032,21.92,24.236782815253544,0.0
360,16,0.0,0.0032,21.92,24.236782815253544,0.0
360,17,0.0,0.0032,21.92,24.236782815253544,0.0
360,18,0.0,0.0032,21.92,24.236782815253544,0.0
360,19,0.0,0.0016,21.92,24.236782815253544,0.0
384,0,1.994659265620877,-0.0002,21.92,24.236782812718417,-0.21194063701291074
384,1,7.375088760248949,0.00025,21.92,24.236782812718417,0.9795413662965762
384,2,12.690527960322111,0.0007,21.92,24.236782812718417,4.719470233359713
384,3,13.527661346458572,0.00115,21.92,24.236782812718417,8.26487108437683
384,4,10.035240291398251,0.0016,21.92,24.236782812718417,8.530279859200075
384,5,5.51701320755578,0.00235,21.92,24.236782812718417,6.887909096461701
384,6,2.3351351890000123,0.0031,21.92,24.236782812718417,3.845822564268926
384,7,0.7789536200451699,0.00315,21.92,24.236782812718417,1.3035799578309644
384,8,0.2074118430155671,0.0032,21.92,24.236782812718417,0.35261359283081767
384,9,0.04426137268014729,0.0032,21.92,24.236782812718417,0.07524720583674267
384,10,0.00754091605010281,0.0032,21.92,24.236782812718417,0.0128200466424801
384,11,0.00101296641370718,0.0032,21.92,24.236782812718417,0.00172210863835499
384,12,0.00010454315533801,0.0032,21.92,24.236782812718417,0.00017773014825792
384,13,0.00000787017430337,0.0032,21.92,24.236782812718417,0.00001337980703979
384,14,0.00000038710528982,0.0032,21.92,24.236782812718417,0.00000065810411336
384,15,0.00000000934242914,0.0032,21.92,24.236782812718417,0.0000000158827358
384,16,0.0,0.0032,21.92,24.236782812718417,0.0
384,17,0.0,0.0032,21.92,24.236782812718417,0.0
384,18,0.0,0.0032,21.92,24.236782812718417,0.0
384,19,0.0,0.0016,21.92,24.236782812718417,0.0
408,0,1.4677622727675708,-0.0002,21.92,24.236782812440033,-0.1559556945047826
408,1,5.953827247444804,0.00025,21.92,24.236782812440033,0.7907728660871084
408,2,11.286433888230444,0.0007,21.92,24.236782812440033,4.1973028184654115
408,3,13.306529285535357,0.00115,21.92,24.236782812440033,8.129768058760758
408,4,10.957776984244033,0.0016,21.92,24.236782812440033,9.314465981382636
408,5,6.710520578442444,0.00235,21.92,24.236782812440033,8.377985332790947
408,6,3.175640723126231,0.0031,21.92,24.236782812440033,5.230082954683188
408,7,1.1900250731882571,0.00315,21.92,24.236782812440033,1.9915086017788382
408,8,0.35838684072957666,0.0032,21.92,24.236782812440033,0.6092808862510605
408,9,0.08735820807500558,0.0032,21.92,24.236782812440033,0.14851462271575358
408,10,0.017240768411886,0.0032,21.92,24.236782812440033,0.02931042511566269
408,11,0.00273734986394962,0.0032,21.92,24.236782812440033,0.00465367240518997
408,12,0.00034450671507712,0.0032,21.92,24.236782812440033,0.00058568377191061
408,13,0.00003340672067197,0.0032,21.92,24.236782812440033,0.00005679359302458
408,14,0.00000236378726237,0.0032,21.92,24.236782812440033,0.00000401859174068
408,15,0.00000010912996755,0.0032,21.92,24.236782812440033,0.00000018552802667
408,16,0.00000000246783923,0.0032,21.92,24.236782812440033,0.00000000419548683
408,17,0.0,0.0032,21.92,24.236782812440033,0.0
408,18,0.0,0.0032,21.92,24.236782812440033,0.0
408,19,0.0,0.0016,21.92,24.236782812440033,0.0
432,0,1.080047128979515,-0.0002,21.92,24.236782812411665,-0.11475938796280336
432,1,4.768815623607087,0.00025,21.92,24.236782812411665,0.6333825020090664
432,2,9.877804969488615,0.0007,21.92,24.236782812411665,3.67344894314869
432,3,12.772913178639886,0.00115,21.92,24.236782812411665,7.803749523911378
432,4,11.578209098860487,0.0016,21.92,24.236782812411665,9.841853409830534
432,5,7.832449983991504,0.00235,21.92,24.236782812411665,9.778697541950399
432,6,4.109393074254601,0.0031,21.92,24.236782812411665,6.7679150589078345
432,7,1.7145332198452001,0.00315,21.92,24.236782812411665,2.86927370883481
432,8,0.5780673352953727,0.0032,21.92,24.236782812411665,0.9827519828689816
432,9,0.15895148233684736,0.0032,21.92,24.236782812411665,0.2702278349055698
432,10,0.03576256457479483,0.0032,21.92,24.236782812411665,0.06079868053849011
432,11,0.00656848464726263,0.0032,21.92,24.236782812411665,0.01116685015292108
432,12,0.0009765855996765,0.0032,21.92,24.236782812411665,0.00166025889359927
432,13,0.00011558500200025,0.0032,21.92,24.236782812411665,0.00019650200412659
432,14,0.0000105638996406,0.0032,21.92,24.236782812411665,0.00001795931491843
432,15,0.00000070470651787,0.0032,21.92,24.236782812411665,0.00000119804681132
432,16,0.00000003064305795,0.0032,21.92,24.236782812411665,0.00000005209518706
432,17,0.00000000065188939,0.0032,21.92,24.236782812411665,0.00000000110825427
432,18,0.0,0.0032,21.92,24.236782812411665,0.0
432,19,0.0,0.0016,21.92,24.236782812411665,0.0
456,0,0.7947484525705583,-0.0002,21.92,24.23678281240901,-0.0844452464658162
456,1,3.794412986006107,0.00025,21.92,24.23678281240901,0.5039647116644306
456,2,8.528245434550959,0.0007,21.92,24.23678281240901,3.1715623334565914
456,3,12.008159012243748,0.00115,21.92,24.23678281240901,7.33651469044257
456,4,11.893794858223039,0.0016,21.92,24.23678281240901,10.110111545034636
456,5,8.821906917019975,0.00235,21.92,24.23678281240901,11.01401983556702
456,6,5.092853130929277,0.0031,21.92,24.23678281240901,8.387612665617418
456,7,2.3471448251058393,0.00315,21.92,24.23678281240901,3.927950103008895
456,8,0.8782692474136571,0.0032,21.92,24.23678281240901,1.4931147146508457
456,9,0.2696625755317602,0.0032,21.92,24.23678281240901,0.4584438777775828
456,10,0.0683033994266912,0.0032,21.92,24.23678281240901,0.11612021147842015
456,11,0.0142802151408276,0.0032,21.92,24.23678281240901,0.02427729243388504
456,12,0.00245370762267742,0.0032,21.92,24.23678281240901,0.00417146218845694
456,13,0.00034302168027747,0.0032,21.92,24.23678281240901,0.00058315911638122
456,14,0.00003830563493574,0.0032,21.92,24.23678281240901,0.00006512206518106
456,15,0.00000330905097521,0.0032,21.92,24.23678281240901,0.00000562560139407
456,16,0.00000020869955952,0.0032,21.92,24.23678281240901,0.00000035480279445
456,17,0.00000000857417397,0.0032,21.92,24.23678281240901,0.00000001457665216
456,18,0.00000000017219913,0.0032,21.92,24.23678281240901,0.0000000002927497
456,19,0.0,0.0016,21.92,24.23678281240901,0.0
480,0,0.5848125378169786,-0.0002,21.92,24.236782812408787,-0.06213870405475166
480,1,3.0020398572629077,0.00025,21.92,24.236782812408787,0.3987236383204232
480,2,7.277785062602784,0.0007,21.92,24.236782812408787,2.706529631761136
480,3,11.088926218517209,0.00115,21.92,24.236782812408787,6.77489946797293
480,4,11.924004597187974,0.0016,21.92,24.236782812408787,10.135790803363998
480,5,9.633358141644681,0.00235,21.92,24.236782812408787,12.027104644517792
480,6,6.0778972859675715,0.0031,21.92,24.236782812408787,10.009919183905636
480,7,3.0724344222094655,0.00315,21.92,24.236782812408787,5.141723244393936
480,8,1.2662784811986776,0.0032,21.92,24.236782812408787,2.1527555913988983
480,9,0.4304284103101997,0.0032,21.92,24.236782812408787,0.731756229573673
480,10,0.12149321401865497,0.0032,21.92,24.236782812408787,0.20654634796296942
480,11,0.02855065074458273,0.0032,21.92,24.236782812408787,0.04853795902011714
480,12,0.00557772587865517,0.0032,21.92,24.236782812408787,0.00948249595239018
480,13,0.00090056763427728,0.0032,21.92,24.236782812408787,0.00153102341934145
480,14,0.00011879757112873,0.0032,21.92,24.236782812408787,0.00020196358012015
480,15,0.00001255353562309,0.0032,21.92,24.236782812408787,0.00002134182520329
480,16,0.00000102766952235,0.0032,21.92,24.236782812408787,0.00000174710487717
480,17,0.00000006143807796,0.0032,21.92,24.236782812408787,0.00000010444871946
480,18,0.00000000239161368,0.0032,21.92,24.236782812408787,0.00000000406589845
480,19,0.00000000004548708,0.0016,21.92,24.236782812408787,0.00000000003866549
504,0,0.43033201670826393,-0.0002,21.92,24.236782812408727,-0.04572452213719084
504,1,2.363519798555136,0.00025,21.92,24.236782812408727,0.3139169558466405
504,2,6.14833022913727,0.0007,21.92,24.236782812408727,2.286497582419871
504,3,10.082198363407628,0.00115,21.92,24.236782812408727,6.159828190955486
504,4,11.703415374534032,0.0016,21.92,24.236782812408727,9.94828280669444
504,5,10.238441369649696,0.00235,21.92,24.236782812408727,12.782542072967448
504,6,7.017086188904723,0.0031,21.92,24.236782812408727,11.556704951168744
504,7,3.86633920260502,0.00315,21.92,24.236782812408727,6.470323989681686
504,8,1.7433816432438378,0.0032,21.92,24.236782812408727,2.963861927814367
504,9,0.6512214784842518,0.0032,21.92,24.236782812408727,1.107118773525195
504,10,0.2030996554509775,0.0032,21.92,24.236782812408727,0.3452825941331625
504,11,0.05310179265862269,0.0032,21.92,24.236782812408727,0.09027649348581068
504,12,0.01164611390988246,0.0032,21.92,24.236782812408727,0.01979914940498324
504,13,0.00213605729334264,0.0032,21.92,24.236782812408727,0.00363143601511638
504,14,0.0003253051935612,0.0032,21.92,24.236782812408727,0.00055303993927707
504,15,0.00004061831349593,0.0032,21.92,24.236782812408727,0.00006905376881141
504,16,0.00000407227217106,0.0032,21.92,24.236782812408727,0.00000692312695517
504,17,0.00000031667189632,0.0032,21.92,24.236782812408727,0.00000053836277373
504,18,0.00000001798896835,0.0032,21.92,24.236782812408727,0.00000003058241357
504,19,0.00000000067724119,0.0016,21.92,24.236782812408727,0.00000000057567699
528,0,0.3166581299669592,-0.0002,21.92,24.236782812408663,-0.03364621062673907
528,1,1.8528606784848933,0.00025,21.92,24.236782812408663,0.24609245251657602
528,2,5.148557738196272,0.0007,21.92,24.236782812408663,1.9146929951071823
528,3,9.04305169654855,0.00115,21.92,24.236782812408663,5.524950290091345
528,4,11.275164554764318,0.0016,21.92,24.236782812408663,9.584255714522827
528,5,10.625419987704747,0.00235,21.92,24.236782812408663,13.265679133388627
528,6,7.868019769946384,0.0031,21.92,24.236782812408663,12.958139686955368
528,7,4.698621352687024,0.00315,21.92,24.236782812408663,7.86314931608632
528,8,2.304169192901403,0.0032,21.92,24.236782812408663,3.9172371537515596
528,9,0.9397198612844379,0.0032,21.92,24.236782812408663,1.5975847459823143
528,10,0.32147278918546907,0.0032,21.92,24.236782812408663,0.5465246031398301
528,11,0.09272431528432601,0.0032,21.92,24.236782812408663,0.1576373531973865
528,12,0.02259679373029899,0.0032,21.92,24.236782812408663,0.03841601572865713
528,13,0.00464817597587479,0.0032,21.92,24.236782812408663,0.00790220079582987
528,14,0.00080362244893737,0.0032,21.92,24.236782812408663,0.00136621031314213
528,15,0.00011581946727665,0.0032,21.92,24.236782812408663,0.00019690061031174
528,16,0.0000137260520471,0.0032,21.92,24.236782812408663,0.00002333517921292
528,17,0.00000130872841025,0.0032,21.92,24.236782812408663,0.00000222492322552
528,18,0.00000009688723298,0.0032,21.92,24.236782812408663,0.00000016471458342
528,19,0.0000000054290976,0.0016,21.92,24.236782812408663,0.00000000461490912
552,0,0.23301164538667102,-0.0002,21.92,24.23678281240859,-0.02475843238252237
552,1,1.447066761803721,0.00025,21.92,24.23678281240859,0.1921958906584891
552,2,4.277986458813128,0.0007,21.92,24.23678281240859,1.5909369424149582
552,3,8.014305872389098,0.00115,21.92,24.23678281240859,4.896426896623465
552,4,10.685543205624102,0.0016,21.92,24.23678281240859,9.083058436429514
552,5,10.797052558529336,0.00235,21.92,24.23678281240859,13.47995985038916
552,6,8.596397831355791,0.0031,21.92,24.23678281240859,14.15773309681291
552,7,5.535830351268353,0.00315,21.92,24.23678281240859,9.264219730251796
552,8,2.936673104031164,0.0032,21.92,24.23678281240859,4.992534848123894
552,9,1.300144493390425,0.0032,21.92,24.23678281240859,2.210330009812082
552,10,0.484785173418751,0.0032,21.92,24.23678281240859,0.8241662542638982
552,11,0.15314912010497894,0.0032,21.92,24.23678281240859,0.26036344257522265
552,12,0.04112125306413256,0.0032,21.92,24.23678281240859,0.06990879871490953
552,13,0.00938937361586555,0.0032,21.92,24.23678281240859,0.01596254445716691
552,14,0.00181917631264594,0.0032,21.92,24.23678281240859,0.0030927177843864
552,15,0.00029750531729842,0.0032,21.92,24.23678281240859,0.00050577834559647
552,16,0.00004069442732634,0.0032,21.92,24.23678281240859,0.00006918316726241
552,17,0.00000458881305674,0.0032,21.92,24.23678281240859,0.00000780127998104
552,18,0.00000041699982373,0.0032,21.92,24.23678281240859,0.00000070892676095
552,19,0.00000003102223946,0.0016,21.92,24.23678281240859,0.00000002636991011
576,0,0.1714607071438067,-0.0002,21.92,24.236782812408528,-0.01821839555286978
576,1,1.126369350363423,0.00025,21.92,24.236782812408528,0.14960163982598956
576,2,3.5301879391663475,0.0007,21.92,24.236782812408528,1.3128387525671668
576,3,7.027342473409169,0.00115,21.92,24.236782812408528,4.293430927952293
576,4,9.97992540744757,0.0016,21.92,24.236782812408528,8.483260412942132
576,5,10.767596926454221,0.00235,21.92,24.236782812408528,13.443184930975889
576,6,9.177709392037832,0.0031,21.92,24.236782812408528,15.115117117851142
576,7,6.344291231775221,0.00315,21.92,24.236782812408528,10.617180129157857
576,8,3.623250665332689,0.0032,21.92,24.236782812408528,6.1597612568216995
576,9,1.7324399321093567,0.0032,21.92,24.236782812408528,2.9452603088387694
576,10,0.700165529526746,0.0032,21.92,24.236782812408528,1.1903268364527828
576,11,0.24075208178260066,0.0032,21.92,24.236782812408528,0.40929416229817084
576,12,0.07071385267790144,0.0032,21.92,24.236782812408528,0.12021813842844889
576,13,0.01777147378708963,0.0032,21.92,24.236782812408528,0.0302126586928497
576,14,0.00381887356395334,0.0032,21.92,24.236782812408528,0.00649233287914968
576,15,0.00069946066732562,0.0032,21.92,24.236782812408528,0.00118912852496983
576,16,0.00010853202920292,0.0032,21.92,24.236782812408528,0.00018451149267836
576,17,0.00001412625240208,0.0032,21.92,24.236782812408528,0.00002401554578682
576,18,0.00000151900061986,0.0032,21.92,24.236782812408528,0.00000258239962717
576,19,0.00000014117437525,0.0016,21.92,24.236782812408528,0.00000012000279962
600,0,0.1261686901799559,-0.0002,21.92,24.236782812408464,-0.01340593505285176
600,1,0.8741264942513621,0.00025,21.92,24.236782812408464,0.11609935667474768
600,2,2.8952098491466285,0.0007,21.92,24.236782812408464,1.0766972615263695
600,3,6.103555413519949,0.00115,21.92,24.236782812408464,3.7290332272882982
600,4,9.19998906748684,0.0016,21.92,24.236782812408464,7.820289217539555
600,5,10.55953041135549,0.00235,21.92,24.236782812408464,13.183416975366006
600,6,9.597684407894839,0.0031,21.92,24.236782812408464,15.806789874100856
600,7,7.092749730270609,0.00315,21.92,24.236782812408464,11.869726458986541
600,8,4.342024182516562,0.0032,21.92,24.236782812408464,7.381722879830768
600,9,2.231904988900033,0.0032,21.92,24.236782812408464,3.7943833174653143
600,10,0.97284485382408,0.0032,21.92,24.236782812408464,1.6538993828994961
600,11,0.3621079423857186,0.0032,21.92,24.236782812408464,0.6156070005413666
600,12,0.11563011651335395,0.0032,21.92,24.236782812408464,0.19657870172648825
600,13,0.03175641041491103,0.0032,21.92,24.236782812408464,0.05398795849293977
600,14,0.00750450753057799,0.0032,21.92,24.236782812408464,0.01275814979644428
600,15,0.00152346579496296,0.0032,21.92,24.236782812408464,0.00258999071460716
600,16,0.00026462814216291,0.0032,21.92,24.236782812408464,0.00044988501434806
600,17,0.00003906390789699,0.0032,21.92,24.236782812408464,0.00006641117842224
600,18,0.00000484925552943,0.0032,21.92,24.236782812408464,0.00000824404908564
600,19,0.00000054242433514,0.0016,21.92,24.236782812408464,0.0000004610782848
624,0,0.09284073679345216,-0.0002,21.92,24.236782812408403,-0.00986470483236934
624,1,0.6765505124127672,0.00025,21.92,24.236782812408403,0.08985779491372575
624,2,2.3613327693869905,0.0007,21.92,24.236782812408403,0.8781541438527629
624,3,5.256058373569226,0.00115,21.92,24.236782812408403,3.211245739850351
624,4,8.38205399675099,0.0016,21.92,24.236782812408403,7.125017868041038
624,5,10.200402243425621,0.00235,21.92,24.236782812408403,12.735050788520457
624,6,9.85175979487098,0.0031,21.92,24.236782812408403,16.22523624964627
624,7,7.754438030973068,0.00315,21.92,24.236782812408403,12.977062743097886
624,8,5.068639103716218,0.0032,21.92,24.236782812408403,8.617015398523547
624,9,2.789301233990148,0.0032,21.92,24.236782812408403,4.741993105563889
624,10,1.3054305171160119,0.0032,21.92,24.236782812408403,2.219316593174639
624,11,0.5234364882818523,0.0032,21.92,24.236782812408403,0.889875997753882
624,12,0.18073819905904467,0.0032,21.92,24.236782812408403,0.3072666671516093
624,13,0.05391197820581754,0.0032,21.92,24.236782812408403,0.09165386149189235
624,14,0.01391074261194751,0.0032,21.92,24.236782812408403,0.02364916515838816
624,15,0.00310338138231197,0.0032,21.92,24.236782812408403,0.00527594973950048
624,16,0.00059715503589075,0.0032,21.92,24.236782812408403,0.00101520231255048
624,17,0.00009864758335324,0.0032,21.92,24.236782812408403,0.00016770729329669
624,18,0.00001388718988614,0.0032,21.92,24.236782812408403,0.00002360912399609
624,19,0.00000182337416572,0.0016,21.92,24.236782812408403,0.00000154992720352
648,0,0.06831649275681544,-0.0002,21.92,24.236782812408343,-0.00725890443683134
648,1,0.522361290241403,0.00025,21.92,24.236782812408343,0.06937875713372274
648,2,1.9162909410993798,0.0007,21.92,24.236782812408343,0.712647896378784
648,3,4.491405273773475,0.00115,21.92,24.236782812408343,2.7440726541155636
648,4,7.556310016126218,0.0016,21.92,24.236782812408343,6.4231086917628275
648,5,9.720078436112383,0.00235,21.92,24.236782812408343,12.135373644904632
648,6,9.94385506242329,0.0031,21.92,24.236782812408343,16.376911433027026
648,7,8.30845378490726,0.00315,21.92,24.236782812408343,13.904208871644126
648,8,5.778103403955213,0.0032,21.92,24.236782812408343,9.82315074861777
648,9,3.3913972547838895,0.0032,21.92,24.236782812408343,5.765595413087702
648,10,1.6974007756146547,0.0032,21.92,24.236782812408343,2.8856914689809727
648,11,0.7300032721268899,0.0032,21.92,24.236782812408343,1.2410529351513597
648,12,0.2712632936553419,0.0032,21.92,24.236782812408343,0.4611652024640105
648,13,0.08741362090752608,0.0032,21.92,24.236782812408343,0.14860882812678206
648,14,0.02447722557956327,0.0032,21.92,24.236782812408343,0.04161287190038607
648,15,0.00595818815671358,0.0032,21.92,24.236782812408343,0.01012930651465374
648,16,0.00125918453596219,0.0032,21.92,24.236782812408343,0.00214069542414523
648,17,0.00023033027835665,0.0032,21.92,24.236782812408343,0.00039157642016578
648,18,0.00003627697961643,0.0032,21.92,24.236782812408343,0.0000616732194915
648,19,0.00000549172973578,0.0016,21.92,24.236782812408343,0.00000466814846445
672,0,0.0502704237830132,-0.0002,21.92,24.236782812408283,-0.00534143641622324
672,1,0.40242357962001796,0.00025,21.92,24.236782812408283,0.05344892188017562
672,2,1.5480789672646893,0.0007,21.92,24.236782812408283,0.5757138416656555
672,3,3.811178742470183,0.00115,21.92,24.236782812408283,2.3284808939925563
672,4,6.746703430813693,0.0016,21.92,24.236782812408283,5.734916825106817
672,5,9.148510537865953,0.00235,21.92,24.236782812408283,11.421779608164767
672,6,9.884743590605979,0.0031,21.92,24.236782812408283,16.279558511795642
672,7,8.740451434168332,0.00315,21.92,24.236782812408283,14.627157533679917
672,8,6.446505362181901,0.0032,21.92,24.236782812408283,10.95947745260813
672,9,4.02185502688799,0.0032,21.92,24.236782812408283,6.837414538335082
672,10,2.144876576764301,0.0032,21.92,24.236782812408283,3.6464293692481355
672,11,0.9855451095666292,0.0032,21.92,24.236782812408283,1.6754906418270517
672,12,0.39244125471379576,0.0032,21.92,24.236782812408283,0.667175599936735
672,13,0.1359782316464309,0.0032,21.92,24.236782812408283,0.23117181791503094
672,14,0.0411021207709998,0.0032,21.92,24.236782812408283,0.0698762725750197
672,15,0.01085006438503605,0.0032,21.92,24.236782812408283,0.01844581355422966
672,16,0.00250044473671067,0.0032,21.92,24.236782812408283,0.00425091831525261
672,17,0.00050210615797008,0.0032,21.92,24.236782812408283,0.00085361305202207
672,18,0.00008753691810349,0.0032,21.92,24.236782812408283,0.00014881844136112
672,19,0.0000150744359083,0.0016,21.92,24.236782812408283,0.00001281375963921
696,0,0.03699129457027482,-0.0002,21.92,24.236782812408222,-0.0039304750792189
696,1,0.3094009449963501,0.00025,21.92,24.236782812408222,0.04109388161195059
696,2,1.245449611931483,0.0007,21.92,24.236782812408222,0.4631692541840963
696,3,3.2133720779083434,0.00115,21.92,24.236782812408222,1.963244443331762
696,4,5.97127309322806,0.0016,21.92,24.236782812408222,5.075775877928432
696,5,8.514063788624657,0.00235,21.92,24.236782812408222,10.629682259316846
696,6,9.690264747728301,0.0031,21.92,24.236782812408222,15.959263941388908
696,7,9.042720686641811,0.00315,21.92,24.236782812408222,15.13300554471433
696,8,7.052460196786761,0.0032,21.92,24.236782812408222,11.989639994023118
696,9,4.6623359042895105,0.0032,21.92,24.236782812408222,7.926273593023394
696,10,2.640687781827501,0.0032,21.92,24.236782812408222,4.489340592826392
696,11,1.291787054848999,0.0032,21.92,24.236782812408222,2.1961218219474046
696,12,0.5491119596879708,0.0032,21.92,24.236782812408222,0.9335259653178827
696,13,0.20372394311839911,0.0032,21.92,24.236782812408222,0.34634392368004213
696,14,0.0661640168528421,0.0032,21.92,24.236782812408222,0.11248312227064969
696,15,0.01884126350156088,0.0032,21.92,24.236782812408222,0.03203137062994937
696,16,0.00470602945153932,0.0032,21.92,24.236782812408222,0.00800055545877937
696,17,0.00102997511607365,0.0032,21.92,24.236782812408222,0.00175102453611177
696,18,0.00019704700565236,0.0032,21.92,24.236782812408222,0.00033499269669731
696,19,0.00003819765549004,0.0016,21.92,24.236782812408222,0.0000324692465581
720,0,0.02721989932045111,-0.0002,21.92,24.23678281240816,-0.00289222470261563
720,1,0.23744286948424354,0.00025,21.92,24.23678281240816,0.03153658489408433
720,2,0.9981886923826593,0.0007,21.92,24.23678281240816,0.37121558974102276
720,3,2.6935376550556827,0.00115,21.92,24.23678281240816,1.6456459774913603
720,4,5.242762744182454,0.0016,21.92,24.23678281240816,4.456518443412408
720,5,7.84237567263963,0.00235,21.92,24.23678281240816,9.791089616891558
720,6,9.379566660123066,0.0031,21.92,24.23678281240816,15.447563496120935
720,7,9.213771985199688,0.00315,21.92,24.23678281240816,15.419260128838598
720,8,7.578195296089408,0.0032,21.92,24.23678281240816,12.883423779677443
720,9,5.2936965923335295,0.0032,21.92,24.23678281240816,8.999627733962082
720,10,3.1747140471506805,0.0032,21.92,24.23678281240816,5.397219898759196
720,11,1.648104462174461,0.0032,21.92,24.23678281240816,2.8018845371176933
720,12,0.7452924932886363,0.0032,21.92,24.23678281240816,1.267045603298823
720,13,0.29495953972232536,0.0032,21.92,24.23678281240816,0.5014503585124399
720,14,0.10250100985648375,0.0032,21.92,24.23678281240816,0.17425836841489528
720,15,0.03134175404499846,0.0032,21.92,24.23678281240816,0.05328301575554577
720,16,0.00843990685845879,0.0032,21.92,24.23678281240816,0.01434838935526528
720,17,0.00200101925876209,0.0032,21.92,24.23678281240816,0.00340186259322603
720,18,0.00041706822653094,0.0032,21.92,24.23678281240816,0.00070904305015857
720,19,0.00009024839337685,0.0016,21.92,24.23678281240816,0.00007671406264161
744,0,0.02002965637615584,-0.0002,21.92,24.236782812408098,-0.0021282322272403
744,1,0.18191164899420223,0.00025,21.92,24.236782812408098,0.02416106313990284
744,2,0.7972347053120024,0.0007,21.92,24.236782812408098,0.29648297316210503
744,3,2.245704590094195,0.00115,21.92,24.236782812408098,1.3720375203909998
744,4,4.569374957906064,0.0016,21.92,24.236782812408098,3.884116975800811
744,5,7.155677741360087,0.00235,21.92,24.236782812408098,8.933757442873274
744,6,8.973511643419904,0.0031,21.92,24.236782812408098,14.778816113567702
744,7,9.257567297586682,0.00315,21.92,24.236782812408098,15.49255164453957
744,8,8.01023928100975,0.0032,21.92,24.236782812408098,13.617926590928745
744,9,5.897155867638408,0.0032,21.92,24.236782812408098,10.02554766262129
744,10,3.734451581252767,0.0032,21.92,24.236782812408098,6.348810030112764
744,11,2.0513643599842672,0.0032,21.92,24.236782812408098,3.487452532378262
744,12,0.9837738089421332,0.0032,21.92,24.236782812408098,1.6724793158193325
744,13,0.41391675224262253,0.0032,21.92,24.236782812408098,0.7036853393579435
744,14,0.15333968390262753,0.0032,21.92,24.236782812408098,0.26068741339758966
744,15,0.05013875002167997,0.0032,21.92,24.236782812408098,0.08523912872052115
744,16,0.01448951944244086,0.0032,21.92,24.236782812408098,0.02463312332913495
744,17,0.00370187662335342,0.0032,21.92,24.236782812408098,0.0062934304877778
744,18,0.00083547509209717,0.0032,21.92,24.236782812408098,0.00142036187354624
744,19,0.00020041859803544,0.0016,21.92,24.236782812408098,0.00017036231127164
768,0,0.01473874425192048,-0.0002,21.92,24.236782812408023,-0.00156605135489648
768,1,0.1391498869544218,0.00025,21.92,24.236782812408023,0.01848154982490026
768,2,0.6346947112934278,0.0007,21.92,24.236782812408023,0.23603610555425453
768,3,1.863085599969784,0.00115,21.92,24.236782812408023,1.1382723080026713
768,4,3.9555683342026735,0.0016,21.92,24.236782812408023,3.362361429594139
768,5,6.47249573698591,0.00235,21.92,24.236782812408023,8.08081485140674
768,6,8.493323702250086,0.0031,21.92,24.236782812408023,13.987976410617563
768,7,9.182532884597997,0.00315,21.92,24.236782812408023,15.366981450883143
768,8,8.339725859274589,0.0032,21.92,24.236782812408023,14.178075155547019
768,9,6.455335122980235,0.0032,21.92,24.236782812408023,10.97448861896009
768,10,4.305738384443045,0.0032,21.92,24.236782812408023,7.320034668389824
768,11,2.49595843795496,0.0032,21.92,24.236782812408023,4.243291316235819
768,12,1.2657820321006896,0.0032,21.92,24.236782812408023,2.1519115957158843
768,13,0.5644467244846223,0.0032,21.92,24.236782812408023,0.9595960606001765
768,14,0.2221721365378584,0.0032,21.92,24.236782812408023,0.3777070496626856
768,15,0.07739968068808586,0.0032,21.92,24.236782812408023,0.13158447991316535
768,16,0.02390640324944649,0.0032,21.92,24.236782812408023,0.04064243689647471
768,17,0.00655147470242067,0.0032,21.92,24.236782812408023,0.01113793214285162
768,18,0.00159264627715446,0.0032,21.92,24.236782812408023,0.00270760202370276
768,19,0.0004211126140939,0.0016,21.92,24.236782812408023,0.00035795938573522
792,0,0.01084544727666447,-0.0002,21.92,24.23678281240796,-0.00115237276064856
792,1,0.10628619660009117,0.00025,21.92,24.23678281240796,0.0141166743369841
792,2,0.5037946061259119,0.0007,21.92,24.23678281240796,0.18735577075609838
792,3,1.5386013381695816,0.00115,21.92,24.23678281240796,0.9400251369677742
792,4,3.4028308288969678,0.0016,21.92,24.23678281240796,2.8925166155227773
792,5,5.807639510986992,0.00235,21.92,24.23678281240796,7.250751722218139
792,6,7.9595140846612376,0.0031,21.92,24.23678281240796,13.1088251383523
792,7,9.000475581160114,0.00315,21.92,24.23678281240796,15.062308302407882
792,8,8.562356634195734,0.0032,21.92,24.23678281240796,14.556561920223947
792,9,6.953104312450927,0.0032,21.92,24.23678281240796,11.820728543091699
792,10,4.8735627775594415,0.0032,21.92,24.23678281240796,8.28537298485305
792,11,2.9740188952331623,0.0032,21.92,24.23678281240796,5.0560251166697565
792,12,1.5907379452528745,0.0032,21.92,24.23678281240796,2.704357735631541
792,13,0.7497071913800064,0.0032,21.92,24.23678281240796,1.2745508765397655
792,14,0.3125853087835016,0.0032,21.92,24.23678281240796,0.5314153097159288
792,15,0.11564189161496347,0.0032,21.92,24.23678281240796,0.19659872016334903
792,16,0.03803686188517767,0.0032,21.92,24.23678281240796,0.0646651335534569
792,17,0.01113584701427086,0.0032,21.92,24.23678281240796,0.01893166256939037
792,18,0.00290254021710398,0.0032,21.92,24.23678281240796,0.00493450672534187
792,19,0.0008418163626443,0.0016,21.92,24.23678281240796,0.0007155712224921
816,0,0.0079805799377974,-0.0002,21.92,24.2367828124079,-0.00084796898642289
816,1,0.08107514906192469,0.00025,21.92,24.2367828124079,0.0107682042705501
816,2,0.3987912036964578,0.0007,21.92,24.2367828124079,0.148306139904619
816,3,1.26525308913227,0.00115,21.92,24.2367828124079,0.7730200662800727
816,4,2.910387311364319,0.0016,21.92,24.2367828124079,2.4739236474052846
816,5,5.1723998839497645,0.00235,21.92,24.2367828124079,6.457664477211309
816,6,7.391087992476766,0.0031,21.92,24.2367828124079,12.17266268329955
816,7,8.725501526999032,0.00315,21.92,24.2367828124079,14.602138843406506
816,8,8.6780874690602,0.0032,21.92,24.2367828124079,14.75331184968326
816,9,7.378194612684505,0.0032,21.92,24.2367828124079,12.543409639125914
816,10,5.422881814400577,0.0032,21.92,24.2367828124079,9.21925099476926
816,11,3.4757908475454258,0.0032,21.92,24.2367828124079,5.909069997385715
816,12,1.9561370230662025,0.0032,21.92,24.2367828124079,3.3255598799734276
816,13,0.9718687572442464,0.0032,21.92,24.2367828124079,1.6522399553713254
816,14,0.42805276519216884,0.0032,21.92,24.2367828124079,0.7277174787088451
816,15,0.16766526619827923,0.0032,21.92,24.2367828124079,0.2850418329387101
816,16,0.05853653427446615,0.0032,21.92,24.2367828124079,0.09951590691265488
816,17,0.01824185539688615,0.0032,21.92,24.2367828124079,0.03101233795425599
816,18,0.00507740043699052,0.0032,21.92,24.2367828124079,0.00863191023364408
816,19,0.00160853372303375,0.0016,21.92,24.2367828124079,0.0013673058563455
840,0,0.0058724785210624,-0.0002,21.92,24.23678281240784,-0.00062397466075252
840,1,0.0617669324978932,0.00025,21.92,24.23678281240784,0.00820373386911171
840,2,0.3148652641600235,0.0007,21.92,24.23678281240784,0.11709498977104923
840,3,1.036373790315096,0.00115,21.92,24.23678281240784,0.6331837819338867
840,4,2.475818666656747,0.0016,21.92,24.23678281240784,2.1045261990433457
840,5,4.5748804082158925,0.00235,21.92,24.23678281240784,5.711670281197579
840,6,6.80501284351826,0.0031,21.92,24.23678281240784,11.20743332835231
840,7,8.373010968271243,0.00315,21.92,24.23678281240784,14.012245407068564
840,8,8.690612078067852,0.0032,21.92,24.23678281240784,14.77460449776312
840,9,7.721566399148115,0.0032,21.92,24.23678281240784,13.12716395874316
840,10,5.939385344171391,0.0032,21.92,24.23678281240784,10.097340513149742
840,11,3.990122548359834,0.0032,21.92,24.23678281240784,6.783467265602527
840,12,2.357559529512284,0.0032,21.92,24.23678281240784,4.008004190680727
840,13,1.2318670725954342,0.0032,21.92,24.23678281240784,2.0942539636933373
840,14,0.5717038882693719,0.0032,21.92,24.23678281240784,0.9719337099776805
840,15,0.23644764334866342,0.0032,21.92,24.23678281240784,0.40197633762998775
840,16,0.0873633159983577,0.0032,21.92,24.23678281240784,0.1485233065167264
840,17,0.02888585255658223,0.0032,21.92,24.23678281240784,0.04910782385296453
840,18,0.00855484274712245,0.0032,21.92,24.23678281240784,0.01454378782459616
840,19,0.00294974892403233,0.0016,21.92,24.23678281240784,0.00250738229533134
864,0,0.00432124034575563,-0.0002,21.92,24.23678281240776,-0.00045914931303744
864,1,0.04700219368015381,0.00025,21.92,24.23678281240776,0.00624271714043072
864,2,0.2480083490938891,0.0007,21.92,24.23678281240776,0.09223162541525835
864,3,0.8457844887742394,0.00115,21.92,24.23678281240776,0.5167411857649034
864,4,2.095583667840453,0.0016,21.92,24.23678281240776,1.7813141126417598
864,5,4.020405032371328,0.00235,21.92,24.23678281240776,5.019416004959047
864,6,6.215914630843037,0.0031,21.92,24.23678281240776,10.237225175299677
864,7,7.95881812566329,0.00315,21.92,24.23678281240776,13.319093113530771
864,8,8.60671650166031,0.0032,21.92,24.23678281240776,14.631976573584815
864,9,7.977543608580014,0.0032,21.92,24.23678281240776,13.562341826058327
864,10,6.410155446220548,0.0032,21.92,24.23678281240776,10.897680236596923
864,11,4.505027946294735,0.0032,21.92,24.23678281240776,7.658839856153438
864,12,2.7888074416356567,0.0032,21.92,24.23678281240776,4.7411536265171685
864,13,1.5292231416316597,0.0032,21.92,24.23678281240776,2.599778577558792
864,14,0.7460885776287457,0.0032,21.92,24.23678281240776,1.268398998337762
864,15,0.3250068928105541,0.0032,21.92,24.23678281240776,0.5525328086431386
864,16,0.12674452466099273,0.0032,21.92,24.23678281240776,0.21547391683135317
864,17,0.04433290343571979,0.0032,21.92,24.23678281240776,0.07536881276213922
864,18,0.01392535857436359,0.0032,21.92,24.23678281240776,0.02367401324297718
864,19,0.00520954412375738,0.0016,21.92,24.23678281240776,0.0044282815382132
888,0,0.0031797678068035,-0.0002,21.92,24.236782812407696,-0.00033786322613284
888,1,0.03572785278157865,0.00025,21.92,24.236782812407696,0.00474528658104997
888,2,0.19491178629944922,0.0007,21.92,24.236782812407696,0.07248558739522123
888,3,0.6878795814731433,0.00115,21.92,24.236782812407696,0.420267473938951
888,4,1.7654443223306684,0.0016,21.92,24.236782812407696,1.500684956994191
888,5,3.511955934185605,0.00235,21.92,24.236782812407696,4.384624853174233
888,6,5.635962176048298,0.0031,21.92,24.236782812407696,9.282079517210663
888,7,7.498423344882121,0.00315,21.92,24.236782812407696,12.548621812718476
888,8,8.435571609431847,0.0032,21.92,24.236782812407696,14.341019150589318
888,9,8.143742091194813,0.0032,21.92,24.236782812407696,13.844890031720228
888,10,6.8241871648745445,0.0032,21.92,24.236782812407696,11.601561026314746
888,11,5.008274833053075,0.0032,21.92,24.236782812407696,8.514392221141508
888,12,3.242153806114748,0.0032,21.92,24.236782812407696,5.511871865406313
888,13,1.8619472651411768,0.0032,21.92,24.236782812407696,3.165431179188991
888,14,0.952956638303248,0.0032,21.92,24.236782812407696,1.6200881258962554
888,15,0.43623726818646097,0.0032,21.92,24.236782812407696,0.7416316649209461
888,16,0.1791163053090007,0.0032,21.92,24.236782812407696,0.30450934252601175
888,17,0.06610225578402251,0.0032,21.92,24.236782812407696,0.11237812444575626
888,18,0.02195763058032536,0.0032,21.92,24.236782812407696,0.03732939689610677
888,19,0.00888798210222072,0.0016,21.92,24.236782812407696,0.00755507317343651
912,0,0.00233981970732861,-0.0002,21.92,24.236782812407622,-0.00024861533386048
912,1,0.0271301487254778,0.00025,21.92,24.236782812407622,0.00360336042235592
912,2,0.15286272713257767,0.0007,21.92,24.236782812407622,0.0568479966112321
912,3,0.5576602086474693,0.00115,21.92,24.236782812407622,0.3407085389896689
912,4,1.4808013778882512,0.0016,21.92,24.236782812407622,1.2587292184663639
912,5,3.050608055165692,0.00235,21.92,24.236782812407622,3.808638874358399
912,6,5.074897612802898,0.0031,21.92,24.236782812407622,8.3580410429169
912,7,7.0064469364997874,0.00315,21.92,24.236782812407622,11.725298614544641
912,8,8.18802022686874,0.0032,21.92,24.236782812407622,13.9201657357332
912,9,8.220830000808574,0.0032,21.92,24.236782812407622,13.97594448057505
912,10,7.1727527640815065,0.0032,21.92,24.236782812407622,12.194145164640856
912,11,5.487955183922407,0.0032,21.92,24.236782812407622,9.329879945801057
912,12,3.7086815888903164,0.0032,21.92,24.236782812407622,6.304999370789064
912,13,2.226534225780552,0.0032,21.92,24.236782812407622,3.7852526716339456
912,14,1.193070070641247,0.0032,21.92,24.236782812407622,2.0282965426943256
912,15,0.5727307125092836,0.0032,21.92,24.236782812407622,0.9736793778198365
912,16,0.24703581415732018,0.0032,21.92,24.236782812407622,0.41997691510915325
912,17,0.09595535936140123,0.0032,21.92,24.236782812407622,0.16313033780246863
912,18,0.03361860613274342,0.0032,21.92,24.236782812407622,0.05715381205782492
912,19,0.01468817617351973,0.0016,21.92,24.236782812407622,0.01248542633175885
936,0,0.00172174718632066,-0.0002,21.92,24.23678281240756,-0.0001829426216942
936,1,0.02058168627318301,0.00025,21.92,24.23678281240756,0.00273360955343703
936,2,0.11964997436409608,0.0007,21.92,24.23678281240756,0.04449653270469836
936,3,0.4507313693189114,0.00115,21.92,24.23678281240756,0.2753792075104616
936,4,1.2369500243820082,0.0016,21.92,24.23678281240756,1.051447655790748
936,5,2.6359374763287984,0.00235,21.92,24.23678281240756,3.2909288119540903
936,6,4.540173602038262,0.0031,21.92,24.23678281240756,7.477383821906354
936,7,6.4962206215636575,0.00315,21.92,24.23678281240756,10.871434172574896
936,8,7.875903016929702,0.0032,21.92,24.23678281240756,13.389546224429447
936,9,8.212163170587967,0.0032,21.92,24.23678281240756,13.961210306778225
936,10,7.449606468878542,0.0032,21.92,24.23678281240756,12.664814428827569
936,11,5.933001059889272,0.0032,21.92,24.23678281240756,10.086486815570874
936,12,4.178683674013795,0.0032,21.92,24.23678281240756,7.104033415623227
936,13,2.6180492536362268,0.0032,21.92,24.23678281240756,4.450853625805656
936,14,1.4660636727337275,0.0032,21.92,24.23678281240756,2.4924033817873843
936,15,0.7365957822884622,0.0032,21.92,24.23678281240756,1.2522606302376675
936,16,0.3330693964950278,0.0032,21.92,24.23678281240756,0.566239588111576
936,17,0.13586385290266842,0.0032,21.92,24.23678281240756,0.2309773666281801
936,18,0.05008510351633919,0.0032,21.92,24.23678281240756,0.08514792618012543
936,19,0.02356866258407056,0.0016,21.92,24.23678281240756,0.0200341279240647
960,0,0.00126694094119201,-0.0002,21.92,24.236782812407498,-0.00013461761352355
960,1,0.01559975953584658,0.00025,21.92,24.236782812407498,0.00207192215120261
960,2,0.09348069826043831,0.0007,21.92,24.236782812407498,0.03476446166838296
960,3,0.36327492281803114,0.00115,21.92,24.236782812407498,0.22194674514271917
960,4,1.029267288981235,0.0016,21.92,24.236782812407498,0.8749105920605829
960,5,2.266389464537664,0.00235,21.92,24.236782812407498,2.829553604717531
960,6,4.037162175268475,0.0031,21.92,24.236782812407498,6.648955256295126
960,7,5.979523144377795,0.00315,21.92,24.236782812407498,10.00674023165241
960,8,7.511454511404334,0.0032,21.92,24.236782812407498,12.769960114663114
960,9,8.123338734703234,0.0032,21.92,24.236782812407498,13.810203001637307
960,10,7.651038806675837,0.0032,21.92,24.236782812407498,13.007262474751185
960,11,6.333618315450605,0.0032,21.92,24.236782812407498,10.767562147518449
960,12,4.6420934787970625,0.0032,21.92,24.236782812407498,7.891860156082262
960,13,3.0302969449080672,0.0032,21.92,24.236782812407498,5.151701453201876
960,14,1.7703651733956256,0.0032,21.92,24.236782812407498,3.0097356801304933
960,15,0.9292875810636336,0.0032,21.92,24.236782812407498,1.5798491926187181
960,16,0.4396624709130374,0.0032,21.92,24.236782812407498,0.7474547318298334
960,17,0.18795646920693393,0.0032,21.92,24.236782812407498,0.3195381948224983
960,18,0.0727438959490633,0.0032,21.92,24.236782812407498,0.12366934372622179
960,19,0.03679883873687301,0.0016,21.92,24.236782812407498,0.03128020693078341
984,0,0.00093227354606063,-0.0002,21.92,24.236782812407437,-0.00009905784543023
984,1,0.01181368939801447,0.00025,21.92,24.236782812407437,0.00156906551635799
984,2,0.07290814343012192,0.0007,21.92,24.236782812407437,0.0271137508037004
984,3,0.2920077222872139,0.00115,21.92,24.236782812407437,0.1784052777864059
984,4,0.8533427984211545,0.0016,21.92,24.236782812407437,0.725369066898323
984,5,1.9395987991293313,0.00235,21.92,24.236782812407437,2.4215603097598026
984,6,3.5694056320100325,0.0031,21.92,24.236782812407437,5.878589293288477
984,7,5.466440890983611,0.00315,21.92,24.236782812407437,9.148096372732981
984,8,7.106788844033743,0.0032,21.92,24.236782812407437,12.082002219923751
984,9,7.961707121887974,0.0032,21.92,24.236782812407437,13.535418770995149
984,10,7.77579868149011,0.0032,21.92,24.236782812407437,13.21936235805202
984,11,6.68162009527193,0.0032,21.92,24.236782812407437,11.359187756300715
984,12,5.0889163859008875,0.0032,21.92,24.236782812407437,8.651488094102849
984,13,3.456059308738885,0.0032,21.92,24.236782812407437,5.8755251009640235
984,14,2.103181082864278,0.0032,21.92,24.236782812407437,3.575544323847536
984,15,1.151461519490197,0.0032,21.92,24.236782812407437,1.9575593056091203
984,16,0.5689988604048635,0.0032,21.92,24.236782812407437,0.9673349870690212
984,17,0.25444559486488444,0.0032,21.92,24.236782812407437,0.4325740231593065
984,18,0.10317774817664266,0.0032,21.92,24.236782812407437,0.17540886747514173
984,19,0.05601442360899513,0.0016,21.92,24.236782812407437,0.04761407755626398
1008,0,0.00067824090719705,-0.0002,21.92,24.236782812407377,-0.00007206584723279
1008,1,0.00884087339358944,0.00025,21.92,24.236782812407377,0.00117422331915205
1008,2,0.05616223638037803,0.0007,21.92,24.236782812407377,0.02088612890349574
1008,3,0.23169831317748166,0.00115,21.92,24.236782812407377,0.14155859167454685
1008,4,0.6979527507181442,0.0016,21.92,24.236782812407377,0.5932824844414674
1008,5,1.63649670104921,0.00235,21.92,24.236782812407377,2.0431418394837686
1008,6,3.1091407302655285,0.0031,21.92,24.236782812407377,5.120561598367152
1008,7,4.9311663457813735,0.00315,21.92,24.236782812407377,8.2523136828556
1008,8,6.6438728908830385,0.0032,21.92,24.236782812407377,11.295015059287833
1008,9,7.719290222363854,0.0032,21.92,24.236782812407377,13.123294310500377
1008,10,7.824907123762853,0.0032,21.92,24.236782812407377,13.302849896738937
1008,11,6.970651652001532,0.0032,21.92,24.236782812407377,11.85056015903736
1008,12,5.509635305396111,0.0032,21.92,24.236782812407377,9.366737559207248
1008,13,3.8873848975171095,0.0032,21.92,24.236782812407377,6.608806592154417
1008,14,2.4605491620931192,0.0032,21.92,24.236782812407377,4.183093249435422
1008,15,1.4028619676773426,0.0032,21.92,24.236782812407377,2.384956381805754
1008,16,0.7228586518619121,0.0032,21.92,24.236782812407377,1.228906617060765
1008,17,0.3375360712812008,0.0032,21.92,24.236782812407377,0.5738332251066437
1008,18,0.14313574201981524,0.0032,21.92,24.236782812407377,0.24334005002634435
1008,19,0.08326922968084732,0.0016,21.92,24.236782812407377,0.07078154704849135
1032,0,0.00048777691540144,-0.0002,21.92,24.236782812407316,-0.00005182827561121
1032,1,0.00653733417965663,0.00025,21.92,24.236782812407316,0.00086827283879087
1032,2,0.04272607583415793,0.0007,21.92,24.236782812407316,0.01588936596770807
1032,3,0.18146813279970944,0.00115,21.92,24.236782812407316,0.1108699194251754
1032,4,0.5631572700358126,0.0016,21.92,24.236782812407316,0.47870195217991957
1032,5,1.3613016976060446,0.00235,21.92,24.236782812407316,1.6995649626155576
1032,6,2.668317033087676,0.0031,21.92,24.236782812407316,4.394552359400861
1032,7,4.388231567771362,0.00315,21.92,24.236782812407316,7.3437115828061215
1032,8,6.136089145152473,0.0032,21.92,24.236782812407316,10.431749739633863
1032,9,7.4030508152545185,0.0032,21.92,24.236782812407316,12.58566679650294
1032,10,7.79700800581921,0.0032,21.92,24.236782812407316,13.255419585760693
1032,11,7.196306578864377,0.0032,21.92,24.236782812407316,12.234188178263262
1032,12,5.895568492524448,0.0032,21.92,24.236782812407316,10.02284902191676
1032,13,4.315908693084247,0.0032,21.92,24.236782812407316,7.337324853067528
1032,14,2.8374534069773163,0.0032,21.92,24.236782812407316,4.823854924409403
1032,15,1.682254180416186,0.0032,21.92,24.236782812407316,2.859941274226462
1032,16,0.9024841896187203,0.0032,21.92,24.236782812407316,1.534281687793965
1032,17,0.4393205392931739,0.0032,21.92,24.236782812407316,0.7468734258868883
1032,18,0.19448734997749598,0.0032,21.92,24.236782812407316,0.33064111594477325
1032,19,0.12107909624259748,0.0016,21.92,24.236782812407316,0.10292116043503427
1056,0,0.00034673432484799,-0.0002,21.92,24.236782812407256,-0.00003684192831737
1056,1,0.00477588659272082,0.00025,21.92,24.236782812407256,0.00063432165094285
1056,2,0.03209852616884316,0.0007,21.92,24.236782812407256,0.01193709507281864
1056,3,0.14028217202420282,0.00115,21.92,24.236782812407256,0.08570691101053102
1056,4,0.44825365855559646,0.0016,21.92,24.236782812407256,0.38103015416760744
1056,5,1.1164361802737304,0.00235,21.92,24.236782812407256,1.3938539989529126
1056,6,2.256355890059988,0.0031,21.92,24.236782812407256,3.7160779537643918
1056,7,3.851630068905225,0.00315,21.92,24.236782812407256,6.445708234141509
1056,8,5.5976846097556185,0.0032,21.92,24.236782812407256,9.516427090454128
1056,9,7.022108862959431,0.0032,21.92,24.236782812407256,11.938040756909063
1056,10,7.692942671779646,0.0032,21.92,24.236782812407256,13.078501764719919
1056,11,7.35498421225011,0.0032,21.92,24.236782812407256,12.503950452180819
1056,12,6.239163549791768,0.0032,21.92,24.236782812407256,10.606982916389153
1056,13,4.733182012710637,0.0032,21.92,24.236782812407256,8.046716574797554
1056,14,3.227993158239991,0.0032,21.92,24.236782812407256,5.4877978450838
1056,15,1.9874045781586769,0.0032,21.92,24.236782812407256,3.3787167526945554
1056,16,1.1084634851103223,0.0032,21.92,24.236782812407256,1.8844598568663546
1056,17,0.5616670305883924,0.0032,21.92,24.236782812407256,0.9548704005922295
1056,18,0.2591609953387779,0.0032,21.92,24.236782812407256,0.4405905099642036
1056,19,0.17245369106308267,0.0016,21.92,24.236782812407256,0.1465912329734825
1080,0,0.00024358529875955,-0.0002,21.92,24.236782812407192,-0.00002588192593854
1080,1,0.00344671246341547,0.00025,21.92,24.236782812407192,0.00045778397323154
1080,2,0.02381119309759378,0.0007,21.92,24.236782812407192,0.00885512544433011
1080,3,0.1070289660840422,0.00115,21.92,24.236782812407192,0.06539050500395367
1080,4,0.3519599962103609,0.0016,21.92,24.236782812407192,0.2991774167532662
1080,5,0.9027186122079592,0.00235,21.92,24.236782812407192,1.1270307875966377
1080,6,1.8800297734835005,0.0031,21.92,24.236782812407192,3.096292222534514
1080,7,3.3339413981136206,0.00315,21.92,24.236782812407192,5.579355529352355
1080,8,5.043162724334849,0.0032,21.92,24.236782812407192,8.573703900320982
1080,9,6.587324046685487,0.0032,21.92,24.236782812407192,11.198878354494203
1080,10,7.51573929518981,0.0032,21.92,24.236782812407192,12.777244525153277
1080,11,7.444257262278784,0.0032,21.92,24.236782812407192,12.65572043047855
1080,12,6.5339119456784704,0.0032,21.92,24.236782812407192,11.108074316679104
1080,13,5.130992930920108,0.0032,21.92,24.236782812407192,8.723020951133645
1080,14,3.6255946862349333,0.0032,21.92,24.236782812407192,6.1637462444671165
1080,15,2.315110907891552,0.0032,21.92,24.236782812407192,3.9358387792817795
1080,16,1.3406392154684066,0.0032,21.92,24.236782812407192,2.279173665192557
1080,17,0.7061054544940726,0.0032,21.92,24.236782812407192,1.2004250943602486
1080,18,0.33906914871481275,0.0032,21.92,24.236782812407192,0.5764395562306834
1080,19,0.24091208247179857,0.0016,21.92,24.236782812407192,0.2047830869264022
1104,0,0.00016909191507087,-0.0002,21.92,24.23678281240713,-0.00001796670178766
1104,1,0.00245698086486868,0.00025,21.92,24.23678281240713,0.00032633022754642
1104,2,0.01743970277524822,0.0007,21.92,24.23678281240713,0.00648563703438533
1104,3,0.08058712533882942,0.00115,21.92,24.23678281240713,0.0492355762699332
1104,4,0.27259550597385074,0.0016,21.92,24.23678281240713,0.23171502492874851
1104,5,0.7196202923298705,0.00235,21.92,24.23678281240713,0.8984352530976912
1104,6,1.5435346306368103,0.0031,21.92,24.23678281240713,2.5421056301666973
1104,7,2.845699282415563,0.00315,21.92,24.23678281240713,4.762281675137642
1104,8,4.486599330148216,0.0032,21.92,24.23678281240713,7.627510012805033
1104,9,6.110809829922039,0.0032,21.92,24.23678281240713,10.388773263276441
1104,10,7.270494773000638,0.0032,21.92,24.23678281240713,12.360312922633327
1104,11,7.463139521089825,0.0032,21.92,24.23678281240713,12.687821495794912
1104,12,6.774383224620154,0.0032,21.92,24.23678281240713,11.51689109592536
1104,13,5.50157948041808,0.0032,21.92,24.23678281240713,9.35304213397307
1104,14,4.023251525474704,0.0032,21.92,24.23678281240713,6.839788676555983
1104,15,2.6612803278512542,0.0032,21.92,24.23678281240713,4.52434925739088
1104,16,1.5980497276074432,0.0032,21.92,24.23678281240713,2.716788240122048
1104,17,0.8737200313482836,0.0032,21.92,24.23678281240713,1.485380752124617
1104,18,0.4360232256560582,0.0032,21.92,24.23678281240713,0.7412677787292552
1104,19,0.3304785253965742,0.0016,21.92,24.23678281240713,0.2809174695566295
1128,0,0.00011597104198391,-0.0002,21.92,24.236782812407057,-0.00001232239357189
1128,1,0.00172977699955724,0.00025,21.92,24.236782812407057,0.00022974477739787
1128,2,0.01260997299374779,0.0007,21.92,24.236782812407057,0.00468951271158836
1128,3,0.05987713021009409,0.00115,21.92,24.236782812407057,0.0365825806403758
1128,4,0.20824596531045436,0.0016,21.92,24.236782812407057,0.17701582742839464
1128,5,0.5655559305115583,0.00235,21.92,24.236782812407057,0.7060881842630599
1128,6,1.2487177014149677,0.0031,21.92,24.236782812407057,2.0565604659910726
1128,7,2.3950136692126827,0.00315,21.92,24.236782812407057,4.008058679662726
1128,8,3.9409841759557147,0.0032,21.92,24.236782812407057,6.699928843749743
1128,9,5.605383145534052,0.0032,21.92,24.236782812407057,9.529515100863039
1128,10,6.964159455680649,0.0032,21.92,24.236782812407057,11.839523003989756
1128,11,7.412251656771032,0.0032,21.92,24.236782812407057,12.601308824156545
1128,12,6.956320896480464,0.0032,21.92,24.236782812407057,11.826196944677168
1128,13,5.837795571860242,0.0032,21.92,24.236782812407057,9.924631307695075
1128,14,4.413757641712083,0.0032,21.92,24.236782812407057,7.5036744155046655
1128,15,3.0210503511621347,0.0032,21.92,24.236782812407057,5.135981643789003
1128,16,1.878906252695512,0.0032,21.92,24.236782812407057,3.1942625585609212
1128,17,1.065054556015646,0.0032,21.92,24.236782812407057,1.8106618604439912
1128,18,0.551642550251002,0.0032,21.92,24.236782812407057,0.9378281334941061
1128,19,0.4456557672737078,0.0016,21.92,24.236782812407057,0.37882186228474857
1152,0,0.00007857187376988,-0.0002,21.92,24.236782812406993,-0.00000834858026375
1152,1,0.00120258018028679,0.00025,21.92,24.236782812406993,0.00015972377704976
1152,2,0.00900034487320763,0.0007,21.92,24.236782812406993,0.00334713101388188
1152,3,0.04389849300774334,0.00115,21.92,24.236782812406993,0.02682025933460675
1152,4,0.15690607541667334,0.0016,21.92,24.236782812406993,0.13337525520370838
1152,5,0.43818034189477906,0.00235,21.92,24.236782812406993,0.5470616526086052
1152,6,0.9954159794669748,0.0031,21.92,24.236782812406993,1.639388268675838
1152,7,1.987433254096449,0.00315,21.92,24.236782812406993,3.3259722926550905
1152,8,3.417664643073868,0.0032,21.92,24.236782812406993,5.810251677765562
1152,9,5.083980471530431,0.0032,21.92,24.236782812406993,8.643096719363694
1152,10,6.60523337440322,0.0032,21.92,24.236782812406993,11.229325373814888
1152,11,7.293886347788719,0.0032,21.92,24.236782812406993,12.400080117736337
1152,12,7.076756791559674,0.0032,21.92,24.236782812406993,12.030945781829809
1152,13,6.1332584148444464,0.0032,21.92,24.236782812406993,10.426937314413818
1152,14,4.78992283538061,0.0032,21.92,24.236782812406993,8.143179655452299
1152,15,3.38893943373649,0.0032,21.92,24.236782812406993,5.761416957809962
1152,16,2.180608087247322,0.0032,21.92,24.236782812406993,3.7071752558151925
1152,17,1.2800366675294799,0.0032,21.92,24.236782812406993,2.176145400979253
1152,18,0.6872623413334703,0.0032,21.92,24.236782812406993,1.1683905791898896
1152,19,0.5913743063363426,0.0016,21.92,24.236782812406993,0.5026873485878051
1176,0,0.00005257869477032,-0.0002,21.92,24.236782812406933,-0.00000558669957062
1176,1,0.00082549697415223,0.00025,21.92,24.236782812406933,0.00010964050199405
1176,2,0.00634051181354733,0.0007,21.92,24.236782812406933,0.00235796783723079
1176,3,0.03175344436811491,0.00115,21.92,24.236782812406933,0.01940011044501291
1176,4,0.11659427512553702,0.0016,21.92,24.236782812406933,0.09910891696745205
1176,5,0.33466862055886176,0.00235,21.92,24.236782812406933,0.4178288050246148
1176,6,0.7818589391964166,0.0031,21.92,24.236782812406933,1.2876730925741213
1176,7,1.6260163450303204,0.00315,21.92,24.236782812406933,2.7211405967109177
1176,8,2.925941268242068,0.0032,21.92,24.236782812406933,4.9742900308547
1176,9,4.559083614764084,0.0032,21.92,24.236782812406933,7.750738000417646
1176,10,6.2033884651398745,0.0032,21.92,24.236782812406933,10.546162950906993
1176,11,7.111975969125553,0.0032,21.92,24.236782812406933,12.090820669190766
1176,12,7.134112413794794,0.0032,21.92,24.236782812406933,12.128454061641913
1176,13,6.382487204393681,0.0032,21.92,24.236782812406933,10.85064242999924
1176,14,5.144770187205193,0.0032,21.92,24.236782812406933,8.746443180873865
1176,15,3.7590146834533424,0.0032,21.92,24.236782812406933,6.390568897841405
1176,16,2.499793542455357,0.0032,21.92,24.236782812406933,4.249811242760016
1176,17,1.5179261333495762,0.0032,21.92,24.236782812406933,2.580572930375698
1176,18,0.8438460000229915,0.0032,21.92,24.236782812406933,1.4345929602383642
1176,19,0.7729173440993127,0.0016,21.92,24.236782812406933,0.6570048211763735
1200,0,0.00003474643856443,-0.0002,21.92,24.236782812406872,-0.0000036919500238
1200,1,0.00055941531199077,0.00025,21.92,24.236782812406872,0.00007430018225423
1200,2,0.00440816066908881,0.0007,21.92,24.236782812406872,0.00163934732474568
1200,3,0.02265901042687499,0.00115,21.92,24.236782812406872,0.01384376761651353
1200,4,0.08543866693572193,0.0016,21.92,24.236782812406872,0.07262563910642292
1200,5,0.25196328201512413,0.00235,21.92,24.236782812406872,0.31457241751155685
1200,6,0.6050924455547212,0.0031,21.92,24.236782812406872,0.9965496608141297
1200,7,1.3115654424032963,0.00315,21.92,24.236782812406872,2.194906577338351
1200,8,2.472838213639125,0.0032,21.92,24.236782812406872,4.2039854345442595
1200,9,4.042199853190903,0.0032,21.92,24.236782812406872,6.872002063298524
1200,10,5.76903890225474,0.0032,21.92,24.236782812406872,9.807740507498282
1200,11,6.871969023267015,0.0032,21.92,24.236782812406872,11.682793286318047
1200,12,7.1282649852819375,0.0032,21.92,24.236782812406872,12.11851305370938
1200,13,6.581031945706224,0.0032,21.92,24.236782812406872,11.188181374512265
1200,14,5.471717982359143,0.0032,21.92,24.236782812406872,9.302275649452863
1200,15,4.125067424332094,0.0032,21.92,24.236782812406872,7.012882311813023
1200,16,2.8324217360918325,0.0032,21.92,24.236782812406872,4.815300757380786
1200,17,1.7772902530009829,0.0032,21.92,24.236782812406872,3.021508764852823
1200,18,1.0219069059389725,0.0032,21.92,24.236782812406872,1.737308055307569
1200,19,0.9958225682544256,0.0016,21.92,24.236782812406872,0.846481494268717
1224,0,0.00002267250820073,-0.0002,21.92,24.236782812406794,-0.00000240904595261
1224,1,0.00037420403258438,0.00025,21.92,24.236782812406794,0.0000497008702217
1224,2,0.00302415279461033,0.0007,21.92,24.236782812406794,0.00112464974977678
1224,3,0.01594972615119812,0.00115,21.92,24.236782812406794,0.00974465778621679
1224,4,0.06173528600560242,0.0016,21.92,24.236782812406794,0.05247699621703823
1224,5,0.18697821291062983,0.00235,21.92,24.236782812406794,0.23343952335783855
1224,6,0.4613876242129274,0.0031,21.92,24.236782812406794,0.7598767490671754
1224,7,1.0429749946353792,0.00315,21.92,24.236782812406794,1.7454200924430092
1224,8,2.063048539727531,0.0032,21.92,24.236782812406794,3.5073163961700327
1224,9,3.543434335869887,0.0032,21.92,24.236782812406794,6.02406831716606
1224,10,5.312887607704683,0.0032,21.92,24.236782812406794,9.032253705466486
1224,11,6.580625714363533,0.0032,21.92,24.236782812406794,11.187490754867842
1224,12,7.0605634036409395,0.0032,21.92,24.236782812406794,12.003415971520727
1224,13,6.725585695262878,0.0032,21.92,24.236782812406794,11.433932129370797
1224,14,5.76474760820502,0.0032,21.92,24.236782812406794,9.800445029136235
1224,15,4.480790440720686,0.0032,21.92,24.236782812406794,7.617634523818418
1224,16,3.173879154723294,0.0032,21.92,24.236782812406794,5.395800527453165
1224,17,2.0560073645889667,0.0032,21.92,24.236782812406794,3.4953459415073165
1224,18,1.2214443740259324,0.0032,21.92,24.236782812406794,2.07653469975873
1224,19,1.2657632777295875,0.0016,21.92,24.236782812406794,1.0759398560339315
1248,0,0.0000146051771015,-0.0002,21.92,24.236782812406734,-0.00000155185930344
1248,1,0.00024704356802227,0.00025,21.92,24.236782812406734,0.0000328117263424
1248,2,0.00204694444968057,0.0007,21.92,24.236782812406734,0.00076123652457079
1248,3,0.01107332712115958,0.00115,21.92,24.236782812406734,0.00676536903064177
1248,4,0.04398178325788794,0.0016,21.92,24.236782812406734,0.03738594283718591
1248,5,0.13675513398636294,0.00235,21.92,24.236782812406734,0.17073675482058756
1248,6,0.3466074384844224,0.0031,21.92,24.236782812406734,0.5708409149624168
1248,7,0.8176418832237844,0.00315,21.92,24.236782812406734,1.3683248196191415
1248,8,1.6990357282925999,0.0032,21.92,24.236782812406734,2.8884709946312426
1248,9,3.0711809292939978,0.0032,21.92,24.236782812406734,5.221206879766458
1248,10,4.845479599395602,0.0032,21.92,24.236782812406734,8.237629759555755
1248,11,6.24574773090794,0.0032,21.92,24.236782812406734,10.61817645155759
1248,12,6.933785984294339,0.0032,21.92,24.236782812406734,11.787886131589168
1248,13,6.814071368206689,0.0032,21.92,24.236782812406734,11.584363515528533
1248,14,6.01855675011784,0.0032,21.92,24.236782812406734,10.231937040975275
1248,15,4.819952752583111,0.0032,21.92,24.236782812406734,8.194232463445703
1248,16,3.5191048868452177,0.0032,21.92,24.236782812406734,5.9827066749987345
1248,17,2.351297573880448,0.0032,21.92,24.236782812406734,3.99735845974562
1248,18,1.4418974548937034,0.0032,21.92,24.236782812406734,2.4513192432265423
1248,19,1.5884125904926183,0.0016,21.92,24.236782812406734,1.3502022408191712
1272,0,0.00000928665863342,-0.0002,21.92,24.23678281240667,-0.00000098674514509
1272,1,0.00016093970037442,0.00025,21.92,24.23678281240667,0.00002137561989
1272,2,0.00136679914108088,0.0007,21.92,24.23678281240667,0.00050829783295053
1272,3,0.0075816400924491,0.00115,21.92,24.23678281240667,0.00463208505643386
1272,4,0.03089070742288987,0.0016,21.92,24.23678281240667,0.02625810361396089
1272,5,0.09857317682999359,0.00235,21.92,24.23678281240667,0.12306714807494736
1272,6,0.2565133869325223,0.0031,21.92,24.23678281240667,0.42246160999008686
1272,7,0.6318931495320215,0.00315,21.92,24.23678281240667,1.0574740575212511
1272,8,1.3812603074723477,0.0032,21.92,24.23678281240667,2.3482321576478378
1272,9,2.6319438799321846,0.0032,21.92,24.23678281240667,4.47447539218085
1272,10,4.376791660166954,0.0032,21.92,24.23678281240667,7.440829848022449
1272,11,5.875861422596338,0.0032,21.92,24.23678281240667,9.989345724176124
1272,12,6.752037986325269,0.0032,21.92,24.23678281240667,11.478902740761026
1272,13,6.845694452671075,0.0032,21.92,24.23678281240667,11.638124811253546
1272,14,6.2286950505410585,0.0032,21.92,24.23678281240667,10.589185788324157
1272,15,5.1365686904869605,0.0032,21.92,24.23678281240667,8.732500104228182
1272,16,3.8627289427702354,0.0032,21.92,24.23678281240667,6.5668898690710344
1272,17,2.659778447001014,0.0032,21.92,24.23678281240667,4.521795962482941
1272,18,1.682119056185766,0.0032,21.92,24.23678281240667,2.859711554265975
1272,19,1.9692954475340785,0.0016,21.92,24.23678281240667,1.673965027733048
1296,0,0.00000582751066297,-0.0002,21.92,24.236782812406595,-0.00000061919664345
1296,1,0.00010344482154298,0.00025,21.92,24.236782812406595,0.00001373928980697
1296,2,0.00090019674251124,0.0007,21.92,24.236782812406595,0.00033477344234043
1296,3,0.00511862118369948,0.00115,21.92,24.236782812406595,0.00312727700147278
1296,4,0.02138703273968035,0.0016,21.92,24.236782812406595,0.01817967176943213
1296,5,0.07001582676871884,0.00235,21.92,24.236782812406595,0.08741372042210481
1296,6,0.18700391192336757,0.0031,21.92,24.236782812406595,0.3079838235747598
1296,7,0.48139379741163624,0.00315,21.92,24.236782812406595,0.8056131841142037
1296,8,1.1084937726376014,0.0032,21.92,24.236782812406595,1.884511347628144
1296,9,2.230289105030687,0.0032,21.92,24.236782812406595,3.7916362100266223
1296,10,3.915883288782624,0.0032,21.92,24.236782812406595,6.657255706668594
1296,11,5.479876276717391,0.0032,21.92,24.236782812406595,9.316145279282813
1296,12,6.520592517208711,0.0032,21.92,24.236782812406595,11.085430423934662
1296,13,6.820954730466053,0.0032,21.92,24.236782812406595,11.5960656780555
1296,14,6.391677857868004,0.0032,21.92,24.236782812406595,10.866267137319968
1296,15,5.425058143641838,0.0032,21.92,24.236782812406595,9.222950895708733
1296,16,4.199218698596239,0.0032,21.92,24.236782812406595,7.138944290004633
1296,17,2.9775425294279425,0.0032,21.92,24.236782812406595,5.062015523461882
1296,18,1.9403716113333689,0.0032,21.92,24.236782812406595,3.298757656953212
1296,19,2.413633780908243,0.0016,21.92,24.236782812406595,2.0516670284566625
1320,0,0.00000360828861108,-0.0002,21.92,24.23678281240653,-0.0000003833952996
1320,1,0.00006559026423611,0.00025,21.92,24.23678281240653,0.00000871153949917
1320,2,0.00058470865039601,0.0007,21.92,24.23678281240653,0.00021744682958221
1320,3,0.00340713538303619,0.00115,21.92,24.23678281240653,0.00208162623133839
1320,4,0.0145945143245742,0.0016,21.92,24.23678281240653,0.01240581072112762
1320,5,0.04900182734471763,0.00235,21.92,24.23678281240653,0.06117805406815688
1320,6,0.13428392822025872,0.0031,21.92,24.23678281240653,0.22115728613667493
1320,7,0.36150759949234657,0.00315,21.92,24.23678281240653,0.6049834664975497
1320,8,0.8781807226513091,0.0032,21.92,24.23678281240653,1.4929642168100115
1320,9,1.8689123777960583,0.0032,21.92,24.23678281240653,3.1772723226933266
1320,10,3.470626986858413,0.0032,21.92,24.23678281240653,5.900291099115983
1320,11,5.066741406678165,0.0032,21.92,24.23678281240653,8.613789190409811
1320,12,6.2456832483821,0.0032,21.92,24.23678281240653,10.61806682707907
1320,13,6.741612876061306,0.0032,21.92,24.23678281240653,11.461179376789357
1320,14,6.505073024176152,0.0032,21.92,24.23678281240653,11.059046278663612
1320,15,5.680394525003439,0.0032,21.92,24.23678281240653,9.657039313718753
1320,16,4.5230289865736895,0.0032,21.92,24.23678281240653,7.689442792779461
1320,17,3.3002530717851917,0.0032,21.92,24.23678281240653,5.610644387315928
1320,18,2.2143443693706564,0.0032,21.92,24.23678281240653,3.7645291246933663
1320,19,2.926190537658517,0.0016,21.92,24.23678281240653,2.4873569025192848
1344,0,0.00000220412291901,-0.0002,21.92,24.23678281240647,-0.00000023419699974
1344,1,0.00004101869971578,0.00025,21.92,24.23678281240647,0.0000054480040131
1344,2,0.00037449291529491,0.0007,21.92,24.23678281240647,0.00013926986897958
1344,3,0.00223568839029393,0.00115,21.92,24.23678281240647,0.00136591801473628
1344,4,0.00981501009341642,0.0016,21.92,24.23678281240647,0.00834307704504126
1344,5,0.03378777250436472,0.00235,21.92,24.23678281240647,0.04218353243386611
1344,6,0.09497083640826669,0.0031,21.92,24.23678281240647,0.15641106661499676
1344,7,0.2675942398026213,0.00315,21.92,24.23678281240647,0.44781932949100667
1344,8,0.6868131994777299,0.0032,21.92,24.23678281240647,1.1676270088886767
1344,9,1.5488032210480989,0.0032,21.92,24.23678281240647,2.633065983188313
1344,10,3.04752780293643,0.0032,21.92,24.23678281240647,5.180995030022171
1344,11,4.645121534666648,0.0032,21.92,24.23678281240647,7.897008047561651
1344,12,5.93426114590879,0.0032,21.92,24.23678281240647,10.088629043575112
1344,13,6.610611123585166,0.0032,21.92,24.23678281240647,11.238467896405423
1344,14,6.567555951990753,0.0032,21.92,24.23678281240647,11.165271310690121
1344,15,5.89823657877745,0.0032,21.92,24.23678281240647,10.027384941688219
1344,16,4.82875162407633,0.0032,21.92,24.23678281240647,8.209191115974475
1344,17,3.6232541162529888,0.0032,21.92,24.23678281240647,6.15976712360963
1344,18,2.501191403920919,0.0032,21.92,24.23678281240647,4.2521876979636435
1344,19,3.511118270915204,0.0016,21.92,24.23678281240647,2.984564454818719
1368,0,0.00000132802611164,-0.0002,21.92,24.23678281240641,-0.00000014110816064
1368,1,0.00002529651735251,0.00025,21.92,24.23678281240641,0.00000335982195947
1368,2,0.0002364720071534,0.0007,21.92,24.23678281240641,0.0000879413844923
1368,3,0.00144595453452014,0.00115,21.92,24.23678281240641,0.00088342156973451
1368,4,0.00650423458370172,0.0016,21.92,24.23678281240641,0.00552881043772381
1368,5,0.02295023713782499,0.00235,21.92,24.23678281240641,0.02865303039859447
1368,6,0.06614631238817291,0.0031,21.92,24.23678281240641,0.10893886654642865
1368,7,0.1952356680785908,0.00315,21.92,24.23678281240641,0.32672715988270906
1368,8,0.5302873236081939,0.0032,21.92,24.23678281240641,0.9015228623839118
1368,9,1.2694784085412434,0.0032,21.92,24.23678281240641,2.1581956755358327
1368,10,2.65163383784862,0.0032,21.92,24.23678281240641,4.5079495983908675
1368,11,4.223110896623192,0.0032,21.92,24.23678281240641,7.1795625771009846
1368,12,5.593729871240983,0.0032,21.92,24.23678281240641,9.509703778341722
1368,13,6.431950629398848,0.0032,21.92,24.23678281240641,10.934733462367182
1368,14,6.578929144107594,0.0032,21.92,24.23678281240641,11.184606475336029
1368,15,6.07503991127343,0.0032,21.92,24.23678281240641,10.327962080334938
1368,16,5.111260261377063,0.0032,21.92,24.23678281240641,8.689474132386351
1368,17,3.9416910018843305,0.0032,21.92,24.23678281240641,6.701130493696686
1368,18,2.7975886617163632,0.0032,21.92,24.23678281240641,4.75608227049903
1368,19,4.171817771215771,0.0016,21.92,24.23678281240641,3.546180467656572
